source_site,listing_id,listing_url,title,purchase_price,suburb,city,province,property_type,bedrooms,bathrooms,parking_spaces,garage,floor_area_sqm,land_area_sqm,levies,rates_taxes,description,listing_date,scraped_timestamp,pp_transaction_slug,pp_province_slug,pp_metro_slug,pp_city_slug,pp_suburb_slug,purchase_price_Rands
privateproperty,T5332132,https://www.privateproperty.co.za/for-sale/gauteng/johannesburg-metro/sandton/broadacres/T5332132,2 Bedroom Apartment in Broadacres,8900000.0,Broadacres,Sandton,Gauteng,Apartment,2.0,2.0,1.0,,85.0,5.0,2693.0,840.0,"2 Bedroom Apartment in Broadacres, Airbnb Opportunity Spacious Upstairs Two Bed Two Bath Apartment Airbnb Opportunity Spacious Upstair",11 Dec 2025,2026-03-27T16:32:22.940146+00:00,for-sale,gauteng,johannesburg-metro,sandton,broadacres,890000.0
privateproperty,T5405954,https://www.privateproperty.co.za/for-sale/gauteng/johannesburg-metro/north-riding-to-lanseria/sundowner/T5405954,2 Bedroom Apartment in Sundowner,8850000.0,Sundowner,North Riding To Lanseria,Gauteng,Apartment,2.0,1.0,1.0,,105.0,,1741.5,446.0,"2 Bedroom Apartment in Sundowner, High-demand, low-maintenance, a prime investment opportunity Whether you are stepping onto the pro",27 Feb 2026,2026-03-27T16:32:19.698613+00:00,for-sale,gauteng,johannesburg-metro,north-riding-to-lanseria,sundowner,885000.0
privateproperty,T5374159,https://www.privateproperty.co.za/for-sale/gauteng/johannesburg-metro/north-riding-to-lanseria/jackal-creek-northriding/jackal-creek-golf-estate/T5374159,2 Bedroom Apartment in Jackal Creek Golf Estate,8800000.0,Jackal Creek Northriding,North Riding To Lanseria,Gauteng,Apartment,2.0,2.0,3.0,,71.0,,2696.0,540.0,"2 Bedroom Apartment in Jackal Creek Golf Estate, Sunningdale Ground-Floor Apartment with Garden Views Wake up to serene views of lush indigenous ga",3 Feb 2026,2026-03-27T16:32:15.389505+00:00,for-sale,gauteng,johannesburg-metro,north-riding-to-lanseria,jackal-creek-northriding,880000.0
privateproperty,T5078482,https://www.privateproperty.co.za/for-sale/gauteng/johannesburg-metro/johannesburg-central/braamfontein/T5078482,2 Bedroom Apartment in Braamfontein,8600000.0,Braamfontein,Johannesburg Central,Gauteng,Apartment,2.0,1.0,,,90.0,,2517.0,568.0,"2 Bedroom Apartment in Braamfontein, A Rare gem in the heart of Johannesburg I''m excited to share details about a stunning apartment no",15 May 2025,2026-03-27T16:32:11.817664+00:00,for-sale,gauteng,johannesburg-metro,johannesburg-central,braamfontein,860000.0
privateproperty,T4938016,https://www.privateproperty.co.za/for-sale/gauteng/johannesburg-metro/sandton/lonehill/T4938016,2 Bedroom Apartment in Lonehill,8500000.0,Lonehill,Sandton,Gauteng,Apartment,2.0,1.0,1.0,,67.0,67.0,2103.0,830.0,"2 Bedroom Apartment in Lonehill, FOR SALE: 2-BEDROOM UNIT IN LONEHILL Bank-Assisted Sale This modern 2-bedroom, 1-bathroom unit in t",29 Jan 2025,2026-03-27T16:32:08.500709+00:00,for-sale,gauteng,johannesburg-metro,sandton,lonehill,850000.0
privateproperty,T5278116,https://www.privateproperty.co.za/for-sale/gauteng/johannesburg-metro/sandton/petervale/T5278116,1 Bedroom Apartment in Petervale,8500000.0,Petervale,Sandton,Gauteng,Apartment,1.0,1.0,1.0,,44.0,44.0,2000.0,1800.0,"1 Bedroom Apartment in Petervale, Stunning 1-Bed, 1-Bath Top-Floor Apartment Experience modern living at its finest in this immaculat",23 Oct 2025,2026-03-27T16:32:05.900476+00:00,for-sale,gauteng,johannesburg-metro,sandton,petervale,850000.0
privateproperty,T4209698,https://www.privateproperty.co.za/for-sale/gauteng/johannesburg-metro/sandton/sunninghill/T4209698,2 Bedroom Apartment in Sunninghill,8490000.0,Sunninghill,Sandton,Gauteng,Apartment,2.0,1.0,1.0,1.0,108.0,108.0,3500.0,856.0,"2 Bedroom Apartment in Sunninghill, Gorgeous Two Bed Loft SOLE MANDATE - NEW RELEASE - PRICED TO SELL Inviting serious buyers to view",12 Jun 2023,2026-03-27T16:32:03.081591+00:00,for-sale,gauteng,johannesburg-metro,sandton,sunninghill,849000.0
privateproperty,T5407338,https://www.privateproperty.co.za/for-sale/gauteng/johannesburg-metro/north-riding-to-lanseria/jackal-creek-northriding/jackal-creek-golf-estate/T5407338,2 Bedroom Apartment in Jackal Creek Golf Estate,8400000.0,Jackal Creek Northriding,North Riding To Lanseria,Gauteng,Apartment,2.0,1.0,3.0,,60.0,,2348.0,718.0,"2 Bedroom Apartment in Jackal Creek Golf Estate, Kingsbarns This two-bedroom apartment is located on the first floor with beautiful views of the ind",28 Feb 2026,2026-03-27T16:31:59.232780+00:00,for-sale,gauteng,johannesburg-metro,north-riding-to-lanseria,jackal-creek-northriding,840000.0
privateproperty,T5144532,https://www.privateproperty.co.za/for-sale/gauteng/johannesburg-metro/sandton/lonehill/T5144532,1 Bedroom Apartment in Lonehill,8300000.0,Lonehill,Sandton,Gauteng,Apartment,1.0,1.0,1.0,,49.0,49.0,2572.0,920.0,"1 Bedroom Apartment in Lonehill, Inviting buyers between R779 000 and R830 000 to view and negotiate This neat and sunny 1-bedroom,",8 Jul 2025,2026-03-27T16:31:56.563255+00:00,for-sale,gauteng,johannesburg-metro,sandton,lonehill,830000.0
privateproperty,T5132495,https://www.privateproperty.co.za/for-sale/gauteng/johannesburg-metro/midrand/halfway-gardens/T5132495,2 Bedroom Apartment in Halfway Gardens,8000000.0,Halfway Gardens,Midrand,Gauteng,Apartment,2.0,1.0,1.0,1.0,71.0,71.0,1406.0,783.0,"2 Bedroom Apartment in Halfway Gardens, Step into this beautifully renovated 2-bedroom, 1-bathroom apartment that blends modern comfort with",27 Jun 2025,2026-03-27T16:31:52.651686+00:00,for-sale,gauteng,johannesburg-metro,midrand,halfway-gardens,800000.0
privateproperty,T5425735,https://www.privateproperty.co.za/for-sale/gauteng/johannesburg-metro/sandton/fourways/T5425735,2 Bedroom Apartment in Fourways,7990000.0,Fourways,Sandton,Gauteng,Apartment,2.0,1.0,2.0,,73.0,,2228.0,978.0,"2 Bedroom Apartment in Fourways, Step into modern comfort with this beautifully presented two-bedroom apartment, perfectly positioned",16 Mar 2026,2026-03-27T16:31:49.867484+00:00,for-sale,gauteng,johannesburg-metro,sandton,fourways,799000.0
privateproperty,T5404329,https://www.privateproperty.co.za/for-sale/gauteng/johannesburg-metro/sandton/paulshof/T5404329,2 Bedroom Apartment in Paulshof,7990000.0,Paulshof,Sandton,Gauteng,Apartment,2.0,2.0,1.0,,58.0,,2465.0,588.0,"2 Bedroom Apartment in Paulshof, Gorgeous, Cosy 2-Bedroom, 2-Bathroom Garden Unit This charming and well-maintained unit offers com",26 Feb 2026,2026-03-27T16:31:47.262541+00:00,for-sale,gauteng,johannesburg-metro,sandton,paulshof,799000.0
privateproperty,T5026106,https://www.privateproperty.co.za/for-sale/gauteng/johannesburg-metro/sandton/paulshof/T5026106,2 Bedroom Apartment in Paulshof,7980000.0,Paulshof,Sandton,Gauteng,Apartment,2.0,1.0,,,62.0,62.0,1311.0,469.0,"2 Bedroom Apartment in Paulshof, Looking for a stylish 2-bed, 1-bath apartment in a prime location This move-in-ready gem, nestled be",1 Apr 2025,2026-03-27T16:31:44.332287+00:00,for-sale,gauteng,johannesburg-metro,sandton,paulshof,798000.0
privateproperty,T5124844,https://www.privateproperty.co.za/for-sale/gauteng/johannesburg-metro/north-riding-to-lanseria/jackal-creek-northriding/jackal-creek-golf-estate/T5124844,2 Bedroom Apartment in Jackal Creek Golf Estate,7980000.0,Jackal Creek Northriding,North Riding To Lanseria,Gauteng,Apartment,2.0,1.0,3.0,,59.0,,2500.0,690.0,"2 Bedroom Apartment in Jackal Creek Golf Estate, Wentworth 1st Floor, 2 Bedroom, 1 Bathroom at Wentworth Open plan, tiled, kitchen has modern finish",22 Jun 2025,2026-03-27T16:31:40.811095+00:00,for-sale,gauteng,johannesburg-metro,north-riding-to-lanseria,jackal-creek-northriding,798000.0
privateproperty,T4570469,https://www.privateproperty.co.za/for-sale/gauteng/johannesburg-metro/sandton/paulshof/T4570469,1 Bedroom Apartment in Paulshof,7950000.0,Paulshof,Sandton,Gauteng,Apartment,1.0,1.0,,,71.0,,2065.0,480.0,"1 Bedroom Apartment in Paulshof, Welcome to Via Positano in Paulshof, where luxury meets convenience in this stunning 1.5-bedroom, 1-",21 Jan 2025,2026-03-27T16:31:37.188839+00:00,for-sale,gauteng,johannesburg-metro,sandton,paulshof,795000.0
privateproperty,T5415366,https://www.privateproperty.co.za/for-sale/gauteng/johannesburg-metro/north-riding-to-lanseria/jackal-creek-northriding/jackal-creek-golf-estate/T5415366,2 Bedroom Apartment in Jackal Creek Golf Estate,7950000.0,Jackal Creek Northriding,North Riding To Lanseria,Gauteng,Apartment,2.0,2.0,3.0,,71.0,,2933.0,766.0,"2 Bedroom Apartment in Jackal Creek Golf Estate, Modern Open-Plan Living in Oak Hill Layout: Enjoy seamless flow in this fully tiled open plan flat,",6 Mar 2026,2026-03-27T16:31:33.264172+00:00,for-sale,gauteng,johannesburg-metro,north-riding-to-lanseria,jackal-creek-northriding,795000.0
privateproperty,T5144504,https://www.privateproperty.co.za/for-sale/gauteng/johannesburg-metro/sandton/lonehill/T5144504,1 Bedroom Apartment in Lonehill,7900000.0,Lonehill,Sandton,Gauteng,Apartment,1.0,1.0,1.0,,49.0,49.0,2572.0,800.0,"1 Bedroom Apartment in Lonehill, Inviting buyers between R669 000 and R790 000 to view and negotiate This sunny and spacious 1-bedro",8 Jul 2025,2026-03-27T16:31:30.394586+00:00,for-sale,gauteng,johannesburg-metro,sandton,lonehill,790000.0
privateproperty,T5272523,https://www.privateproperty.co.za/for-sale/gauteng/johannesburg-metro/midrand/noordwyk/T5272523,2 Bedroom Apartment in Noordwyk,7800000.0,Noordwyk,Midrand,Gauteng,Apartment,2.0,1.0,2.0,,43.0,43.0,815.0,748.0,"2 Bedroom Apartment in Noordwyk, This stylish and spacious 2-bedroom, 1-bathroom, 1st-floor, corner apartment offers the cosy blend o",20 Oct 2025,2026-03-27T16:31:27.454651+00:00,for-sale,gauteng,johannesburg-metro,midrand,noordwyk,780000.0
privateproperty,T5143775,https://www.privateproperty.co.za/for-sale/gauteng/johannesburg-metro/sandton/fourways/T5143775,1 Bedroom Apartment in Fourways,7700000.0,Fourways,Sandton,Gauteng,Apartment,1.0,1.0,2.0,,,77.0,2194.0,544.0,"1 Bedroom Apartment in Fourways, Stylish Loft Living in the Heart of Fourways Modern and airy, this stylish 1-bedroom loft apartment",8 Jul 2025,2026-03-27T16:31:24.904461+00:00,for-sale,gauteng,johannesburg-metro,sandton,fourways,770000.0
privateproperty,T5133083,https://www.privateproperty.co.za/for-sale/gauteng/johannesburg-metro/north-riding-to-lanseria/jackal-creek-northriding/jackal-creek-golf-estate/T5133083,2 Bedroom Apartment in Jackal Creek Golf Estate,7600000.0,Jackal Creek Northriding,North Riding To Lanseria,Gauteng,Apartment,2.0,2.0,3.0,,71.0,,3100.0,1029.0,"2 Bedroom Apartment in Jackal Creek Golf Estate, Sunningdale 2-Bedroom Apartment View by appointment only Modern 2nd-floor apartment with high ceil",28 Jun 2025,2026-03-27T16:31:21.623697+00:00,for-sale,gauteng,johannesburg-metro,north-riding-to-lanseria,jackal-creek-northriding,760000.0
privateproperty,T4674523,https://www.privateproperty.co.za/for-sale/gauteng/johannesburg-metro/sandton/lonehill/T4674523,1 Bedroom Apartment in Lonehill,7500000.0,Lonehill,Sandton,Gauteng,Apartment,1.0,1.0,2.0,,45.0,45.0,2100.0,800.0,"1 Bedroom Apartment in Lonehill, Ground floor Modern Studio Apartment in Casablanca, Lonehill Studio Apartment for Sale in Lonehill",23 Sep 2025,2026-03-27T16:31:18.746990+00:00,for-sale,gauteng,johannesburg-metro,sandton,lonehill,750000.0
privateproperty,T5139009,https://www.privateproperty.co.za/for-sale/gauteng/johannesburg-metro/randburg/ferndale/T5139009,2 Bedroom Apartment in Ferndale,7499950.0,Ferndale,Randburg,Gauteng,Apartment,2.0,1.0,2.0,1.0,86.0,4.0,1126.0,865.0,"2 Bedroom Apartment in Ferndale, Modern comfort meets ideal location Discover this beautifully renovated two-bedroom apartment for s",3 Jul 2025,2026-03-27T16:31:15.932266+00:00,for-sale,gauteng,johannesburg-metro,randburg,ferndale,749995.0
privateproperty,T5298722,https://www.privateproperty.co.za/for-sale/gauteng/johannesburg-metro/north-riding-to-lanseria/jackal-creek-northriding/jackal-creek-golf-estate/T5298722,1 Bedroom Apartment in Jackal Creek Golf Estate,7200000.0,Jackal Creek Northriding,North Riding To Lanseria,Gauteng,Apartment,1.0,1.0,3.0,,55.0,,2650.0,715.0,"1 Bedroom Apartment in Jackal Creek Golf Estate, Ground-Floor Gem with Garden Views Investors Dream Tenanted Lock-Up n Go Step into effortless est",10 Nov 2025,2026-03-27T16:31:12.428089+00:00,for-sale,gauteng,johannesburg-metro,north-riding-to-lanseria,jackal-creek-northriding,720000.0
privateproperty,T5307321,https://www.privateproperty.co.za/for-sale/gauteng/johannesburg-metro/north-riding-to-lanseria/noordhang/T5307321,2 Bedroom Apartment in Noordhang,7200000.0,Noordhang,North Riding To Lanseria,Gauteng,Apartment,2.0,1.0,1.0,,60.0,,1364.0,453.0,"2 Bedroom Apartment in Noordhang, Top Floor - 2 Bedroom Apartment Nestled in a serene and tranquil neighborhood, this delightful apar",17 Nov 2025,2026-03-27T16:31:08.794701+00:00,for-sale,gauteng,johannesburg-metro,north-riding-to-lanseria,noordhang,720000.0
privateproperty,T4849956,https://www.privateproperty.co.za/for-sale/gauteng/johannesburg-metro/midrand/vorna-valley/T4849956,2 Bedroom Apartment in Vorna Valley,7000000.0,Vorna Valley,Midrand,Gauteng,Apartment,2.0,1.0,,,61.0,61.0,1017.0,502.0,"2 Bedroom Apartment in Vorna Valley, This lovely unit is located at Limnos Village, which is one of the most sought-after complexes in Vo",1 Nov 2024,2026-03-27T16:31:05.792822+00:00,for-sale,gauteng,johannesburg-metro,midrand,vorna-valley,700000.0
privateproperty,T5371161,https://www.privateproperty.co.za/for-sale/gauteng/johannesburg-metro/north-riding-to-lanseria/jackal-creek-northriding/jackal-creek-golf-estate/T5371161,1 Bedroom Apartment in Jackal Creek Golf Estate,7000000.0,Jackal Creek Northriding,North Riding To Lanseria,Gauteng,Apartment,1.0,1.0,3.0,,74.0,,2795.0,765.0,"1 Bedroom Apartment in Jackal Creek Golf Estate, Immaculate 1-Bedroom Apartment with Loft in Pinehurst Discover this pristine second floor, 1-bedroo",30 Jan 2026,2026-03-27T16:31:01.771118+00:00,for-sale,gauteng,johannesburg-metro,north-riding-to-lanseria,jackal-creek-northriding,700000.0
privateproperty,T5372013,https://www.privateproperty.co.za/for-sale/gauteng/johannesburg-metro/sandton/lonehill/T5372013,1 Bedroom Apartment in Lonehill,7000000.0,Lonehill,Sandton,Gauteng,Apartment,1.0,1.0,2.0,,50.0,,358.0,1340.0,"1 Bedroom Apartment in Lonehill, 1 Bed 1 Bath apartment.Lonehill Second-Floor 1 Bedroom, 1 Bathroom Apartment to Rent Beverly Lone",1 Feb 2026,2026-03-27T16:30:57.464497+00:00,for-sale,gauteng,johannesburg-metro,sandton,lonehill,700000.0
privateproperty,T5360031,https://www.privateproperty.co.za/for-sale/gauteng/johannesburg-metro/sandton/douglasdale/T5360031,1 Bedroom Apartment in Douglasdale,6950000.0,Douglasdale,Sandton,Gauteng,Apartment,1.0,1.0,1.0,,57.0,,2216.0,831.0,"1 Bedroom Apartment in Douglasdale, Please contact agent should you wish to attend the Show House for access info. Sole Mandate: This l",22 Jan 2026,2026-03-27T16:30:53.896381+00:00,for-sale,gauteng,johannesburg-metro,sandton,douglasdale,695000.0
privateproperty,T5343571,https://www.privateproperty.co.za/for-sale/gauteng/johannesburg-metro/randburg/bloubosrand/T5343571,2 Bedroom Apartment in Bloubosrand,6900000.0,Bloubosrand,Randburg,Gauteng,Apartment,2.0,1.0,1.0,,70.0,70.0,2061.0,454.0,"2 Bedroom Apartment in Bloubosrand, Great Opportunity. Calling all Investors and first time buyers Looking for a great investment or",7 Jan 2026,2026-03-27T16:30:50.788329+00:00,for-sale,gauteng,johannesburg-metro,randburg,bloubosrand,690000.0
privateproperty,T5040441,https://www.privateproperty.co.za/for-sale/gauteng/johannesburg-metro/midrand/vorna-valley/T5040441,2 Bedroom Apartment in Vorna Valley,6800000.0,Vorna Valley,Midrand,Gauteng,Apartment,2.0,1.0,,,62.0,62.0,1900.0,600.0,"2 Bedroom Apartment in Vorna Valley, This lovely unit is situated in Silkwood, which is one of the most sought-after complexes in Vorna V",11 Apr 2025,2026-03-27T16:30:46.875566+00:00,for-sale,gauteng,johannesburg-metro,midrand,vorna-valley,680000.0
privateproperty,T5348812,https://www.privateproperty.co.za/for-sale/gauteng/johannesburg-metro/sandton/fourways/T5348812,1 Bedroom Apartment in Fourways,6700000.0,Fourways,Sandton,Gauteng,Apartment,1.0,1.0,1.0,,58.0,,1819.0,943.0,"1 Bedroom Apartment in Fourways, Please contact agent should you wish to attend the Show House for access info. SOLE MANDATE This",13 Jan 2026,2026-03-27T16:30:43.650733+00:00,for-sale,gauteng,johannesburg-metro,sandton,fourways,670000.0
privateproperty,T5358999,https://www.privateproperty.co.za/for-sale/gauteng/johannesburg-metro/sandton/douglasdale/T5358999,1 Bedroom Apartment in Douglasdale,6700000.0,Douglasdale,Sandton,Gauteng,Apartment,1.0,1.0,1.0,,49.0,,2316.0,831.0,"1 Bedroom Apartment in Douglasdale, Please contact agent should you wish to attend the Show House for access info. This neat and well-p",21 Jan 2026,2026-03-27T16:30:40.525220+00:00,for-sale,gauteng,johannesburg-metro,sandton,douglasdale,670000.0
privateproperty,T5215229,https://www.privateproperty.co.za/for-sale/gauteng/johannesburg-metro/midrand/barbeque-downs/T5215229,1 Bedroom Apartment in Barbeque Downs,6500000.0,Barbeque Downs,Midrand,Gauteng,Apartment,1.0,1.0,1.0,1.0,46.0,46.0,640.0,2176.0,"1 Bedroom Apartment in Barbeque Downs, Discover the perfect balance of comfort, convenience, and contemporary living in this stylish 1-bedr",3 Sep 2025,2026-03-27T16:30:37.108244+00:00,for-sale,gauteng,johannesburg-metro,midrand,barbeque-downs,650000.0
privateproperty,T5346768,https://www.privateproperty.co.za/for-sale/gauteng/johannesburg-metro/north-riding-to-lanseria/jackal-creek-northriding/jackal-creek-golf-estate/T5346768,1 Bedroom Apartment in Jackal Creek Golf Estate,6200000.0,Jackal Creek Northriding,North Riding To Lanseria,Gauteng,Apartment,1.0,1.0,3.0,,50.0,,2600.0,561.0,"1 Bedroom Apartment in Jackal Creek Golf Estate, Sunningdale Stylish One-Bedroom Apartment Apartment Features First-floor living with open-",11 Jan 2026,2026-03-27T16:30:33.671935+00:00,for-sale,gauteng,johannesburg-metro,north-riding-to-lanseria,jackal-creek-northriding,620000.0
privateproperty,T5317027,https://www.privateproperty.co.za/for-sale/gauteng/johannesburg-metro/north-riding-to-lanseria/jackal-creek-northriding/T5317027,1 Bedroom Apartment in Jackal Creek (Northriding),5700000.0,Jackal Creek Northriding,North Riding To Lanseria,Gauteng,Apartment,1.0,1.0,1.0,,47.0,,1733.0,218.0,"1 Bedroom Apartment in Jackal Creek (Northriding), 1 Bedroom First Floor Apartment - with Full Bathroom Live the Lifestyle in this amazing estate, and",25 Nov 2025,2026-03-27T16:30:29.438255+00:00,for-sale,gauteng,johannesburg-metro,north-riding-to-lanseria,jackal-creek-northriding,570000.0
privateproperty,T5352926,https://www.privateproperty.co.za/for-sale/gauteng/johannesburg-metro/randburg/kensington-b/T5352926,1 Bedroom Apartment in Kensington B,5500000.0,Kensington B,Randburg,Gauteng,Apartment,1.0,1.0,1.0,1.0,69.0,,827.0,818.6600895522388,"1 Bedroom Apartment in Kensington B, Its the right time to invest in Kensington B ! Its too expensive to live in Sandton so this is affor",16 Jan 2026,2026-03-27T16:30:26.806788+00:00,for-sale,gauteng,johannesburg-metro,randburg,kensington-b,550000.0
privateproperty,T5380739,https://www.privateproperty.co.za/for-sale/gauteng/johannesburg-metro/north-riding-to-lanseria/northgate/T5380739,2 Bedroom Apartment in Northgate,5300000.0,Northgate,North Riding To Lanseria,Gauteng,Apartment,2.0,1.0,2.0,,54.0,,1641.0,400.0,"2 Bedroom Apartment in Northgate, Spacious two bed unit priced to go this spacious, bright upstairs apartment offers an ideal lock-u",7 Feb 2026,2026-03-27T16:30:23.386759+00:00,for-sale,gauteng,johannesburg-metro,north-riding-to-lanseria,northgate,530000.0
privateproperty,T5335959,https://www.privateproperty.co.za/for-sale/gauteng/johannesburg-metro/northcliff/auckland-park/T5335959,1 Bedroom Apartment in Auckland Park,4900000.0,Auckland Park,Northcliff,Gauteng,Apartment,1.0,1.0,1.0,,41.0,41.0,1500.0,1274.0,"1 Bedroom Apartment in Auckland Park, Top-Floor One-Bedroom Studio Apartment in Milpark Mews For Sale Discover this well-maintained, mode",16 Dec 2025,2026-03-27T16:30:19.395027+00:00,for-sale,gauteng,johannesburg-metro,northcliff,auckland-park,490000.0
privateproperty,T5191726,https://www.privateproperty.co.za/for-sale/gauteng/johannesburg-metro/randburg/ferndale/T5191726,2 Bedroom Apartment in Ferndale,4300000.0,Ferndale,Randburg,Gauteng,Apartment,2.0,1.0,1.0,,69.0,4.0,1852.1,207.0,"2 Bedroom Apartment in Ferndale, Warm & Inviting 2-Bedroom Apartment in a Secure Apartment Block Step into comfort and convenience w",14 Aug 2025,2026-03-27T16:30:15.487150+00:00,for-sale,gauteng,johannesburg-metro,randburg,ferndale,430000.0
privateproperty,T5155622,https://www.privateproperty.co.za/for-sale/gauteng/johannesburg-metro/rosebank-and-parktown/melrose-arch/401-fourty-on-oak/18-whitely/T5155622,3 Bedroom Apartment in Melrose Arch,59999950.0,Melrose Arch,Rosebank And Parktown,Gauteng,Apartment,3.0,3.0,2.0,2.0,191.0,5.0,3494.0,4236.0,"3 Bedroom Apartment in Melrose Arch, 401 fourty on oak, 18 whitely, Live in the lap of luxury in a sought after suburb SHOW HOUSE ON 6 DECEMBER BY APPOINTMENT ONLY Wel",17 Jul 2025,2026-03-27T16:30:12.622873+00:00,for-sale,gauteng,johannesburg-metro,rosebank-and-parktown,melrose-arch,5999995.0
privateproperty,T5116355,https://www.privateproperty.co.za/for-sale/gauteng/johannesburg-metro/johannesburg-south/bassonia/106-bassiona-sun-estate/222-comaro/T5116355,3 Bedroom Apartment in Bassonia,20000000.0,Bassonia,Johannesburg South,Gauteng,Apartment,3.0,2.0,4.0,2.0,,,1253.2,2007.5,"3 Bedroom Apartment in Bassonia, 106 bassiona sun estate, 222 comaro, Positioned high within the heart of Bassonia, this home enjoys uninterrupted views and offers a sens",13 Jun 2025,2026-03-27T16:29:57.041873+00:00,for-sale,gauteng,johannesburg-metro,johannesburg-south,bassonia,2000000.0
privateproperty,T5360158,https://www.privateproperty.co.za/for-sale/gauteng/johannesburg-metro/midrand/waterfall-estate/512-kikuyu/1-corner-maxwell-pretoria-main-road/T5360158,3 Bedroom Apartment in Waterfall Estate,17500000.0,Waterfall Estate,Midrand,Gauteng,Apartment,3.0,2.0,4.0,,110.0,4.0,1633.0,1233.0,"3 Bedroom Apartment in Waterfall Estate, 512 kikuyu, 1 corner maxwell & pretoria main road, 3 Bedroom 2 Bathroom Ground Floor Apartment For Sale-Kikuyu Waterfall Spacious GROUND FLOOR apartme",22 Jan 2026,2026-03-27T16:29:53.168982+00:00,for-sale,gauteng,johannesburg-metro,midrand,waterfall-estate,1750000.0
privateproperty,T5306915,https://www.privateproperty.co.za/for-sale/gauteng/johannesburg-metro/north-riding-to-lanseria/north-riding/mf267-isabel-estate/267-dexter-road/T5306915,3 Bedroom Apartment in North Riding,11950000.0,North Riding,North Riding To Lanseria,Gauteng,Apartment,3.0,2.0,2.0,,90.0,,2450.0,779.0,"3 Bedroom Apartment in North Riding, mf267 isabel estate, 267 dexter road, Welcome to Isabel Estate Modern Living with Spectacular City Views! Occupying a prime position wit",17 Nov 2025,2026-03-27T16:29:50.362214+00:00,for-sale,gauteng,johannesburg-metro,north-riding-to-lanseria,north-riding,1195000.0
privateproperty,T5355619,https://www.privateproperty.co.za/for-sale/gauteng/johannesburg-metro/sandton/douglasdale/551-kalgaro-estate/69-swallow-drive/T5355619,2 Bedroom Apartment in Douglasdale,10990000.0,Douglasdale,Sandton,Gauteng,Apartment,2.0,2.0,2.0,,72.0,,1237.0,592.0,"2 Bedroom Apartment in Douglasdale, 551 kalgaro estate, 69 swallow drive, Stunning 2 Bed 2 Bath Apartment for Sale! Discover Your Dream Home! Experience the epitome of",19 Jan 2026,2026-03-27T16:29:46.327382+00:00,for-sale,gauteng,johannesburg-metro,sandton,douglasdale,1099000.0
privateproperty,T5056804,https://www.privateproperty.co.za/for-sale/gauteng/johannesburg-metro/sandton/paulshof/38-the-algarve/23-mount-fletcher/T5056804,2 Bedroom Apartment in Paulshof,9600000.0,Paulshof,Sandton,Gauteng,Apartment,2.0,2.0,2.0,,70.0,,373.0,2986.0,"2 Bedroom Apartment in Paulshof, 38 the algarve, 23 mount fletcher, 2 Bed, 2 Bath Ground Floor Apartment - Paulshof Wow! What An Amazing Renovation! Offers From R 960",26 Apr 2025,2026-03-27T16:29:42.511338+00:00,for-sale,gauteng,johannesburg-metro,sandton,paulshof,960000.0
privateproperty,T5121325,https://www.privateproperty.co.za/for-sale/gauteng/johannesburg-metro/randburg/randpark-ridge/mf24-manor-park/24-pongola-avenue/T5121325,2 Bedroom Apartment in Randpark Ridge,8300000.0,Randpark Ridge,Randburg,Gauteng,Apartment,2.0,2.0,1.0,,73.0,3.0,1073.0,418.0,"2 Bedroom Apartment in Randpark Ridge, mf24 manor park, 24 pongola avenue, Ideal Investment Opportunity This first-floor, renovated apartment is situated in the Manor Park co",19 Jun 2025,2026-03-27T16:29:38.275183+00:00,for-sale,gauteng,johannesburg-metro,randburg,randpark-ridge,830000.0
privateproperty,T5153344,https://www.privateproperty.co.za/for-sale/gauteng/johannesburg-metro/sandton/fourways/171-the-william/1-broadacres-drive-east/T5153344,1 Bedroom Apartment in Fourways,7490000.0,Fourways,Sandton,Gauteng,Apartment,1.0,1.0,2.0,,53.0,,850.0,564.0,"1 Bedroom Apartment in Fourways, 171 the william, 1 broadacres drive east, Stunning 1 Bedroom Apartment For Sale!!! Discover your dream home in this stunning 1-bedroom, 1-bat",15 Jul 2025,2026-03-27T16:29:34.744201+00:00,for-sale,gauteng,johannesburg-metro,sandton,fourways,749000.0
privateproperty,T5270609,https://www.privateproperty.co.za/for-sale/gauteng/johannesburg-metro/randburg/ferndale/xx-ferndale-village/362-main-avenue/T5270609,2 Bedroom Apartment in Ferndale,6990000.0,Ferndale,Randburg,Gauteng,Apartment,2.0,1.0,1.0,,70.0,8.0,2596.0,819.0,"2 Bedroom Apartment in Ferndale, xx ferndale village, 362 main avenue, Christmas Special at R699 000 Per Unit - Dont miss out! BUY WITH NO CASH REQUIRED - THE PURCHASE PR",17 Oct 2025,2026-03-27T16:29:32.089956+00:00,for-sale,gauteng,johannesburg-metro,randburg,ferndale,699000.0
privateproperty,T5347206,https://www.privateproperty.co.za/for-sale/gauteng/johannesburg-metro/north-riding-to-lanseria/north-riding/85-northumberland-park/4-dexter-road/T5347206,2 Bedroom Apartment in North Riding,6700000.0,North Riding,North Riding To Lanseria,Gauteng,Apartment,2.0,1.0,1.0,,66.0,66.0,1198.0,337.0,"2 Bedroom Apartment in North Riding, 85 northumberland park, 4 dexter road, Neat, secure, spacious and modern ground floor unit Discover the perfect blend of comfort and conv",12 Jan 2026,2026-03-27T16:29:29.405747+00:00,for-sale,gauteng,johannesburg-metro,north-riding-to-lanseria,north-riding,670000.0
privateproperty,T5337278,https://www.privateproperty.co.za/for-sale/gauteng/johannesburg-metro/sandton/paulshof/00-high-meadow-grove/9-estelle-road/T5337278,1 Bedroom Apartment in Paulshof,5990000.0,Paulshof,Sandton,Gauteng,Apartment,1.0,1.0,2.0,,50.0,8.0,1214.0,287.0,"1 Bedroom Apartment in Paulshof, high meadow grove, 9 estelle road, 1 Bed 1 Bath Garden Apartment - Paulshof Fabulous Garden Unit! Offers From R600,000 Seller Asking",18 Dec 2025,2026-03-27T16:29:26.845457+00:00,for-sale,gauteng,johannesburg-metro,sandton,paulshof,599000.0
privateproperty,T3888201,https://www.privateproperty.co.za/for-sale/gauteng/johannesburg-metro/northcliff/albertville/26-van-zyle/T3888201,1 Bedroom Apartment in Albertville,5000000.0,Albertville,Northcliff,Gauteng,Apartment,1.0,1.0,1.0,,,,1027.0,400.0,"1 Bedroom Apartment in Albertville, 26 van zyle, One bedroom apartment for sale R500 000 Gorgeous one bedroom apartment in a secure and well-managed",5 Jun 2025,2026-03-27T16:29:23.289739+00:00,for-sale,gauteng,johannesburg-metro,northcliff,albertville,500000.0
privateproperty,T11729,https://www.privateproperty.co.za/for-sale/gauteng/johannesburg-metro/bedfordview/bedford-gardens/1101-agulhas-complex/18-kirkby-road/T11729,3 Bedroom Apartment in Bedford Gardens,23500000.0,Bedford Gardens,Bedfordview,Gauteng,Apartment,2.0,2.0,,,,,3500.0,2000.0,"3 Bedroom Apartment in Bedford Gardens, 1101 agulhas complex, 18 kirkby road, 150 SQM NEVER TO B REPEATED 3 BEDROOMS 2 BATHS 11 TH FLOOR APARTMENT 150 SQM BASEMENT BAY 81 SANITAR",27 Jan 2025,2026-03-27T16:29:19.655778+00:00,for-sale,gauteng,johannesburg-metro,bedfordview,bedford-gardens,2350000.0
privateproperty,T5043764,https://www.privateproperty.co.za/for-sale/gauteng/johannesburg-metro/northcliff/northcliff/9-mile-high/49-highcliff-way/T5043764,3 Bedroom Apartment in Northcliff,19990000.0,Northcliff,Northcliff,Gauteng,Apartment,3.0,3.0,2.0,,160.0,2.0,3150.0,2765.1176470588234,"3 Bedroom Apartment in Northcliff, 9 mile high, 49 highcliff way, FABULOUS - SPACIOUS - SECURE - VIEWS - PRIVATE SAUNA Serious Seller ! Fabulous, modern, spacious an",14 Apr 2025,2026-03-27T16:29:15.468062+00:00,for-sale,gauteng,johannesburg-metro,northcliff,northcliff,1999000.0
privateproperty,T5337927,https://www.privateproperty.co.za/for-sale/gauteng/johannesburg-metro/johannesburg-central/corlett-gardens/3f5s-rocklands/2-rocky-place/T5337927,2 Bedroom Apartment in Corlett Gardens,9350000.0,Corlett Gardens,Johannesburg Central,Gauteng,Apartment,2.0,2.0,,,95.0,,1938.8333333333333,954.7727272727273,"2 Bedroom Apartment in Corlett Gardens, 3f5s rocklands, 2 rocky place, Charming 2-Bedroom Ground Floor Unit in Rocklands. Located in the secure and sought-after Corlett G",19 Dec 2025,2026-03-27T16:29:11.131752+00:00,for-sale,gauteng,johannesburg-metro,johannesburg-central,corlett-gardens,935000.0
privateproperty,T5310022,https://www.privateproperty.co.za/for-sale/gauteng/johannesburg-metro/randburg/bloubosrand/25-petra-nera/14-riverbend-rd/T5310022,3 Bedroom Apartment in Bloubosrand,7990000.0,Bloubosrand,Randburg,Gauteng,Apartment,3.0,2.0,4.0,,98.0,,2061.0,454.0,"3 Bedroom Apartment in Bloubosrand, 25 petra nera, 14 riverbend rd., Top First Floor Apartment in Sought-After Complex! Top Unit 3 bedroom Apartment in a well run compl",19 Nov 2025,2026-03-27T16:29:07.970724+00:00,for-sale,gauteng,johannesburg-metro,randburg,bloubosrand,799000.0
privateproperty,T4848627,https://www.privateproperty.co.za/for-sale/gauteng/johannesburg-metro/randburg/ferndale/343-oak-avenue/T4848627,2 Bedroom Apartment in Ferndale,7500000.0,Ferndale,Randburg,Gauteng,Apartment,2.0,1.0,2.0,,,,1400.0,700.0,"2 Bedroom Apartment in Ferndale, 343 oak avenue, Prime Location! This spacious two-bedroom unit offers comfort, security, and convenience, making it",26 Mar 2026,2026-03-27T16:29:04.584529+00:00,for-sale,gauteng,johannesburg-metro,randburg,ferndale,750000.0
privateproperty,T4860999,https://www.privateproperty.co.za/for-sale/gauteng/johannesburg-metro/soweto/jabulani/1-jabulani-junction/1-matjhabeng-street/T4860999,2 Bedroom Apartment in Jabulani,6599000.0,Jabulani,Soweto,Gauteng,Apartment,2.0,1.0,1.0,,,,1120.0,362.0,"2 Bedroom Apartment in Jabulani, 1 jabulani junction, 1 matjhabeng street, All costs are included Neighboring the Jabulani Mall, Soweto Theatre, and Stadium, with easy access",11 Nov 2024,2026-03-27T16:29:02.049451+00:00,for-sale,gauteng,johannesburg-metro,soweto,jabulani,659900.0
privateproperty,T5261840,https://www.privateproperty.co.za/for-sale/gauteng/johannesburg-metro/north-riding-to-lanseria/jackal-creek-northriding/jackal-creek-golf-estate/mb100-kingsbarn/100-boundary-road/T5261840,1 Bedroom Apartment in Jackal Creek Golf Estate,6500000.0,Jackal Creek Northriding,North Riding To Lanseria,Gauteng,Apartment,1.0,1.0,1.0,,50.0,,2571.846153846154,690.0,"1 Bedroom Apartment in Jackal Creek Golf Estate, mb100 kingsbarn, 100 boundary road, Amazing Location in Kingsbarn Jackal Creek Stunning 1 Bedroom 1 Bath upstairs apartment for first t",10 Oct 2025,2026-03-27T16:28:58.439629+00:00,for-sale,gauteng,johannesburg-metro,north-riding-to-lanseria,jackal-creek-northriding,650000.0
privateproperty,T3466296,https://www.privateproperty.co.za/for-sale/gauteng/johannesburg-metro/sandton/sandhurst/00-embassy-towers/4-galway-place/T3466296,2 Bedroom Apartment in Sandhurst,99000000.0,Sandhurst,Sandton,Gauteng,Apartment,2.0,2.5,2.0,,163.0,8.0,9306.0,4310.0,"2 Bedroom Apartment in Sandhurst, embassy towers, 4 galway place, No transfer duty applicable. Price of R 9.9 mill includes VAT. Impressive apartment in iconic reside",19 Oct 2021,2026-03-27T16:28:55.200875+00:00,for-sale,gauteng,johannesburg-metro,sandton,sandhurst,9900000.0
privateproperty,T10866,https://www.privateproperty.co.za/for-sale/gauteng/johannesburg-metro/bedfordview/bedford-gardens/104-villa-abrosia/16-kirkby-road/T10866,3 Bedroom Apartment in Bedford Gardens,45000000.0,Bedford Gardens,Bedfordview,Gauteng,Apartment,3.0,2.0,2.0,,156.0,,3200.0,1527.0,"3 Bedroom Apartment in Bedford Gardens, 104 villa abrosia, 16 kirkby road, RARE FIND, BEST UNIT ON THE MARKET! 156 SQM 3 BED 2 BATH, WALKING DISTANCE TO ALL MAJOR RETAIL SHOP",20 Sep 2022,2026-03-27T16:28:51.336944+00:00,for-sale,gauteng,johannesburg-metro,bedfordview,bedford-gardens,4500000.0
privateproperty,T5380841,https://www.privateproperty.co.za/for-sale/gauteng/johannesburg-metro/sandton/hyde-park/96-the-emerald/54-6th-road/T5380841,3 Bedroom Apartment in Hyde Park,44999000.0,Hyde Park,Sandton,Gauteng,Apartment,3.0,2.0,2.0,,147.0,,4354.0,3742.0,"3 Bedroom Apartment in Hyde Park, 96 the emerald, 54 6th road, Buyers qualify for a 50 discount on bond AND transfer costs as well as a 0.25 discount on their inte",8 Feb 2026,2026-03-27T16:28:47.450854+00:00,for-sale,gauteng,johannesburg-metro,sandton,hyde-park,4499900.0
privateproperty,T5380844,https://www.privateproperty.co.za/for-sale/gauteng/johannesburg-metro/sandton/hyde-park/50-the-emerald/54-6th-road/T5380844,2 Bedroom Apartment in Hyde Park,29999000.0,Hyde Park,Sandton,Gauteng,Apartment,2.0,2.0,2.0,,89.0,,3032.0,2579.0,"2 Bedroom Apartment in Hyde Park, 50 the emerald, 54 6th road, Buyers qualify for a 50 discount on bond AND transfer costs as well as a 0.25 discount on their inte",8 Feb 2026,2026-03-27T16:28:44.735467+00:00,for-sale,gauteng,johannesburg-metro,sandton,hyde-park,2999900.0
privateproperty,T5412313,https://www.privateproperty.co.za/for-sale/gauteng/johannesburg-metro/sandton/parkmore/1g1l4-sandton-gate-terrace/7-minerva-avenue/T5412313,2 Bedroom Apartment in Parkmore,22000000.0,Parkmore,Sandton,Gauteng,Apartment,2.0,2.0,,,76.0,,3583.0,1785.0,"2 Bedroom Apartment in Parkmore, 1g1l4 sandton gate terrace, 7 minerva avenue, This stylish 2-bedroom, 2-bathroom apartment at Sandton Gate Terrace offers modern living in a prime",4 Mar 2026,2026-03-27T16:28:40.846931+00:00,for-sale,gauteng,johannesburg-metro,sandton,parkmore,2200000.0
privateproperty,T5380200,https://www.privateproperty.co.za/for-sale/gauteng/johannesburg-metro/sandton/linbro-park/144-the-reid/1-greenlee-blvd/T5380200,3 Bedroom Apartment in Linbro Park,20500000.0,Linbro Park,Sandton,Gauteng,Apartment,3.0,2.0,2.0,,104.0,104.0,1225.0,1330.0,"3 Bedroom Apartment in Linbro Park, 144 the reid, 1 greenlee blvd, Three-Bedroom Penthouse Apartment for Sale in The Reid, Linbro Park. Over 100 sqm of elevated livin",6 Feb 2026,2026-03-27T16:28:36.920871+00:00,for-sale,gauteng,johannesburg-metro,sandton,linbro-park,2050000.0
privateproperty,T2704225,https://www.privateproperty.co.za/for-sale/gauteng/johannesburg-metro/midrand/noordwyk/b3-03-walford-estate-nb/b3-03-walton-road/T2704225,3 Bedroom Apartment in Noordwyk,17490000.0,Noordwyk,Midrand,Gauteng,Apartment,3.0,2.0,2.0,,141.0,,1627.0,1223.0,"3 Bedroom Apartment in Noordwyk, b3-03 walford estate-nb, b3-03 walton road, This ultra modern sale is conducted directly with the developer to save you on transfer duties which",17 Feb 2026,2026-03-27T16:28:34.301061+00:00,for-sale,gauteng,johannesburg-metro,midrand,noordwyk,1749000.0
privateproperty,T4918758,https://www.privateproperty.co.za/for-sale/gauteng/johannesburg-metro/north-riding-to-lanseria/north-riding/north-riding-ah/9304-celebration-retirement-estate/404a-northumberland-avenue/T4918758,2 Bedroom Apartment in North Riding AH,17400000.0,North Riding,North Riding To Lanseria,Gauteng,Apartment,2.0,1.0,1.0,,76.0,,2112.0,2059.0,"2 Bedroom Apartment in North Riding AH, 9304 celebration retirement estate, 404a northumberland avenue, Apartment that feels like a house! 76m² Two-Bedroom apartment with One Bathroom, including a very bi",15 Jan 2025,2026-03-27T16:28:30.745374+00:00,for-sale,gauteng,johannesburg-metro,north-riding-to-lanseria,north-riding,1740000.0
privateproperty,T5159400,https://www.privateproperty.co.za/for-sale/gauteng/johannesburg-metro/sandton/fourways/203-riverstone-wetland-estate/5-curry-road/T5159400,2 Bedroom Apartment in Fourways,15475000.0,Fourways,Sandton,Gauteng,Apartment,2.0,2.0,1.0,,74.0,,1425.0,835.16,"2 Bedroom Apartment in Fourways, 203 riverstone wetland estate, 5 curry road, Modern 2 Bedroom Apartment at Riverstone Walk to Montecasino This light-filled 2-bed, 2-bath apart",21 Jul 2025,2026-03-27T16:28:26.663753+00:00,for-sale,gauteng,johannesburg-metro,sandton,fourways,1547500.0
privateproperty,T5403260,https://www.privateproperty.co.za/for-sale/gauteng/johannesburg-metro/sandton/river-club/54564-charterhouse/13-kingswood/T5403260,3 Bedroom Apartment in River Club,14999990.0,River Club,Sandton,Gauteng,Apartment,2.0,2.0,,,161.0,,5312.0,1737.0,"3 Bedroom Apartment in River Club, 54564 charterhouse, 13 kingswood, Spacious North-East Facing Apartment in Charterhouse, River Club This beautifully positioned north-",25 Feb 2026,2026-03-27T16:28:24.044492+00:00,for-sale,gauteng,johannesburg-metro,sandton,river-club,1499999.0
privateproperty,T12082,https://www.privateproperty.co.za/for-sale/gauteng/johannesburg-metro/sandton/bryanston/201-millwood-life-style-estate/115-petunia/T12082,2 Bedroom Apartment in Bryanston,14999900.0,Bryanston,Sandton,Gauteng,Apartment,2.0,2.0,2.0,,96.0,,2521.0,1176.0,"2 Bedroom Apartment in Bryanston, 201 millwood life style estate, 115 petunia, Stylish apartment in most desirable location Bryanston. North facing with brethtaking view of Magali",9 Oct 2025,2026-03-27T16:28:20.867137+00:00,for-sale,gauteng,johannesburg-metro,sandton,bryanston,1499990.0
privateproperty,T5350992,https://www.privateproperty.co.za/for-sale/gauteng/johannesburg-metro/northcliff/quellerina/4-clifton-villas/2-outenique-avenue/T5350992,3 Bedroom Apartment in Quellerina,14990000.0,Quellerina,Northcliff,Gauteng,Apartment,3.0,2.0,2.0,2.0,170.0,,3083.0,782.0,"3 Bedroom Apartment in Quellerina, 4 clifton villas, 2 outenique avenue, Easy Living Starts Here Duplex Unit 3 Bed, 2 Bath with Two Garages Seller is looking for R1.6m. Th",14 Jan 2026,2026-03-27T16:28:17.930140+00:00,for-sale,gauteng,johannesburg-metro,northcliff,quellerina,1499000.0
privateproperty,T12111,https://www.privateproperty.co.za/for-sale/gauteng/johannesburg-metro/johannesburg-south/robertsham/2-kilowen-towers/24-kilowen/T12111,3 Bedroom Apartment in Robertsham,14750000.0,Robertsham,Johannesburg South,Gauteng,Apartment,3.0,2.0,2.0,,105.0,,2800.0,1000.0,"3 Bedroom Apartment in Robertsham, 2 kilowen towers, 24 kilowen, Private sale in a centrally well sought after complex -105 m2 apartment in the heart of Robertsham (",18 Nov 2025,2026-03-27T16:28:14.672655+00:00,for-sale,gauteng,johannesburg-metro,johannesburg-south,robertsham,1475000.0
privateproperty,T4385723,https://www.privateproperty.co.za/for-sale/gauteng/johannesburg-metro/sandton/dainfern/520-the-william/1-broadacres-drive/T4385723,3 Bedroom Apartment in Dainfern,14500000.0,Dainfern,Sandton,Gauteng,Apartment,3.0,2.0,2.0,,94.0,,1946.0,1066.0,"3 Bedroom Apartment in Dainfern, 520 the william, 1 broadacres drive, Perfectly positioned across upmarket Dainfern Square, this estate is popular for its comfortable lif",23 Jul 2025,2026-03-27T16:28:10.200435+00:00,for-sale,gauteng,johannesburg-metro,sandton,dainfern,1450000.0
privateproperty,T5344204,https://www.privateproperty.co.za/for-sale/gauteng/johannesburg-metro/sandton/douglasdale/7tt-douglasgate/70-niven-road-douglasgate/T5344204,Loft in Douglasdale,14000000.0,Douglasdale,Sandton,Gauteng,nan,2.0,2.0,1.0,,110.0,,2560.0,843.0,"Loft in Douglasdale, 7tt douglasgate, 70 niven road, douglasgate, Modern Loft Apartment If you''re looking for an investment opportunity or are ready to stop renting",7 Jan 2026,2026-03-27T16:28:06.319243+00:00,for-sale,gauteng,johannesburg-metro,sandton,douglasdale,1400000.0
privateproperty,T5385675,https://www.privateproperty.co.za/for-sale/gauteng/johannesburg-metro/sandton/broadacres/14-birchwood-village/3-cedar-3rd-road/T5385675,3 Bedroom Apartment in Broadacres,13850000.0,Broadacres,Sandton,Gauteng,Apartment,3.0,2.0,2.0,,94.0,,1557.0,1319.0,"3 Bedroom Apartment in Broadacres, 14 birchwood village, 3 cedar & 3rd road, Nestled within a beautifully maintained complex in the sought-after suburb of Chartwell, this modern",11 Feb 2026,2026-03-27T16:28:02.241337+00:00,for-sale,gauteng,johannesburg-metro,sandton,broadacres,1385000.0
privateproperty,T5379311,https://www.privateproperty.co.za/for-sale/gauteng/johannesburg-metro/sandton/morningside/0-polofields/35-cullinan-cl/T5379311,3 Bedroom Apartment in Morningside,13750000.0,Morningside,Sandton,Gauteng,Apartment,3.0,2.0,2.0,,87.0,,3500.0,800.0,"3 Bedroom Apartment in Morningside, polofields, 35 cullinan cl, The perfect investment opportunity..... The perfect investment opportunity tenant in place until 3",6 Feb 2026,2026-03-27T16:27:58.494878+00:00,for-sale,gauteng,johannesburg-metro,sandton,morningside,1375000.0
privateproperty,T5135745,https://www.privateproperty.co.za/for-sale/gauteng/johannesburg-metro/sandton/bryanston/90-balcairn/26-john-road/T5135745,2 Bedroom Apartment in Bryanston,13500000.0,Bryanston,Sandton,Gauteng,Apartment,2.0,2.0,2.0,,99.0,,4734.0,905.16,"2 Bedroom Apartment in Bryanston, 90 balcairn, 26 john road, Stylish 2-Bed, 2-Bath Apartment with Loft in prime position in Bryanston This beautifully designed",1 Jul 2025,2026-03-27T16:27:55.706238+00:00,for-sale,gauteng,johannesburg-metro,sandton,bryanston,1350000.0
privateproperty,T4778640,https://www.privateproperty.co.za/for-sale/gauteng/johannesburg-metro/midrand/sagewood/502-prelude-apartments/54-mozart-lane/T4778640,4 Bedroom Apartment in Sagewood,13000000.0,Sagewood,Midrand,Gauteng,Apartment,4.0,2.0,2.0,,82.0,82.0,2700.0,700.0,"4 Bedroom Apartment in Sagewood, 502 prelude apartments, 54 mozart lane, Welcome to this stunning, newly developed 4-bedroom, 2-bathroom apartment located in the highly soug",12 Jun 2025,2026-03-27T16:27:52.615086+00:00,for-sale,gauteng,johannesburg-metro,midrand,sagewood,1300000.0
privateproperty,T5189424,https://www.privateproperty.co.za/for-sale/gauteng/johannesburg-metro/sandton/morningside/98988-abbotsbury/8-lower-road/T5189424,2 Bedroom Apartment in Morningside,13000000.0,Morningside,Sandton,Gauteng,Apartment,2.0,2.0,,,99.0,,1154.0,2134.0,"2 Bedroom Apartment in Morningside, 98988 abbotsbury, 8 lower road, Abbotsbury Stylish Living in the Heart of Morningside Welcome to this beautiful home in the sought-",14 Jan 2026,2026-03-27T16:27:49.829136+00:00,for-sale,gauteng,johannesburg-metro,sandton,morningside,1300000.0
privateproperty,T5386708,https://www.privateproperty.co.za/for-sale/gauteng/johannesburg-metro/sandton/douglasdale/97-chobe-sands/1-alexander-avenue/T5386708,2 Bedroom Apartment in Douglasdale,12950000.0,Douglasdale,Sandton,Gauteng,Apartment,2.0,2.0,2.0,,139.0,,5740.0,1316.0,"2 Bedroom Apartment in Douglasdale, 97 chobe sands, 1 alexander avenue, NO DISASTER WATER ISSUES!! Water tanks installed. Step into elevated living in the heart of vibrant",12 Feb 2026,2026-03-27T16:27:45.605698+00:00,for-sale,gauteng,johannesburg-metro,sandton,douglasdale,1295000.0
privateproperty,T5379908,https://www.privateproperty.co.za/for-sale/gauteng/johannesburg-metro/rosebank-and-parktown/parktown-north/777-first-avenue-complex/30-1st-avenue-east/T5379908,2 Bedroom Apartment in Parktown North,12900000.0,Parktown North,Rosebank And Parktown,Gauteng,Apartment,2.0,2.0,,,79.0,,3800.0,1100.0,"2 Bedroom Apartment in Parktown North, 777 first avenue complex, 30 1st avenue east, Stylish First-Floor Apartment Offering Space and Convenience This generously sized 79m2 first-floor",6 Feb 2026,2026-03-27T16:27:42.165350+00:00,for-sale,gauteng,johannesburg-metro,rosebank-and-parktown,parktown-north,1290000.0
privateproperty,T5137516,https://www.privateproperty.co.za/for-sale/gauteng/johannesburg-metro/sandton/broadacres/13-umthunzi-gardens/30-lombardy-rd/T5137516,2 Bedroom Apartment in Broadacres,12750000.0,Broadacres,Sandton,Gauteng,Apartment,2.0,2.0,,,84.0,,1907.0,909.0,"2 Bedroom Apartment in Broadacres, 13 umthunzi gardens, 30 lombardy rd, VIEW BY APPOINTMENT This apartment offer the space you are looking for in an apartment. This elega",2 Jul 2025,2026-03-27T16:27:26.262405+00:00,for-sale,gauteng,johannesburg-metro,sandton,broadacres,1275000.0
privateproperty,T5271925,https://www.privateproperty.co.za/for-sale/gauteng/johannesburg-metro/sandton/paulshof/115-st-paul/36-wroxham-road/T5271925,2 Bedroom Apartment in Paulshof,12500000.0,Paulshof,Sandton,Gauteng,Apartment,2.0,2.0,2.0,,125.0,125.0,2861.0,1065.0,"2 Bedroom Apartment in Paulshof, 115 st paul, 36 wroxham road, 2 Bed, 2 Bath Duplex Apartment - Paulshof Stunning 125m2 Duplex Apartment Just Listed And Move-In R",19 Oct 2025,2026-03-27T16:27:23.239356+00:00,for-sale,gauteng,johannesburg-metro,sandton,paulshof,1250000.0
privateproperty,T5207303,https://www.privateproperty.co.za/for-sale/gauteng/johannesburg-metro/rosebank-and-parktown/killarney/39-daventry-court/10-riviera-road/T5207303,2 Bedroom Apartment in Killarney,12499990.0,Killarney,Rosebank And Parktown,Gauteng,Apartment,2.0,1.0,2.0,1.0,108.0,,3739.0,1069.0,"2 Bedroom Apartment in Killarney, 39 daventry court, 10 riviera road, Sleek, spacious & secure, open plan apartment with bonus staff quarters Seller asking R1 350 000. T",27 Aug 2025,2026-03-27T16:27:20.506204+00:00,for-sale,gauteng,johannesburg-metro,rosebank-and-parktown,killarney,1249999.0
privateproperty,T5136719,https://www.privateproperty.co.za/for-sale/gauteng/johannesburg-metro/sandton/bryanston/9-bantry-oval/17-bantry-road/T5136719,2 Bedroom Apartment in Bryanston,12000000.0,Bryanston,Sandton,Gauteng,Apartment,2.0,2.0,2.0,,102.0,,2393.0,1417.0,"2 Bedroom Apartment in Bryanston, 9 bantry oval, 17 bantry road, Stylish 2-Bedroom Apartment in the Sought-After Bantry Oval, Bryanston Welcome to Bantry Oval, an e",2 Jul 2025,2026-03-27T16:27:16.779041+00:00,for-sale,gauteng,johannesburg-metro,sandton,bryanston,1200000.0
privateproperty,T12084,https://www.privateproperty.co.za/for-sale/gauteng/johannesburg-metro/bedfordview/bedford-gardens/904-agulhas/18-kirkby-road/T12084,2 Bedroom Apartment in Bedford Gardens,12000000.0,Bedford Gardens,Bedfordview,Gauteng,Apartment,2.0,1.5,,,100.0,,2500.0,500.0,"2 Bedroom Apartment in Bedford Gardens, 904 agulhas, 18 kirkby road, Beautiful apartment in Agulhas, Bedford Gardens. Perfect lock up and go. The property consists of: G",10 Oct 2025,2026-03-27T16:27:13.925923+00:00,for-sale,gauteng,johannesburg-metro,bedfordview,bedford-gardens,1200000.0
privateproperty,T4865801,https://www.privateproperty.co.za/for-sale/gauteng/johannesburg-metro/randburg/darrenwood/109-darrenwood-heights/4-elza-road/T4865801,2 Bedroom Apartment in Darrenwood,11500000.0,Darrenwood,Randburg,Gauteng,Apartment,2.0,2.0,2.0,2.0,80.0,,2460.0,843.0,"2 Bedroom Apartment in Darrenwood, 109 darrenwood heights, 4 elza road, Elegant 2-Bedroom Apartment in Prestigious Darrenwood Modern Comfort andamp Prime Location 2 - Bedr",13 Nov 2024,2026-03-27T16:27:07.764098+00:00,for-sale,gauteng,johannesburg-metro,randburg,darrenwood,1150000.0
privateproperty,T5342190,https://www.privateproperty.co.za/for-sale/gauteng/johannesburg-metro/sandton/sunninghill/211-la-garitta/2-boudette-close/T5342190,2 Bedroom Apartment in Sunninghill,11500000.0,Sunninghill,Sandton,Gauteng,Apartment,2.0,2.0,2.0,,88.0,8.0,2994.0,614.0,"2 Bedroom Apartment in Sunninghill, 211 la garitta, 2 boudette close, 2 Bed, 2 Bath Apartment - Paulshof Investors... Tenant In Place Until End January 2027! Spacious g",5 Jan 2026,2026-03-27T16:27:04.661617+00:00,for-sale,gauteng,johannesburg-metro,sandton,sunninghill,1150000.0
privateproperty,T5182750,https://www.privateproperty.co.za/for-sale/gauteng/johannesburg-metro/rosebank-and-parktown/rosebank/2f10-the-bolton/2-sturdee-avenue/T5182750,1 Bedroom Apartment in Rosebank,11000000.0,Rosebank,Rosebank And Parktown,Gauteng,Apartment,1.0,1.0,,,37.0,,2736.0,979.0,"1 Bedroom Apartment in Rosebank, 2f10 the bolton, 2 sturdee avenue, Charming One-Bedroom Apartment in The Bolton, Rosebank Ideal for Airbnb! Welcome to this stylish o",7 Aug 2025,2026-03-27T16:27:00.912288+00:00,for-sale,gauteng,johannesburg-metro,rosebank-and-parktown,rosebank,1100000.0
privateproperty,T5410641,https://www.privateproperty.co.za/for-sale/gauteng/johannesburg-metro/north-riding-to-lanseria/noordhang/93-canvas-eighty2/1-canvas-road/T5410641,2 Bedroom Apartment in Noordhang,11000000.0,Noordhang,North Riding To Lanseria,Gauteng,Apartment,2.0,2.0,4.0,,81.0,,1510.0,554.0,"2 Bedroom Apartment in Noordhang, 93 canvas eighty2, 1 canvas road, CANVAS EIGHTY2 - Development 7 years old with 200 living units. Modern and ideal starter or investm",3 Mar 2026,2026-03-27T16:26:57.295203+00:00,for-sale,gauteng,johannesburg-metro,north-riding-to-lanseria,noordhang,1100000.0
privateproperty,T5198400,https://www.privateproperty.co.za/for-sale/gauteng/johannesburg-metro/midrand/carlswald-estate/93-new-road/T5198400,2 Bedroom Apartment in Carlswald Estate,11000000.0,Carlswald Estate,Midrand,Gauteng,Apartment,2.0,2.0,3.0,,21.0,68.0,1700.0,900.0,"2 Bedroom Apartment in Carlswald Estate, 93 new road, Elegant 2-Bedroom Apartment. Experience refined urban living in this beautifully designed 2-bedroom",20 Aug 2025,2026-03-27T16:26:54.500894+00:00,for-sale,gauteng,johannesburg-metro,midrand,carlswald-estate,1100000.0
privateproperty,T5294552,https://www.privateproperty.co.za/for-sale/gauteng/johannesburg-metro/sandton/fourways/7641-the-william/20-broadacres-drive/T5294552,2 Bedroom Apartment in Fourways,10900000.0,Fourways,Sandton,Gauteng,Apartment,2.0,2.0,2.0,,93.0,93.0,2000.0,400.0,"2 Bedroom Apartment in Fourways, 7641 the william, 20 broadacres drive, Private & Spacious Two-Bedroom Apartment in The William, Fourways Excellent opportunity! Offers fro",6 Nov 2025,2026-03-27T16:26:50.837883+00:00,for-sale,gauteng,johannesburg-metro,sandton,fourways,1090000.0
privateproperty,T4057903,https://www.privateproperty.co.za/for-sale/gauteng/johannesburg-metro/midrand/barbeque-downs/34-laguna/00-kipling-road/T4057903,2 Bedroom Apartment in Barbeque Downs,10500000.0,Barbeque Downs,Midrand,Gauteng,Apartment,2.0,1.0,2.0,,69.0,,1357.0,539.0,"2 Bedroom Apartment in Barbeque Downs, 34 laguna, kipling road, Top floor unit in modern complex, north facing with vast and beautiful views. The unit is light and",21 Feb 2023,2026-03-27T16:26:46.849002+00:00,for-sale,gauteng,johannesburg-metro,midrand,barbeque-downs,1050000.0
privateproperty,T12171,https://www.privateproperty.co.za/for-sale/gauteng/johannesburg-metro/northcliff/linden/12-lindey-court/57-4th-avenue/T12171,2 Bedroom Apartment in Linden,10500000.0,Linden,Northcliff,Gauteng,Apartment,2.0,1.0,1.0,,120.0,,1250.0,1100.0,"2 Bedroom Apartment in Linden, 12 lindey court, 57 4th avenue, Excellent situated 2 bedroom flat in secure complex in most ideal 4th street in the heart of Linden",10 Feb 2026,2026-03-27T16:26:43.301128+00:00,for-sale,gauteng,johannesburg-metro,northcliff,linden,1050000.0
privateproperty,T4688236,https://www.privateproperty.co.za/for-sale/gauteng/johannesburg-metro/midrand/noordwyk/midridge-park/7-midridge-park/50-on-lever-pavarotti-road/T4688236,2 Bedroom Apartment in Midridge Park,10490000.0,Noordwyk,Midrand,Gauteng,Apartment,2.0,2.0,1.0,1.0,69.0,,1383.0,300.0,"2 Bedroom Apartment in Midridge Park, 7 midridge park, 50 on lever pavarotti road, Indulge in the epitome of luxury living within this exquisite 2-bedroom apartment, where a sleek mod",26 Jun 2024,2026-03-27T16:26:40.007527+00:00,for-sale,gauteng,johannesburg-metro,midrand,noordwyk,1049000.0
privateproperty,T5386267,https://www.privateproperty.co.za/for-sale/gauteng/johannesburg-metro/north-riding-to-lanseria/north-riding/157tj-isabel-estate/131-dexter-road-isabel-estate/T5386267,3 Bedroom Apartment in North Riding,9990000.0,North Riding,North Riding To Lanseria,Gauteng,Apartment,3.0,2.0,1.0,,88.0,88.0,2399.0,775.0,"3 Bedroom Apartment in North Riding, 157tj isabel estate, 131 dexter road , isabel estate, Investment Opportunity in Isabel Estate Ultra-modern 1st floor apartment. Superb location, with",12 Feb 2026,2026-03-27T16:26:35.856661+00:00,for-sale,gauteng,johannesburg-metro,north-riding-to-lanseria,north-riding,999000.0
privateproperty,T5107125,https://www.privateproperty.co.za/for-sale/gauteng/johannesburg-metro/northcliff/florida-glen/84-gordon-oval/479-5th-street/T5107125,3 Bedroom Apartment in Florida Glen,9900000.0,Florida Glen,Northcliff,Gauteng,Apartment,3.0,2.0,3.0,2.0,125.0,,2259.0,494.0,"3 Bedroom Apartment in Florida Glen, 84 gordon oval, 479 5th street, Immaculate 3 bedroom apartment with double garage in secure complex The seller is asking R1,100,000",6 Jun 2025,2026-03-27T16:26:32.226646+00:00,for-sale,gauteng,johannesburg-metro,northcliff,florida-glen,990000.0
privateproperty,T5299068,https://www.privateproperty.co.za/for-sale/gauteng/johannesburg-metro/sandton/bryanston/00-bryanston-hills/10-john-street/T5299068,2 Bedroom Apartment in Bryanston,9800000.0,Bryanston,Sandton,Gauteng,Apartment,2.0,1.0,1.0,,60.0,,2940.0,620.0,"2 Bedroom Apartment in Bryanston, bryanston hills, 10 john street, Gorgeous Simplex in Sought-After Mill Hill..... Tenant in place until 31 March 2027 making for an i",11 Nov 2025,2026-03-27T16:26:29.473664+00:00,for-sale,gauteng,johannesburg-metro,sandton,bryanston,980000.0
privateproperty,T5380350,https://www.privateproperty.co.za/for-sale/gauteng/johannesburg-metro/sandton/bryanston/00-beluga/7-ormonde-street/T5380350,2 Bedroom Apartment in Bryanston,9800000.0,Bryanston,Sandton,Gauteng,Apartment,2.0,2.0,2.0,,80.0,,2680.0,773.0,"2 Bedroom Apartment in Bryanston, beluga, 7 ormonde street, A smart investment in a prime Bryanston location.... Ideal investment opportunity with tenant in pl",6 Feb 2026,2026-03-27T16:26:26.408069+00:00,for-sale,gauteng,johannesburg-metro,sandton,bryanston,980000.0
privateproperty,T4640924,https://www.privateproperty.co.za/for-sale/gauteng/johannesburg-metro/sandton/dainfern/313-the-paddocks/3437-william-nicol-drive/T4640924,2 Bedroom Apartment in Dainfern,9500000.0,Dainfern,Sandton,Gauteng,Apartment,2.0,1.0,2.0,1.0,57.0,57.0,2100.0,700.0,"2 Bedroom Apartment in Dainfern, 313 the paddocks, 3437 william nicol drive, Cozy and Secure 2-Bedroom Ground floor, Garden Apartment Prime Investment Opportunity Cozy and Sec",20 May 2024,2026-03-27T16:26:22.776171+00:00,for-sale,gauteng,johannesburg-metro,sandton,dainfern,950000.0
privateproperty,T5105633,https://www.privateproperty.co.za/for-sale/gauteng/johannesburg-metro/sandton/sandown/25432-kerkira/130-katherine/T5105633,2 Bedroom Apartment in Sandown,9500000.0,Sandown,Sandton,Gauteng,Apartment,2.0,1.0,,,85.0,,3968.0,1973.5,"2 Bedroom Apartment in Sandown, 25432 kerkira, 130 katherine, Spacious 2-Bedroom Apartment For Sale in Kerkira, Sandown Welcome to this neat and sunny 2-bedroom,",5 Jun 2025,2026-03-27T16:26:20.120802+00:00,for-sale,gauteng,johannesburg-metro,sandton,sandown,950000.0
privateproperty,T5344192,https://www.privateproperty.co.za/for-sale/gauteng/johannesburg-metro/sandton/douglasdale/129tj-kalgaro/129-swallow-drive-kalgaro/T5344192,2 Bedroom Apartment in Douglasdale,9500000.0,Douglasdale,Sandton,Gauteng,Apartment,2.0,2.0,1.0,,72.0,,2281.0,818.0,"2 Bedroom Apartment in Douglasdale, 129tj kalgaro, 129 swallow drive, kalgaro, Great Opportunity. Calling all Investors and first time buyers Looking for a great investment or",7 Jan 2026,2026-03-27T16:26:16.905151+00:00,for-sale,gauteng,johannesburg-metro,sandton,douglasdale,950000.0
privateproperty,T5368176,https://www.privateproperty.co.za/for-sale/gauteng/johannesburg-metro/sandton/sunninghill/24-baringo/194-leeuwkop-road/T5368176,2 Bedroom Apartment in Sunninghill,9500000.0,Sunninghill,Sandton,Gauteng,Apartment,2.0,2.0,1.0,,96.0,96.0,2840.0,636.0,"2 Bedroom Apartment in Sunninghill, 24 baringo, 194 leeuwkop road, 2 Bed, 2 Bath Apartment - Sunninghill Show House Saturday 7 March 12h00 - 13h00: Viewings By Appoi",28 Jan 2026,2026-03-27T16:26:13.381594+00:00,for-sale,gauteng,johannesburg-metro,sandton,sunninghill,950000.0
privateproperty,T5386556,https://www.privateproperty.co.za/for-sale/gauteng/johannesburg-metro/sandton/paulshof/48-ashwood-manor/15-holkam-road/T5386556,2 Bedroom Apartment in Paulshof,9499990.0,Paulshof,Sandton,Gauteng,Apartment,2.0,2.0,2.0,,81.0,,2400.0,797.0,"2 Bedroom Apartment in Paulshof, 48 ashwood manor, 15 holkam road, Beautiful 2 bed2 bath garden unit in Paulshof Make this beautiful, ready to move in garden Apartmen",12 Feb 2026,2026-03-27T16:26:09.292569+00:00,for-sale,gauteng,johannesburg-metro,sandton,paulshof,949999.0
privateproperty,T5386402,https://www.privateproperty.co.za/for-sale/gauteng/johannesburg-metro/sandton/sunninghill/141-baldersani/54-leeuwkop-road/T5386402,2 Bedroom Apartment in Sunninghill,8990000.0,Sunninghill,Sandton,Gauteng,Apartment,2.0,1.0,2.0,,95.0,95.0,1877.0,640.0,"2 Bedroom Apartment in Sunninghill, 141 baldersani, 54 leeuwkop road, 2 Bed, 1 Bath Apartment - Sunninghill Urgent Sale - 95m2 First Floor Apartment Offers from R 899,0",12 Feb 2026,2026-03-27T16:26:06.514613+00:00,for-sale,gauteng,johannesburg-metro,sandton,sunninghill,899000.0
privateproperty,T5341762,https://www.privateproperty.co.za/for-sale/gauteng/johannesburg-metro/sandton/lonehill/1714-casablanca/41-aston-road/T5341762,1 Bedroom Apartment in Lonehill,8800000.0,Lonehill,Sandton,Gauteng,Apartment,1.0,1.0,1.0,,102.0,,1863.0,470.0,"1 Bedroom Apartment in Lonehill, 1714 casablanca, 41 aston road, Elegant, 1 bed Loft Apartment in Lonehill Lovely top floor, loft apartment for sale with relaxing v",5 Jan 2026,2026-03-27T16:26:02.414674+00:00,for-sale,gauteng,johannesburg-metro,sandton,lonehill,880000.0
privateproperty,T5343796,https://www.privateproperty.co.za/for-sale/gauteng/johannesburg-metro/sandton/craigavon/333tj-cedar-lofts/11-willow-avenue-cedar-lofts/T5343796,Loft in Craigavon,8750000.0,Craigavon,Sandton,Gauteng,nan,1.0,1.0,1.0,,85.0,,2628.0,563.0,"Loft in Craigavon, 333tj cedar lofts, 11 willow avenue, cedar lofts, Modern loft apartment Top-Floor Loft Apartment in Cedar Lofts Perfect for First-Time Buyers or Inv",7 Jan 2026,2026-03-27T16:25:59.802294+00:00,for-sale,gauteng,johannesburg-metro,sandton,craigavon,875000.0
privateproperty,T5074764,https://www.privateproperty.co.za/for-sale/gauteng/johannesburg-metro/north-riding-to-lanseria/jackal-creek-northriding/jackal-creek-golf-estate/2591-muirfield/25-elberta-road/T5074764,2 Bedroom Apartment in Jackal Creek Golf Estate,8459000.0,Jackal Creek Northriding,North Riding To Lanseria,Gauteng,Apartment,2.0,2.0,2.0,,72.0,,2575.0,802.0,"2 Bedroom Apartment in Jackal Creek Golf Estate, 2591 muirfield, 25 elberta road, The unit is conveniently close to the Front Entrance to Jackal Creek and a quick drive to the Clubho",13 May 2025,2026-03-27T16:25:56.806653+00:00,for-sale,gauteng,johannesburg-metro,north-riding-to-lanseria,jackal-creek-northriding,845900.0
privateproperty,T5366427,https://www.privateproperty.co.za/for-sale/gauteng/johannesburg-metro/sandton/bryanston/429-the-cambridge/11-herbert-street/T5366427,1 Bedroom Apartment in Bryanston,8400000.0,Bryanston,Sandton,Gauteng,Apartment,1.0,1.0,1.0,,58.0,,678.0,900.0,"1 Bedroom Apartment in Bryanston, 429 the cambridge, 11 herbert street, Set in the ever-popular Cambridge Lifestyle Estate in Bryanston, this top-floor one-bedroom apartmen",27 Jan 2026,2026-03-27T16:25:54.011626+00:00,for-sale,gauteng,johannesburg-metro,sandton,bryanston,840000.0
privateproperty,T5343666,https://www.privateproperty.co.za/for-sale/gauteng/johannesburg-metro/north-riding-to-lanseria/north-riding/tj76-isabel-estate/131-dexter-road-isabel-estate/T5343666,2 Bedroom Apartment in North Riding,8400000.0,North Riding,North Riding To Lanseria,Gauteng,Apartment,2.0,1.0,1.0,,61.0,,1671.0,480.0,"2 Bedroom Apartment in North Riding, tj76 isabel estate, 131 dexter road, isabel estate, Calling all investors or First time buyers- pet friendly garden unit Looking for a great investmen",7 Jan 2026,2026-03-27T16:25:50.177250+00:00,for-sale,gauteng,johannesburg-metro,north-riding-to-lanseria,north-riding,840000.0
privateproperty,T5291224,https://www.privateproperty.co.za/for-sale/gauteng/johannesburg-metro/midrand/noordwyk/9000-anricke-place-nb/9000-kiaat-street/T5291224,2 Bedroom Apartment in Noordwyk,8290000.0,Noordwyk,Midrand,Gauteng,Apartment,2.0,2.0,,,74.0,,1535.0,350.0,"2 Bedroom Apartment in Noordwyk, 9000 anricke place-nb, 9000 kiaat street, This spacious ground floor apartment has been upgraded with a modern kitchen fitted with a gas hob,",4 Nov 2025,2026-03-27T16:25:46.154749+00:00,for-sale,gauteng,johannesburg-metro,midrand,noordwyk,829000.0
privateproperty,T5389237,https://www.privateproperty.co.za/for-sale/gauteng/johannesburg-metro/sandton/lonehill/47-monterrey/15-capricorn-drive/T5389237,1 Bedroom Apartment in Lonehill,8200000.0,Lonehill,Sandton,Gauteng,Apartment,1.0,1.0,1.0,,57.0,57.0,2244.0,495.0,"1 Bedroom Apartment in Lonehill, 47 monterrey, 15 capricorn drive, 1 Bed, 1 Bath Apartment - Lonehill Fabulous Executive Apartment with Unobstructed Views Includes A",13 Feb 2026,2026-03-27T16:25:42.771478+00:00,for-sale,gauteng,johannesburg-metro,sandton,lonehill,820000.0
privateproperty,T5378392,https://www.privateproperty.co.za/for-sale/gauteng/johannesburg-metro/north-riding-to-lanseria/noordhang/mf85-telford-court/085-hyperion-road/T5378392,2 Bedroom Apartment in Noordhang,8200000.0,Noordhang,North Riding To Lanseria,Gauteng,Apartment,2.0,2.0,1.0,1.0,95.0,,2100.0,404.0,"2 Bedroom Apartment in Noordhang, mf85 telford court, 85 hyperion road, Home Sweet Home - Super Investment Opportunity. Calling all Investors, this cozy and private top fl",5 Feb 2026,2026-03-27T16:25:39.972614+00:00,for-sale,gauteng,johannesburg-metro,north-riding-to-lanseria,noordhang,820000.0
privateproperty,T5045986,https://www.privateproperty.co.za/for-sale/gauteng/johannesburg-metro/johannesburg-south/alveda/680-route-82-security-estate/7-tamboti-st/T5045986,2 Bedroom Apartment in Alveda,7900000.0,Alveda,Johannesburg South,Gauteng,Apartment,2.0,1.0,2.0,1.0,54.0,54.0,1658.0,570.0,"2 Bedroom Apartment in Alveda, 680 route 82 security estate, 7 tamboti st, Charming 2 Bedroom Apartment in a Prime Location Discover the perfect blend of comfort and convenie",16 Apr 2025,2026-03-27T16:25:36.399039+00:00,for-sale,gauteng,johannesburg-metro,johannesburg-south,alveda,790000.0
privateproperty,T5405047,https://www.privateproperty.co.za/for-sale/gauteng/johannesburg-metro/north-riding-to-lanseria/noordhang/128-blandford-court/111-blandford-road/T5405047,2 Bedroom Apartment in Noordhang,7800000.0,Noordhang,North Riding To Lanseria,Gauteng,Apartment,2.0,1.0,3.0,1.0,81.0,,1511.0,309.0,"2 Bedroom Apartment in Noordhang, 128 blandford court, 111 blandford road, Exclusive Mandate in place. Well positioned ground floor unit with privacy , large garden, a gara",26 Feb 2026,2026-03-27T16:25:33.406246+00:00,for-sale,gauteng,johannesburg-metro,north-riding-to-lanseria,noordhang,780000.0
privateproperty,T5323007,https://www.privateproperty.co.za/for-sale/gauteng/johannesburg-metro/randburg/windsor-west/2-sun-remo/17-knights-avenue/T5323007,2 Bedroom Apartment in Windsor West,7650000.0,Windsor West,Randburg,Gauteng,Apartment,2.0,1.0,3.0,2.0,138.0,994.0,2505.0,459.0,"2 Bedroom Apartment in Windsor West, 2 sun remo, 17 knights avenue, Fully renovated 2 bedroom ground floor apartment with double garage Located in a well-maintained",2 Dec 2025,2026-03-27T16:25:29.319238+00:00,for-sale,gauteng,johannesburg-metro,randburg,windsor-west,765000.0
privateproperty,T5122732,https://www.privateproperty.co.za/for-sale/gauteng/johannesburg-metro/johannesburg-south/winchester-hills/kouga-str-44/T5122732,2 Bedroom Apartment in Winchester Hills,7500000.0,Winchester Hills,Johannesburg South,Gauteng,Apartment,2.0,1.0,2.0,,98.0,98.0,1489.0,814.0,"2 Bedroom Apartment in Winchester Hills, kouga str 44, If youre a young professional looking for a stylish, secure, and low-maintenance home with big lifes",19 Jun 2025,2026-03-27T16:25:25.042690+00:00,for-sale,gauteng,johannesburg-metro,johannesburg-south,winchester-hills,750000.0
privateproperty,T12093,https://www.privateproperty.co.za/for-sale/gauteng/johannesburg-metro/randburg/ferndale/randburg-central/22-bermudas/368-surrey-avenue/T12093,2 Bedroom Flat in Randburg Central,7500000.0,Ferndale,Randburg,Gauteng,Apartment,2.0,1.0,2.0,1.0,75.0,,2500.0,1000.0,"2 Bedroom Flat in Randburg Central, 22 bermudas, 368 surrey avenue, Charming 2-bedroom flat on the 1st floor in the heart of Randburg. Central to all major highways. Ac",22 Jan 2026,2026-03-27T16:25:21.705970+00:00,for-sale,gauteng,johannesburg-metro,randburg,ferndale,750000.0
privateproperty,T5189669,https://www.privateproperty.co.za/for-sale/gauteng/johannesburg-metro/north-riding-to-lanseria/noordhang/2-bellairs-brooke/91-bellairs-drive/T5189669,2 Bedroom Apartment in Noordhang,7400000.0,Noordhang,North Riding To Lanseria,Gauteng,Apartment,2.0,1.0,2.0,,74.0,74.0,1989.0,437.0,"2 Bedroom Apartment in Noordhang, 2 bellairs brooke, 91 bellairs drive, CALLING ALL INVESTORS !! Investors Opportunity Modern Pet-Friendly 2-Bedroom Ground-Floor Apartmen",13 Aug 2025,2026-03-27T16:25:18.411085+00:00,for-sale,gauteng,johannesburg-metro,north-riding-to-lanseria,noordhang,740000.0
privateproperty,T5354867,https://www.privateproperty.co.za/for-sale/gauteng/johannesburg-metro/north-riding-to-lanseria/noordhang/167-telford-court/167-hypertion-road/T5354867,2 Bedroom Apartment in Noordhang,7400000.0,Noordhang,North Riding To Lanseria,Gauteng,Apartment,2.0,2.0,1.0,1.0,97.0,97.0,2110.0,437.0,"2 Bedroom Apartment in Noordhang, 167 telford court, 167 hypertion road, Great Opportunity. Calling all Investors and first time buyers Lock-Up-and-Go Living in Sought-Af",19 Jan 2026,2026-03-27T16:25:15.313115+00:00,for-sale,gauteng,johannesburg-metro,north-riding-to-lanseria,noordhang,740000.0
privateproperty,T4663924,https://www.privateproperty.co.za/for-sale/gauteng/johannesburg-metro/sandton/lonehill/251-sibaya-sands/9-the-straight-ave/T4663924,1 Bedroom Apartment in Lonehill,7290000.0,Lonehill,Sandton,Gauteng,Apartment,1.0,1.0,2.0,,52.0,200.0,1300.0,900.0,"1 Bedroom Apartment in Lonehill, 251 sibaya sands, 9 the straight ave, Modern 1-Bedroom Apartment with Patio in Secure Lonehill Complex Discover comfortable living in thi",6 Jun 2024,2026-03-27T16:25:00.013541+00:00,for-sale,gauteng,johannesburg-metro,sandton,lonehill,729000.0
privateproperty,T5119822,https://www.privateproperty.co.za/for-sale/gauteng/johannesburg-metro/randburg/ferndale/1-ss-isle-de-france/344-main-avenue/T5119822,2 Bedroom Apartment in Ferndale,7290000.0,Ferndale,Randburg,Gauteng,Apartment,2.0,1.0,2.0,,65.0,4.0,2006.0,499.0,"2 Bedroom Apartment in Ferndale, 1 ss isle de france, 344 main avenue, Modern Turnkey 2-Bedroom Retreat Prime Investment or Stylish Starter SELLER ASKING: R 749 000 INVI",18 Jun 2025,2026-03-27T16:24:56.476944+00:00,for-sale,gauteng,johannesburg-metro,randburg,ferndale,729000.0
privateproperty,T5393602,https://www.privateproperty.co.za/for-sale/gauteng/johannesburg-metro/sandton/sunninghill/23-singati-sands/54-naivasha-road/T5393602,1 Bedroom Apartment in Sunninghill,7200000.0,Sunninghill,Sandton,Gauteng,Apartment,1.0,1.0,1.0,,75.0,75.0,2210.0,465.0,"1 Bedroom Apartment in Sunninghill, 23 singati sands, 54 naivasha road, One Bedroom Apartment for Sale in Singati Sands, Sunninghill Tenanted! This clean 75 m² loft in Sin",18 Feb 2026,2026-03-27T16:24:52.910378+00:00,for-sale,gauteng,johannesburg-metro,sandton,sunninghill,720000.0
privateproperty,T4952012,https://www.privateproperty.co.za/for-sale/gauteng/johannesburg-metro/johannesburg-south/mondeor/37-lake-mondeor/13-john-mansfield-rd/T4952012,2 Bedroom Apartment in Mondeor,7100000.0,Mondeor,Johannesburg South,Gauteng,Apartment,2.0,1.0,1.0,,62.0,30.0,1500.0,500.0,"2 Bedroom Apartment in Mondeor, 37 lake mondeor, 13 john mansfield rd, Welcome to your dream home nestled in the serene and friendly community of Mondeor. This delightful",6 Feb 2025,2026-03-27T16:24:49.886512+00:00,for-sale,gauteng,johannesburg-metro,johannesburg-south,mondeor,710000.0
privateproperty,T5169902,https://www.privateproperty.co.za/for-sale/gauteng/johannesburg-metro/randburg/ferndale/mf13-royal-oaks/653-oak-avenue/T5169902,2 Bedroom Apartment in Ferndale,6990000.0,Ferndale,Randburg,Gauteng,Apartment,2.0,1.0,1.0,,64.0,4.0,2114.0,286.0,"2 Bedroom Apartment in Ferndale, mf13 royal oaks, 653 oak avenue, Welcome to Royal Oaks Ideal Lock-Up-and-Go or Investment Opportunity! If youre a first-time buyer",29 Jul 2025,2026-03-27T16:24:46.199759+00:00,for-sale,gauteng,johannesburg-metro,randburg,ferndale,699000.0
privateproperty,T5387753,https://www.privateproperty.co.za/for-sale/gauteng/johannesburg-metro/north-riding-to-lanseria/north-riding/51-fawn-manor/7-mustang-close/T5387753,2 Bedroom Apartment in North Riding,6980000.0,North Riding,North Riding To Lanseria,Gauteng,Apartment,2.0,2.0,2.0,,68.0,,1504.0,600.0,"2 Bedroom Apartment in North Riding, 51 fawn manor, 7 mustang close, New Release under Exclusive Mandate ! Fawn Manor is a safe and secure complex 12 years old , face br",12 Feb 2026,2026-03-27T16:24:42.528430+00:00,for-sale,gauteng,johannesburg-metro,north-riding-to-lanseria,north-riding,698000.0
privateproperty,T5118145,https://www.privateproperty.co.za/for-sale/gauteng/johannesburg-metro/north-riding-to-lanseria/bromhof/mb146-caymans/332-kelly-avenue/T5118145,Loft in Bromhof,6900000.0,Bromhof,North Riding To Lanseria,Gauteng,nan,1.0,1.0,1.0,,82.0,,2066.0,190.0,"Loft in Bromhof, mb146 caymans, 332 kelly avenue, Upstairs Loft Unit with Amazing Views!! Time To Move Buy or sell with Rawson and stand a chance to",17 Jun 2025,2026-03-27T16:24:39.425314+00:00,for-sale,gauteng,johannesburg-metro,north-riding-to-lanseria,bromhof,690000.0
privateproperty,T12189,https://www.privateproperty.co.za/for-sale/gauteng/johannesburg-metro/midrand/erand-gardens/293-san-ridge-village/5-pavarotti-road/T12189,2 Bedroom Apartment in Erand Gardens,6800000.0,Erand Gardens,Midrand,Gauteng,Apartment,2.0,1.0,7.0,,112.0,6.0,2364.0,723.0,"2 Bedroom Apartment in Erand Gardens, 293 san ridge village, 5 pavarotti road, 2-Bedroom Apartment for Sale in Midrand Offering a harmonious blend of contemporary comfort and ser",13 Mar 2026,2026-03-27T16:24:35.390995+00:00,for-sale,gauteng,johannesburg-metro,midrand,erand-gardens,680000.0
privateproperty,T5265848,https://www.privateproperty.co.za/for-sale/gauteng/johannesburg-metro/north-riding-to-lanseria/north-riding/32-fawn-manor/7-mustang-close/T5265848,2 Bedroom Apartment in North Riding,6700000.0,North Riding,North Riding To Lanseria,Gauteng,Apartment,2.0,1.0,2.0,,67.0,,1965.0,319.0,"2 Bedroom Apartment in North Riding, 32 fawn manor, 7 mustang close, Exclusive Mandate in place . Fawn Manor . Lock up and go in North Riding . - 2nd Floor unit nobody",14 Oct 2025,2026-03-27T16:24:31.168252+00:00,for-sale,gauteng,johannesburg-metro,north-riding-to-lanseria,north-riding,670000.0
privateproperty,T5344130,https://www.privateproperty.co.za/for-sale/gauteng/johannesburg-metro/north-riding-to-lanseria/sonneglans/28tj-ashanti/16-perm-street-ashanti/T5344130,2 Bedroom Apartment in Sonneglans,6500000.0,Sonneglans,North Riding To Lanseria,Gauteng,Apartment,2.0,1.0,1.0,,57.0,57.0,1745.0,395.0,"2 Bedroom Apartment in Sonneglans, 28tj ashanti, 16 perm street, ashanti, Great Opportunity. Calling all Investors and first time buyers Looking for a great investment or",7 Jan 2026,2026-03-27T16:24:27.882282+00:00,for-sale,gauteng,johannesburg-metro,north-riding-to-lanseria,sonneglans,650000.0
privateproperty,T5375826,https://www.privateproperty.co.za/for-sale/gauteng/johannesburg-metro/sandton/beverley/483-the-william/1-broadacres-drive/T5375826,1 Bedroom Apartment in Beverley,6500000.0,Beverley,Sandton,Gauteng,Apartment,1.0,1.0,1.0,,46.0,,738.0,754.0,"1 Bedroom Apartment in Beverley, 483 the william, 1 broadacres drive, Premium Secure Estate Living With Exceptional Lifestyle Value This modern one bedroom apartment, of",4 Feb 2026,2026-03-27T16:24:23.679964+00:00,for-sale,gauteng,johannesburg-metro,sandton,beverley,650000.0
privateproperty,T5197032,https://www.privateproperty.co.za/for-sale/gauteng/johannesburg-metro/northcliff/montgomery-park/161-calais-complex/20-von-dessin-street/T5197032,2 Bedroom Apartment in Montgomery Park,6490000.0,Montgomery Park,Northcliff,Gauteng,Apartment,2.0,1.0,2.0,2.0,67.0,1.0,1061.0,405.0,"2 Bedroom Apartment in Montgomery Park, 161 calais complex, 20 von dessin street, Peace of mind living, 2 bedrooms, 2 parking''s with pool in complex Discover this inviting 1st floo",19 Aug 2025,2026-03-27T16:24:20.756706+00:00,for-sale,gauteng,johannesburg-metro,northcliff,montgomery-park,649000.0
privateproperty,T5273482,https://www.privateproperty.co.za/for-sale/gauteng/johannesburg-metro/randburg/windsor-east/10-castle-hill/85-countesses-ave/T5273482,1 Bedroom Apartment in Windsor East,6400000.0,Windsor East,Randburg,Gauteng,Apartment,1.0,1.0,2.0,,85.0,,2065.0,726.0,"1 Bedroom Apartment in Windsor East, 10 castle hill, 85 countesses ave, Transform potential into modern living and enjoy the comfort Discover the potential of this one-be",20 Oct 2025,2026-03-27T16:24:16.334570+00:00,for-sale,gauteng,johannesburg-metro,randburg,windsor-east,640000.0
privateproperty,T5399974,https://www.privateproperty.co.za/for-sale/gauteng/johannesburg-metro/sandton/paulshof/3-the-algarve/23-mount-fletcher/T5399974,1 Bedroom Apartment in Paulshof,6390000.0,Paulshof,Sandton,Gauteng,Apartment,1.0,1.0,3.0,,53.0,53.0,2261.0,489.0,"1 Bedroom Apartment in Paulshof, 3 the algarve, 23 mount fletcher, 1 Bed, 1 Bath Apartment - Paulshof Sunny Garden Apartment Ideal Starter Home or For Investors! Th",23 Feb 2026,2026-03-27T16:24:13.655447+00:00,for-sale,gauteng,johannesburg-metro,sandton,paulshof,639000.0
privateproperty,T5388579,https://www.privateproperty.co.za/for-sale/gauteng/johannesburg-metro/north-riding-to-lanseria/jackal-creek-northriding/jackal-creek-golf-estate/mf73-shinnecock/173-boundary-road/T5388579,1 Bedroom Apartment in Jackal Creek Golf Estate,6200000.0,Jackal Creek Northriding,North Riding To Lanseria,Gauteng,Apartment,1.0,1.0,1.0,,51.0,,3130.0,471.0,"1 Bedroom Apartment in Jackal Creek Golf Estate, mf73 shinnecock, 173 boundary road, Amazing Location in Shinnecock, Jackal Creek Golf Estate Welcome to Jackal Creek, where an exceptio",13 Feb 2026,2026-03-27T16:24:10.225481+00:00,for-sale,gauteng,johannesburg-metro,north-riding-to-lanseria,jackal-creek-northriding,620000.0
privateproperty,T5186748,https://www.privateproperty.co.za/for-sale/gauteng/johannesburg-metro/north-riding-to-lanseria/jackal-creek-northriding/jackal-creek-golf-estate/301-augusta/301-235-boundary-road/T5186748,1 Bedroom Apartment in Jackal Creek Golf Estate,6000000.0,Jackal Creek Northriding,North Riding To Lanseria,Gauteng,Apartment,1.0,1.0,3.0,,51.0,,2876.0,515.0,"1 Bedroom Apartment in Jackal Creek Golf Estate, 301 augusta, 301 235 boundary road, 50 reduction on Registration and bond registration Terms and Conditions apply.... Enjoy warm, sunny",11 Aug 2025,2026-03-27T16:24:07.471433+00:00,for-sale,gauteng,johannesburg-metro,north-riding-to-lanseria,jackal-creek-northriding,600000.0
privateproperty,T5381630,https://www.privateproperty.co.za/for-sale/gauteng/johannesburg-metro/sandton/paulshof/70-the-algarve/23-mount-fletcher/T5381630,1 Bedroom Apartment in Paulshof,5990000.0,Paulshof,Sandton,Gauteng,Apartment,1.0,1.0,1.0,,53.0,53.0,2261.0,263.0,"1 Bedroom Apartment in Paulshof, 70 the algarve, 23 mount fletcher, 1 Bed, 1 Bath Apartment - Paulshof Investors First Time Buyers! - Open-plan living area - Kitch",9 Feb 2026,2026-03-27T16:24:04.257968+00:00,for-sale,gauteng,johannesburg-metro,sandton,paulshof,599000.0
privateproperty,T5255466,https://www.privateproperty.co.za/for-sale/gauteng/johannesburg-metro/randburg/ferndale/46-victoria-lofts/315-main-avenue/T5255466,2 Bedroom Apartment in Ferndale,5980000.0,Ferndale,Randburg,Gauteng,Apartment,2.0,1.0,1.0,,63.0,,1009.0,599.0,"2 Bedroom Apartment in Ferndale, 46 victoria lofts, 315 main avenue, Well positioned unit in Ferndale View by appointment. Close to the CBD and main transport routes, t",6 Oct 2025,2026-03-27T16:24:00.273189+00:00,for-sale,gauteng,johannesburg-metro,randburg,ferndale,598000.0
privateproperty,T5258155,https://www.privateproperty.co.za/for-sale/gauteng/johannesburg-metro/randburg/windsor-east/14-robin-glen-village/66-dukes-avenue/T5258155,2 Bedroom Apartment in Windsor East,5800000.0,Windsor East,Randburg,Gauteng,Apartment,2.0,1.0,2.0,,90.0,9.0,1009.0,699.0,"2 Bedroom Apartment in Windsor East, 14 robin glen village, 66 dukes avenue, Renovated 2 bedroom apartment with excellent security & open views Situated on the second floor of",8 Oct 2025,2026-03-27T16:23:57.285313+00:00,for-sale,gauteng,johannesburg-metro,randburg,windsor-east,580000.0
privateproperty,T3231891,https://www.privateproperty.co.za/for-sale/gauteng/johannesburg-metro/johannesburg-central/city-and-suburban-maboneng/49-artisan/260-market-street/T3231891,1 Bedroom Apartment in City & Suburban (Maboneng),5800000.0,City And Suburban Maboneng,Johannesburg Central,Gauteng,Apartment,1.0,1.0,1.0,,102.0,1.0,1610.0,800.0,"1 Bedroom Apartment in City & Suburban (Maboneng), 49 artisan, 260 market street, Modern Maboneng Apartment: Urban Living with Secure Parking Discover modern urban living in this st",25 Feb 2025,2026-03-27T16:23:53.298669+00:00,for-sale,gauteng,johannesburg-metro,johannesburg-central,city-and-suburban-maboneng,580000.0
privateproperty,T5344105,https://www.privateproperty.co.za/for-sale/gauteng/johannesburg-metro/northcliff/linden/28tj-upstairs-on-5th/28-5th-street-upstairs-on-5th/T5344105,1 Bedroom Apartment in Linden,5700000.0,Linden,Northcliff,Gauteng,Apartment,1.0,1.0,1.0,,36.0,2.0,1528.0,171.0,"1 Bedroom Apartment in Linden, 28tj upstairs on 5th, 28 5th street, upstairs on 5th, Great Opportunity. Calling all Investors and first time buyers Looking for a great investment or",7 Jan 2026,2026-03-27T16:23:50.047893+00:00,for-sale,gauteng,johannesburg-metro,northcliff,linden,570000.0
privateproperty,T5316613,https://www.privateproperty.co.za/for-sale/gauteng/johannesburg-metro/north-riding-to-lanseria/north-riding/north-riding-ah/mf99-the-wedge/137-boundary-road/T5316613,2 Bedroom Apartment in North Riding AH,5600000.0,North Riding,North Riding To Lanseria,Gauteng,Apartment,2.0,2.0,1.0,,83.0,,3500.0,346.0,"2 Bedroom Apartment in North Riding AH, mf99 the wedge, 137 boundary road, Amazing Investment Opportunity Welcome to The Wedge, ideally situated in North Riding AH with conve",25 Nov 2025,2026-03-27T16:23:46.268497+00:00,for-sale,gauteng,johannesburg-metro,north-riding-to-lanseria,north-riding,560000.0
privateproperty,T5150115,https://www.privateproperty.co.za/for-sale/gauteng/johannesburg-metro/soweto/protea-glen/57-idube-lifestyle-village/2-sagewood-street/T5150115,1 Bedroom Apartment in Protea Glen,5390000.0,Protea Glen,Soweto,Gauteng,Apartment,1.0,1.0,1.0,,31.0,,609.0,332.0,"1 Bedroom Apartment in Protea Glen, 57 idube lifestyle village, 2 sagewood street, FROM R539,000 Situated in Protea Glen Ext 1 Own your dream 1 or 2-bedroom home at Idube Lifestyle",12 Jul 2025,2026-03-27T16:23:43.122840+00:00,for-sale,gauteng,johannesburg-metro,soweto,protea-glen,539000.0
privateproperty,T5153682,https://www.privateproperty.co.za/for-sale/gauteng/johannesburg-metro/randburg/ferndale/35-victoria-lofts/315-main-avenue/T5153682,2 Bedroom Apartment in Ferndale,5350000.0,Ferndale,Randburg,Gauteng,Apartment,2.0,1.0,1.0,,62.0,3.0,1003.0,143.0,"2 Bedroom Apartment in Ferndale, 35 victoria lofts, 315 main avenue, Two bed ground floor apartment close to main amenities in Ferndale View by appointment. Mondays 5",15 Jul 2025,2026-03-27T16:23:38.852548+00:00,for-sale,gauteng,johannesburg-metro,randburg,ferndale,535000.0
privateproperty,T5387128,https://www.privateproperty.co.za/for-sale/gauteng/johannesburg-metro/north-riding-to-lanseria/jackal-creek-northriding/jackal-creek-golf-estate/mb54-carnousti/54-boundary-road/T5387128,1 Bedroom Apartment in Jackal Creek Golf Estate,5000000.0,Jackal Creek Northriding,North Riding To Lanseria,Gauteng,Apartment,1.0,1.0,1.0,,51.0,,1498.0,635.0,"1 Bedroom Apartment in Jackal Creek Golf Estate, mb54 carnousti, 54 boundary road, Welcome to Carnoustie, Investment Opportunity Awaits If youre looking for the ideal investment prop",12 Feb 2026,2026-03-27T16:23:34.829371+00:00,for-sale,gauteng,johannesburg-metro,north-riding-to-lanseria,jackal-creek-northriding,500000.0
privateproperty,T5361839,https://www.privateproperty.co.za/for-sale/gauteng/johannesburg-metro/randburg/windsor-east/9-wincrest-view/5-henry-street/T5361839,1 Bedroom Apartment in Windsor East,4950000.0,Windsor East,Randburg,Gauteng,Apartment,1.0,1.0,2.0,,54.0,994.0,2962.0,337.0,"1 Bedroom Apartment in Windsor East, 9 wincrest view, 5 henry street, Modern comfort meets peace and privacy. Discover this beautifully renovated one-bedroom apartment o",23 Jan 2026,2026-03-27T16:23:30.540943+00:00,for-sale,gauteng,johannesburg-metro,randburg,windsor-east,495000.0
privateproperty,T5189668,https://www.privateproperty.co.za/for-sale/gauteng/johannesburg-metro/randburg/windsor-east/11-wincrest-view/5-henry/T5189668,1 Bedroom Apartment in Windsor East,3900000.0,Windsor East,Randburg,Gauteng,Apartment,1.0,1.0,2.0,,52.0,990.0,1268.0,568.0,"1 Bedroom Apartment in Windsor East, 11 wincrest view, 5 henry, Beautiful 1 bedroom in excellent condition stunning views Located on the second floor of a well-ma",13 Aug 2025,2026-03-27T16:23:27.284063+00:00,for-sale,gauteng,johannesburg-metro,randburg,windsor-east,390000.0
privateproperty,T5113966,https://www.privateproperty.co.za/for-sale/gauteng/johannesburg-metro/randburg/windsor-east/7-riverton/33-dukes-avenue/T5113966,1 Bedroom Apartment in Windsor East,3800000.0,Windsor East,Randburg,Gauteng,Apartment,1.0,1.0,2.0,,72.0,992.0,912.0,292.0,"1 Bedroom Apartment in Windsor East, 7 riverton, 33 dukes avenue, Spacious one bedroom apartment in a neat facebrick complex Situated in a quiet and well-maintained",12 Jun 2025,2026-03-27T16:23:24.272495+00:00,for-sale,gauteng,johannesburg-metro,randburg,windsor-east,380000.0
privateproperty,T5406796,https://www.privateproperty.co.za/for-sale/gauteng/johannesburg-metro/randburg/windsor-east/15-tallwood/49-viscounts-avenue/T5406796,1 Bedroom Apartment in Windsor East,3500000.0,Windsor East,Randburg,Gauteng,Apartment,1.0,1.0,2.0,,59.0,993.0,763.0,241.0,"1 Bedroom Apartment in Windsor East, 15 tallwood, 49 viscounts avenue, One Bedroom, Second-Floor Apartment with Value-Add Potential This one bedroom apartment, located on",27 Feb 2026,2026-03-27T16:23:20.526271+00:00,for-sale,gauteng,johannesburg-metro,randburg,windsor-east,350000.0
privateproperty,T5431003,https://www.privateproperty.co.za/for-sale/gauteng/johannesburg-metro/randburg/ferndale/306-dover-towers/178-bram-fischer-drive/T5431003,2 Bedroom Apartment in Ferndale,3490000.0,Ferndale,Randburg,Gauteng,Apartment,2.0,1.0,3.0,1.0,60.0,2.0,2888.0,814.0,"2 Bedroom Apartment in Ferndale, 306 dover towers, 178 bram fischer drive, VERSATILE 2-BEDROOM UNIT IN DOVER TOWERS OWNER ASKING R 449 000 NEGOTIATING OFFERS ABOVE R 349 00",19 Mar 2026,2026-03-27T16:23:16.276740+00:00,for-sale,gauteng,johannesburg-metro,randburg,ferndale,349000.0
privateproperty,T5406663,https://www.privateproperty.co.za/for-sale/gauteng/johannesburg-metro/randburg/windsor-east/7-tallwood/49-viscounts-avenue/T5406663,1 Bedroom Apartment in Windsor East,3200000.0,Windsor East,Randburg,Gauteng,Apartment,1.0,1.0,1.0,,53.0,993.0,685.0,36.0,"1 Bedroom Apartment in Windsor East, 7 tallwood, 49 viscounts avenue, Well-located living with room to grow and in need of your touch. This first-floor apartment is well",27 Feb 2026,2026-03-27T16:23:12.259023+00:00,for-sale,gauteng,johannesburg-metro,randburg,windsor-east,320000.0
privateproperty,T5336431,https://www.privateproperty.co.za/for-sale/gauteng/johannesburg-metro/northcliff/albertville/21a-villa-barcelona/2a-van-zyl-street/T5336431,Bachelor apartment in Albertville,3180000.0,Albertville,Northcliff,Gauteng,Apartment,1.0,1.0,1.0,,38.0,59.0,1027.0,400.0,"Bachelor apartment in Albertville, 21a villa barcelona, 2a van zyl street, Modern Bachelor in Villa Barcelona, Ideal for First-Timers or Investors Discover a charming, light-",17 Dec 2025,2026-03-27T16:23:09.604364+00:00,for-sale,gauteng,johannesburg-metro,northcliff,albertville,318000.0
privateproperty,T5241955,https://www.privateproperty.co.za/for-sale/gauteng/johannesburg-metro/sandton/parkmore/T5241955,1 Bedroom Apartment in Parkmore,7500000.0,Parkmore,Sandton,Gauteng,Apartment,1.0,1.0,2.0,1.0,,,1950.0,918.0,"1 Bedroom Apartment in Parkmore, Taking Offers From 750000 OFFERS FROM R750k - CALLING ON ALL SERIOUS BUYERS This apartment is saf",23 Sep 2025,2026-03-27T16:23:06.904288+00:00,for-sale,gauteng,johannesburg-metro,sandton,parkmore,750000.0
privateproperty,T5377789,https://www.privateproperty.co.za/for-sale/gauteng/johannesburg-metro/johannesburg-south/south-hills/T5377789,2 Bedroom Apartment in South Hills,5499900.0,South Hills,Johannesburg South,Gauteng,Apartment,2.0,1.0,1.0,,38.0,,1.0,1.0,"2 Bedroom Apartment in South Hills, This well-maintained unit offers comfortable living in a secure and quiet complex, ideal for first-",5 Feb 2026,2026-03-27T16:23:02.963379+00:00,for-sale,gauteng,johannesburg-metro,johannesburg-south,south-hills,549990.0
privateproperty,T5393630,https://www.privateproperty.co.za/for-sale/gauteng/johannesburg-metro/northcliff/auckland-park/melville-mews/orange-street/T5393630,1 Bedroom Apartment in Auckland Park,5100000.0,Auckland Park,Northcliff,Gauteng,Apartment,1.0,1.0,1.0,,,,2131.0,1274.0,"1 Bedroom Apartment in Auckland Park, melville mews, orange street, 1 BEDROOM LOFT UNIT FOR SALE IN PRIME LOCATION - 1 BEDROOM LOFT UNIT FOR SALE IN PRIME LOCATION. CLO",18 Feb 2026,2026-03-27T16:23:00.142464+00:00,for-sale,gauteng,johannesburg-metro,northcliff,auckland-park,510000.0
privateproperty,T5274625,https://www.privateproperty.co.za/for-sale/gauteng/johannesburg-metro/soweto/jabulani/T5274625,2 Bedroom Apartment in Jabulani,4600000.0,Jabulani,Soweto,Gauteng,Apartment,2.0,1.0,,,42.0,,1120.0,462.0,"2 Bedroom Apartment in Jabulani, 2 bedroom third floor apartment for sale at Jabulani Inside: 2 bedroom 1 bath Living room (Open",21 Oct 2025,2026-03-27T16:22:56.223742+00:00,for-sale,gauteng,johannesburg-metro,soweto,jabulani,460000.0
privateproperty,T5348576,https://www.privateproperty.co.za/for-sale/gauteng/johannesburg-metro/midrand/carlswald-estate/T5348576,3 Bedroom Apartment in Carlswald Estate,17000000.0,Carlswald Estate,Midrand,Gauteng,Apartment,3.0,2.0,1.0,,102.0,,4500.0,1100.0,"3 Bedroom Apartment in Carlswald Estate, This exquisite 3-bedroom apartment offers a perfect blend of modern living and convenience, nestled",13 Jan 2026,2026-03-27T16:22:53.161511+00:00,for-sale,gauteng,johannesburg-metro,midrand,carlswald-estate,1700000.0
privateproperty,T5424667,https://www.privateproperty.co.za/for-sale/gauteng/johannesburg-metro/midrand/halfway-gardens/T5424667,3 Bedroom Apartment in Halfway Gardens,15800000.0,Halfway Gardens,Midrand,Gauteng,Apartment,3.0,2.0,1.0,,103.0,,1100.0,1200.0,"3 Bedroom Apartment in Halfway Gardens, Experience the pinnacle of modern living in this exquisite, brand-new apartment, perfectly positione",14 Mar 2026,2026-03-27T16:22:49.446426+00:00,for-sale,gauteng,johannesburg-metro,midrand,halfway-gardens,1580000.0
privateproperty,T5341385,https://www.privateproperty.co.za/for-sale/gauteng/johannesburg-metro/sandton/sandhurst/T5341385,1 Bedroom Apartment in Sandhurst,10500000.0,Sandhurst,Sandton,Gauteng,Apartment,1.0,1.0,,,57.0,,1931.0,829.0,"1 Bedroom Apartment in Sandhurst, Modern 1-Bedroom Apartment for Sale Price: R1 050 000 This well-maintained 1-bedroom apartment offer",3 Jan 2026,2026-03-27T16:22:46.676791+00:00,for-sale,gauteng,johannesburg-metro,sandton,sandhurst,1050000.0
privateproperty,T5339917,https://www.privateproperty.co.za/for-sale/gauteng/johannesburg-metro/sandton/sunninghill/T5339917,2 Bedroom Apartment in Sunninghill,7500000.0,Sunninghill,Sandton,Gauteng,Apartment,2.0,2.0,1.0,,72.0,72.0,2288.0,600.0,"2 Bedroom Apartment in Sunninghill, Price: R699,000 | R749,000 | R849,000. EXCLUSIVE MANDATE. Buyer bank preapproval or proof of funds a",24 Dec 2025,2026-03-27T16:22:43.413578+00:00,for-sale,gauteng,johannesburg-metro,sandton,sunninghill,750000.0
privateproperty,T5281469,https://www.privateproperty.co.za/for-sale/gauteng/johannesburg-metro/northcliff/sophiatown/T5281469,2 Bedroom Apartment in Sophiatown,3600000.0,Sophiatown,Northcliff,Gauteng,Apartment,2.0,1.0,1.0,,54.0,,815.0,930.6666666666666,"2 Bedroom Apartment in Sophiatown, Welcome to Sophiatown, one of Johannesburgs most character-filled suburbs - rich in history, culture",27 Oct 2025,2026-03-27T16:22:27.474602+00:00,for-sale,gauteng,johannesburg-metro,northcliff,sophiatown,360000.0
privateproperty,T5156930,https://www.privateproperty.co.za/for-sale/gauteng/johannesburg-metro/sandton/bryanston/T5156930,2 Bedroom Apartment in Bryanston,13600000.0,Bryanston,Sandton,Gauteng,Apartment,2.0,2.0,2.0,,,,2059.076923076923,960.5,"2 Bedroom Apartment in Bryanston, Charming and Stylish Apartment in the Heart of Bryanston Bantry Square Welcome to this charming an",17 Jul 2025,2026-03-27T16:22:23.911370+00:00,for-sale,gauteng,johannesburg-metro,sandton,bryanston,1360000.0
privateproperty,T5391507,https://www.privateproperty.co.za/for-sale/gauteng/johannesburg-metro/midrand/carlswald-estate/T5391507,2 Bedroom Apartment in Carlswald Estate,12500000.0,Carlswald Estate,Midrand,Gauteng,Apartment,2.0,2.0,1.0,,,,2272.875,920.0,"2 Bedroom Apartment in Carlswald Estate, Welcome to your new home at Erands Gardens, where comfort and convenience come together in this invi",17 Feb 2026,2026-03-27T16:22:20.011255+00:00,for-sale,gauteng,johannesburg-metro,midrand,carlswald-estate,1250000.0
privateproperty,T5399195,https://www.privateproperty.co.za/for-sale/gauteng/johannesburg-metro/midrand/crowthorne/T5399195,1 Bedroom Apartment in Crowthorne,8700000.0,Crowthorne,Midrand,Gauteng,Apartment,1.0,1.0,1.0,,,,2359.2147395833335,1965.3437627811861,"1 Bedroom Apartment in Crowthorne, Set within the prestigious suburb of Crowthorne, this beautifully positioned top floor one bedroom a",23 Feb 2026,2026-03-27T16:22:16.063256+00:00,for-sale,gauteng,johannesburg-metro,midrand,crowthorne,870000.0
privateproperty,T5338165,https://www.privateproperty.co.za/for-sale/gauteng/johannesburg-metro/sandton/morningside/T5338165,1 Bedroom Apartment in Morningside,8300000.0,Morningside,Sandton,Gauteng,Apartment,1.0,1.0,,,,,3505.0,1405.5,"1 Bedroom Apartment in Morningside, Modern 1-Bedroom Apartment for Sale Price: R830 000 This well-maintained 1-bedroom apartment offers",19 Dec 2025,2026-03-27T16:22:11.755860+00:00,for-sale,gauteng,johannesburg-metro,sandton,morningside,830000.0
privateproperty,T5241906,https://www.privateproperty.co.za/for-sale/gauteng/johannesburg-metro/sandton/parkmore/T5241906,1 Bedroom Apartment in Parkmore,7800000.0,Parkmore,Sandton,Gauteng,Apartment,1.0,1.0,1.0,,,,2766.5,1351.5,"1 Bedroom Apartment in Parkmore, Spacious 1 bedroom, 1 bathroom apartment Lovely bright and modern 1 bedroom,1 bathroom apartment loc",23 Sep 2025,2026-03-27T16:22:08.421614+00:00,for-sale,gauteng,johannesburg-metro,sandton,parkmore,780000.0
privateproperty,T5425516,https://www.privateproperty.co.za/for-sale/gauteng/johannesburg-metro/north-riding-to-lanseria/north-riding/T5425516,2 Bedroom Apartment in North Riding,7800000.0,North Riding,North Riding To Lanseria,Gauteng,Apartment,2.0,1.0,,,,,2445.3636363636365,775.0,"2 Bedroom Apartment in North Riding, Located at 21 Sunset Avenue, this well-positioned first-floor apartment offers comfortable living in",16 Mar 2026,2026-03-27T16:22:05.259939+00:00,for-sale,gauteng,johannesburg-metro,north-riding-to-lanseria,north-riding,780000.0
privateproperty,T5392919,https://www.privateproperty.co.za/for-sale/gauteng/johannesburg-metro/johannesburg-south/linmeyer/T5392919,2 Bedroom Apartment in Linmeyer,6500000.0,Linmeyer,Johannesburg South,Gauteng,Apartment,1.0,1.0,1.0,1.0,,,1253.2,949.1418918918919,"2 Bedroom Apartment in Linmeyer, Welcome to this charming 2-bedroom ground floor apartment perfectly located in the sought-after subu",17 Feb 2026,2026-03-27T16:22:02.117020+00:00,for-sale,gauteng,johannesburg-metro,johannesburg-south,linmeyer,650000.0
privateproperty,T5415148,https://www.privateproperty.co.za/for-sale/gauteng/johannesburg-metro/johannesburg-central/marshalltown/T5415148,Studio Apartment in Marshalltown,5500000.0,Marshalltown,Johannesburg Central,Gauteng,Apartment,0.5,1.0,,,,,257.0,1670.0,"Studio Apartment in Marshalltown, Modern Bachelor Unit in the Heart of Johannesburg Experience convenient city living with this styli",6 Mar 2026,2026-03-27T16:21:58.399550+00:00,for-sale,gauteng,johannesburg-metro,johannesburg-central,marshalltown,550000.0
privateproperty,T5240053,https://www.privateproperty.co.za/for-sale/gauteng/johannesburg-metro/sandton/sandton-central/T5240053,1 Bedroom Apartment in Sandton Central,55000000.0,Sandton Central,Sandton,Gauteng,Apartment,1.0,2.0,2.0,2.0,,,8860.0,1850.0,"1 Bedroom Apartment in Sandton Central, The Leonardo is the tallest most Premier building on the African Continent, located in Africas Riche",22 Sep 2025,2026-03-27T16:21:55.296096+00:00,for-sale,gauteng,johannesburg-metro,sandton,sandton-central,5500000.0
privateproperty,T5300971,https://www.privateproperty.co.za/for-sale/gauteng/johannesburg-metro/sandton/atholl/T5300971,3 Bedroom Apartment in Atholl,29990000.0,Atholl,Sandton,Gauteng,Apartment,3.0,2.5,1.0,,,,6160.0,2753.0,"3 Bedroom Apartment in Atholl, A CLASSIC GEM WITH MODERN ELEGANCE Nestled in the sought-after Atholl/Elton Hill suburb, this class",13 Mar 2026,2026-03-27T16:21:52.392612+00:00,for-sale,gauteng,johannesburg-metro,sandton,atholl,2999000.0
privateproperty,T5223132,https://www.privateproperty.co.za/for-sale/gauteng/johannesburg-metro/sandton/broadacres/T5223132,2 Bedroom Apartment in Broadacres,23250000.0,Broadacres,Sandton,Gauteng,Apartment,2.0,2.0,,,,,1165.0,1530.0,"2 Bedroom Apartment in Broadacres, Experience Modern Luxury with a New York Apartment Feel From the moment you walk through the door,",9 Sep 2025,2026-03-27T16:21:48.845303+00:00,for-sale,gauteng,johannesburg-metro,sandton,broadacres,2325000.0
privateproperty,T4039932,https://www.privateproperty.co.za/for-sale/gauteng/johannesburg-metro/rosebank-and-parktown/killarney/daventry-court/4th-avenue/T4039932,1 Bedroom Apartment in Killarney,19500000.0,Killarney,Rosebank And Parktown,Gauteng,Apartment,1.0,1.0,1.0,1.0,,,2600.0,751.0,"1 Bedroom Apartment in Killarney, daventry court, 4th avenue, Spacious 1 bed 1 bath with charming views in the heart of Killarney for SALE. This charming 1 bedroo",4 Jun 2025,2026-03-27T16:21:45.883248+00:00,for-sale,gauteng,johannesburg-metro,rosebank-and-parktown,killarney,1950000.0
privateproperty,T5383076,https://www.privateproperty.co.za/for-sale/gauteng/johannesburg-metro/sandton/paulshof/T5383076,3 Bedroom Apartment in Paulshof,18990000.0,Paulshof,Sandton,Gauteng,Apartment,3.0,2.5,1.0,1.0,192.0,,2114.3571428571427,588.0,"3 Bedroom Apartment in Paulshof, This stylish 3-bedroom, 2-bathroom ground-floor apartment offers effortless modern living in one of",10 Feb 2026,2026-03-27T16:21:41.801080+00:00,for-sale,gauteng,johannesburg-metro,sandton,paulshof,1899000.0
privateproperty,T5310180,https://www.privateproperty.co.za/for-sale/gauteng/johannesburg-metro/sandton/bryanston/T5310180,2 Bedroom Apartment in Bryanston,16000000.0,Bryanston,Sandton,Gauteng,Apartment,2.0,1.0,2.0,,117.0,,2059.076923076923,960.5,"2 Bedroom Apartment in Bryanston, Move-in Ready Apartment Perfect For Work & Play Step into refined living in this elegant two-bedroo",13 Mar 2026,2026-03-27T16:21:39.178465+00:00,for-sale,gauteng,johannesburg-metro,sandton,bryanston,1600000.0
privateproperty,T5343794,https://www.privateproperty.co.za/for-sale/gauteng/johannesburg-metro/rosebank-and-parktown/melrose-arch/T5343794,1 Bedroom Apartment in Melrose Arch,15250000.0,Melrose Arch,Rosebank And Parktown,Gauteng,Apartment,1.0,1.0,,,,,2600.0,900.0,"1 Bedroom Apartment in Melrose Arch, Experience the ultimate New York-style living in this modern 1-bedroom apartment located in Melrose",7 Jan 2026,2026-03-27T16:21:35.075114+00:00,for-sale,gauteng,johannesburg-metro,rosebank-and-parktown,melrose-arch,1525000.0
privateproperty,T5399097,https://www.privateproperty.co.za/for-sale/gauteng/johannesburg-metro/sandton/morningside/T5399097,2 Bedroom Apartment in Morningside,15000000.0,Morningside,Sandton,Gauteng,Apartment,2.0,2.0,1.0,,96.0,,3505.0,1405.5,"2 Bedroom Apartment in Morningside, Spacious 2 Bedroom, 2 Bathroom Apartment For Sale in Morningside Sandton This 2nd-floor apartment",23 Feb 2026,2026-03-27T16:21:31.182602+00:00,for-sale,gauteng,johannesburg-metro,sandton,morningside,1500000.0
privateproperty,T5157684,https://www.privateproperty.co.za/for-sale/gauteng/johannesburg-metro/sandton/paulshof/T5157684,2 Bedroom Apartment in Paulshof,14800000.0,Paulshof,Sandton,Gauteng,Apartment,2.0,2.0,2.0,,,,3400.0,1500.0,"2 Bedroom Apartment in Paulshof, This home is set in one of the most sought-after and well-maintained complexes. Step into this charm",18 Jul 2025,2026-03-27T16:21:28.572263+00:00,for-sale,gauteng,johannesburg-metro,sandton,paulshof,1480000.0
privateproperty,T5318373,https://www.privateproperty.co.za/for-sale/gauteng/johannesburg-metro/north-riding-to-lanseria/olivedale/T5318373,2 Bedroom Apartment in Olivedale,14500000.0,Olivedale,North Riding To Lanseria,Gauteng,Apartment,2.0,2.0,,,,,2032.0,1187.0,"2 Bedroom Apartment in Olivedale, Modern 2-Bedroom Apartment for Sale Amsterdam Estate, OlivedalePrice: R1 450 000 Discover comfortab",27 Nov 2025,2026-03-27T16:21:25.967557+00:00,for-sale,gauteng,johannesburg-metro,north-riding-to-lanseria,olivedale,1450000.0
privateproperty,T5213650,https://www.privateproperty.co.za/for-sale/gauteng/johannesburg-metro/sandton/paulshof/T5213650,3 Bedroom Apartment in Paulshof,13500000.0,Paulshof,Sandton,Gauteng,Apartment,3.0,2.0,,,115.0,115.0,2114.3571428571427,588.0,"3 Bedroom Apartment in Paulshof, Bank preapproval or proof of funds required. Virtual Showday available. 2 bed plus extremely large l",2 Sep 2025,2026-03-27T16:21:21.929899+00:00,for-sale,gauteng,johannesburg-metro,sandton,paulshof,1350000.0
privateproperty,T5390937,https://www.privateproperty.co.za/for-sale/gauteng/johannesburg-metro/north-riding-to-lanseria/olivedale/T5390937,2 Bedroom Apartment in Olivedale,13250000.0,Olivedale,North Riding To Lanseria,Gauteng,Apartment,2.0,2.0,2.0,2.0,102.0,,2032.0,1187.0,"2 Bedroom Apartment in Olivedale, Stunning Contemporary like Brand New 2 bedrooms apartment. Middle floor. Tight security. All w",16 Feb 2026,2026-03-27T16:21:17.677439+00:00,for-sale,gauteng,johannesburg-metro,north-riding-to-lanseria,olivedale,1325000.0
privateproperty,T5415448,https://www.privateproperty.co.za/for-sale/gauteng/johannesburg-metro/midrand/erand-gardens/T5415448,3 Bedroom Apartment in Erand Gardens,13000000.0,Erand Gardens,Midrand,Gauteng,Apartment,3.0,2.0,4.0,,,,900.0,600.0,"3 Bedroom Apartment in Erand Gardens, This three-bedroom, two-bathroom apartment is located on the ground floor of the highly sought-after",6 Mar 2026,2026-03-27T16:21:13.176526+00:00,for-sale,gauteng,johannesburg-metro,midrand,erand-gardens,1300000.0
privateproperty,T4239027,https://www.privateproperty.co.za/for-sale/gauteng/johannesburg-metro/sandton/fourways/the-william/T4239027,2 Bedroom Apartment in Fourways,11250000.0,Fourways,Sandton,Gauteng,Apartment,2.0,1.0,2.0,,93.0,,1732.8,835.16,"2 Bedroom Apartment in Fourways, the william, , The William - Fourways - R 1 125 000 This stunning sought after apartment is situated at The William",23 Sep 2025,2026-03-27T16:21:09.272747+00:00,for-sale,gauteng,johannesburg-metro,sandton,fourways,1125000.0
privateproperty,T5399049,https://www.privateproperty.co.za/for-sale/gauteng/johannesburg-metro/sandton/edenburg/T5399049,2 Bedroom Apartment in Edenburg,11000000.0,Edenburg,Sandton,Gauteng,Apartment,2.0,2.0,2.0,2.0,,,2550.0,1121.0,"2 Bedroom Apartment in Edenburg, Spacious 2 Bed, 2 Bath Apartment For Sale AIRBNB FRIENDLY COMPLEX Air-Conditioned | Large Balcony",23 Feb 2026,2026-03-27T16:21:05.090448+00:00,for-sale,gauteng,johannesburg-metro,sandton,edenburg,1100000.0
privateproperty,T5159730,https://www.privateproperty.co.za/for-sale/gauteng/johannesburg-metro/sandton/douglasdale/kalgaro/T5159730,2 Bedroom Apartment in Douglasdale,9950000.0,Douglasdale,Sandton,Gauteng,Apartment,2.0,2.0,2.0,,72.0,,2930.285714285714,818.0,"2 Bedroom Apartment in Douglasdale, kalgaro, , Douglasdale - 2 Beds, 2 Baths - Kalgaro R 995 000 Modern 2-Bedroom Apartment in Kalgaro Estate Secu",21 Jul 2025,2026-03-27T16:21:02.098040+00:00,for-sale,gauteng,johannesburg-metro,sandton,douglasdale,995000.0
privateproperty,T5423385,https://www.privateproperty.co.za/for-sale/gauteng/johannesburg-metro/midrand/noordwyk/T5423385,2 Bedroom Apartment in Noordwyk,9575000.0,Noordwyk,Midrand,Gauteng,Apartment,2.0,1.0,,,57.0,,1519.3,587.5,"2 Bedroom Apartment in Noordwyk, Stylish Living Meets Prime Location 2-Bedroom Apartment, Erand Creek Estate Step into modern comf",13 Mar 2026,2026-03-27T16:20:59.424080+00:00,for-sale,gauteng,johannesburg-metro,midrand,noordwyk,957500.0
privateproperty,T5036691,https://www.privateproperty.co.za/for-sale/gauteng/johannesburg-metro/midrand/glen-austin/T5036691,2 Bedroom Apartment in Glen Austin,8990000.0,Glen Austin,Midrand,Gauteng,Apartment,2.0,1.0,2.0,,63.0,,1623.2,556.0,"2 Bedroom Apartment in Glen Austin, Priced To Go! Spend Wisely Country lifestyle meets urban, a serene estate in a neighbourhood that of",9 Apr 2025,2026-03-27T16:20:55.836017+00:00,for-sale,gauteng,johannesburg-metro,midrand,glen-austin,899000.0
privateproperty,T5295597,https://www.privateproperty.co.za/for-sale/gauteng/johannesburg-metro/midrand/glen-austin/glen-austin-ah/151-the-austin/55-austin-road/T5295597,2 Bedroom Apartment in Glen Austin AH,8799000.0,Glen Austin,Midrand,Gauteng,Apartment,2.0,1.0,1.0,,54.4,,1417.0,335.0,"2 Bedroom Apartment in Glen Austin AH, 151 the austin, 55 austin road, Welcome to your new home at The Austin, where comfort and convenience come together in this inviting",7 Nov 2025,2026-03-27T16:20:52.994218+00:00,for-sale,gauteng,johannesburg-metro,midrand,glen-austin,879900.0
privateproperty,T5170141,https://www.privateproperty.co.za/for-sale/gauteng/johannesburg-metro/midrand/carlswald/257-the-austin/55-austin-road/T5170141,2 Bedroom Apartment in Carlswald,8099000.0,Carlswald,Midrand,Gauteng,Apartment,2.0,1.0,1.0,,48.0,,1320.0,268.0,"2 Bedroom Apartment in Carlswald, 257 the austin, 55 austin road, Discover a blend of modern convenience and cozy living in this 48sqm unit at The Austin. Perfect for",29 Jul 2025,2026-03-27T16:20:50.249752+00:00,for-sale,gauteng,johannesburg-metro,midrand,carlswald,809900.0
privateproperty,T5397668,https://www.privateproperty.co.za/for-sale/gauteng/johannesburg-metro/midrand/noordwyk/T5397668,2 Bedroom Apartment in Noordwyk,8000000.0,Noordwyk,Midrand,Gauteng,Apartment,2.0,1.0,1.0,,,71.0,1519.3,587.5,"2 Bedroom Apartment in Noordwyk, This Immaculate 2-Bedroom ground floor apartment is situated in a Secure Complex offering a relaxed",20 Feb 2026,2026-03-27T16:20:46.020352+00:00,for-sale,gauteng,johannesburg-metro,midrand,noordwyk,800000.0
privateproperty,T5249370,https://www.privateproperty.co.za/for-sale/gauteng/johannesburg-metro/north-riding-to-lanseria/sundowner/T5249370,2 Bedroom Apartment in Sundowner,7950000.0,Sundowner,North Riding To Lanseria,Gauteng,Apartment,2.0,2.0,2.0,,109.0,,1741.5,446.0,"2 Bedroom Apartment in Sundowner, Modern, cosy, top floor unit!! Live on top of the world! This unit will suit the young and agile!! M",30 Sep 2025,2026-03-27T16:20:42.839515+00:00,for-sale,gauteng,johannesburg-metro,north-riding-to-lanseria,sundowner,795000.0
privateproperty,T5426933,https://www.privateproperty.co.za/for-sale/gauteng/johannesburg-metro/midrand/vorna-valley/T5426933,2 Bedroom Apartment in Vorna Valley,7800000.0,Vorna Valley,Midrand,Gauteng,Apartment,2.0,1.0,1.0,1.0,,,1600.0,773.0,"2 Bedroom Apartment in Vorna Valley, 2-Bedroom Ground Floor Apartment for Sale in Bel Aire Complex This well-maintained 2-bedroom, 1-bat",17 Mar 2026,2026-03-27T16:20:39.484549+00:00,for-sale,gauteng,johannesburg-metro,midrand,vorna-valley,780000.0
privateproperty,T5433139,https://www.privateproperty.co.za/for-sale/gauteng/johannesburg-metro/soweto/orlando/orlando-east/T5433139,2 Bedroom Apartment in Orlando East,7250000.0,Orlando,Soweto,Gauteng,Apartment,1.0,1.0,2.0,,48.0,,560.0,643.0,"2 Bedroom Apartment in Orlando East, FOR SALE: 2-Bedroom Apartment Secure Living at an Unbeatable Price! Step into this well-maintained",22 Mar 2026,2026-03-27T16:20:35.261998+00:00,for-sale,gauteng,johannesburg-metro,soweto,orlando,725000.0
privateproperty,T5394477,https://www.privateproperty.co.za/for-sale/gauteng/johannesburg-metro/midrand/noordwyk/889-willow-crest/16-sagewood-avenue/T5394477,Bachelor apartment in Noordwyk,3900000.0,Noordwyk,Midrand,Gauteng,Apartment,0.5,1.0,1.0,,48.0,,800.0,400.0,"Bachelor apartment in Noordwyk, 889 willow crest, 16 sagewood avenue, Bachelor Unit Willow Crest for Sale!!! Open plan that can be used as bedroom, it can also fit a co",18 Feb 2026,2026-03-27T16:20:32.012106+00:00,for-sale,gauteng,johannesburg-metro,midrand,noordwyk,390000.0
privateproperty,T4874358,https://www.privateproperty.co.za/for-sale/gauteng/johannesburg-metro/sandton/sandton-central/T4874358,1 Bedroom Apartment in Sandton Central,68500000.0,Sandton Central,Sandton,Gauteng,Apartment,1.0,2.0,2.0,2.0,,6.0,7500.0,1985.0,"1 Bedroom Apartment in Sandton Central, Welcome to the one-bedroom corner unit at The Leonardo a sanctuary of sophistication in the heart o",20 Nov 2024,2026-03-27T16:20:28.678856+00:00,for-sale,gauteng,johannesburg-metro,sandton,sandton-central,6850000.0
privateproperty,T3349464,https://www.privateproperty.co.za/for-sale/gauteng/johannesburg-metro/sandton/morningside/T3349464,3 Bedroom Apartment in Morningside,39000000.0,Morningside,Sandton,Gauteng,Apartment,3.0,3.5,2.0,,212.0,,5000.0,2400.0,"3 Bedroom Apartment in Morningside, Calling serious buyers and investors to come a view this apartment! Located within proximity of al",11 Nov 2024,2026-03-27T16:20:25.980930+00:00,for-sale,gauteng,johannesburg-metro,sandton,morningside,3900000.0
privateproperty,T5352807,https://www.privateproperty.co.za/for-sale/gauteng/johannesburg-metro/rosebank-and-parktown/houghton-estate/T5352807,3 Bedroom Apartment in Houghton Estate,33950000.0,Houghton Estate,Rosebank And Parktown,Gauteng,Apartment,3.0,2.0,,,170.0,,4065.0,2422.0,"3 Bedroom Apartment in Houghton Estate, Discover comfort, convenience, and effortless living in this well-appointed ground-floor apartment,",16 Jan 2026,2026-03-27T16:20:22.636419+00:00,for-sale,gauteng,johannesburg-metro,rosebank-and-parktown,houghton-estate,3395000.0
privateproperty,T5350915,https://www.privateproperty.co.za/for-sale/gauteng/johannesburg-metro/sandton/morningside/T5350915,3 Bedroom Apartment in Morningside,33000000.0,Morningside,Sandton,Gauteng,Apartment,3.0,2.0,2.0,,,173.0,3900.0,3600.0,"3 Bedroom Apartment in Morningside, Located in the heart of Morningside, perfectly positioned near Rivonia Road for convenience, comfort",14 Jan 2026,2026-03-27T16:20:18.803674+00:00,for-sale,gauteng,johannesburg-metro,sandton,morningside,3300000.0
privateproperty,T5353354,https://www.privateproperty.co.za/for-sale/gauteng/johannesburg-metro/sandton/sandown/T5353354,2 Bedroom Apartment in Sandown,26200000.0,Sandown,Sandton,Gauteng,Apartment,2.0,2.0,2.0,,80.0,,4244.0,1947.0,"2 Bedroom Apartment in Sandown, Priced to Go! Two Apartments in One, With Views for Miles Priced at an absolute steal! Set on the",16 Jan 2026,2026-03-27T16:20:15.453331+00:00,for-sale,gauteng,johannesburg-metro,sandton,sandown,2620000.0
privateproperty,T5329796,https://www.privateproperty.co.za/for-sale/gauteng/johannesburg-metro/sandton/magaliessig/T5329796,2 Bedroom Flat in Magaliessig,25990000.0,Magaliessig,Sandton,Gauteng,Apartment,2.0,2.0,2.0,2.0,163.0,,6022.0,723.0,"2 Bedroom Flat in Magaliessig, SECURE AND PICTURESQUE RESIDENTIAL ESTATE FOR ACTIVE OVER-50s. Merrow Down Country Club is a fully",9 Dec 2025,2026-03-27T16:20:12.676028+00:00,for-sale,gauteng,johannesburg-metro,sandton,magaliessig,2599000.0
privateproperty,T5415440,https://www.privateproperty.co.za/for-sale/gauteng/johannesburg-metro/sandton/sandton-central/T5415440,2 Bedroom Apartment in Sandton Central,25000000.0,Sandton Central,Sandton,Gauteng,Apartment,2.0,2.0,2.0,,107.0,,3822.0,1890.0,"2 Bedroom Apartment in Sandton Central, Experience the ideal combination of comfort and convenience in this delightful 2-bedroom, 2-bathroom",6 Mar 2026,2026-03-27T16:19:56.361931+00:00,for-sale,gauteng,johannesburg-metro,sandton,sandton-central,2500000.0
privateproperty,T5310017,https://www.privateproperty.co.za/for-sale/gauteng/johannesburg-metro/rosebank-and-parktown/dunkeld-west/T5310017,2 Bedroom Apartment in Dunkeld West,24999000.0,Dunkeld West,Rosebank And Parktown,Gauteng,Apartment,2.0,2.0,1.0,,127.0,,4450.0,2175.516129032258,"2 Bedroom Apartment in Dunkeld West, Your Dream Ground Floor Apartment Awaits! Welcome to your new happy place! Experience effortless,",13 Mar 2026,2026-03-27T16:19:52.827146+00:00,for-sale,gauteng,johannesburg-metro,rosebank-and-parktown,dunkeld-west,2499900.0
privateproperty,T5358879,https://www.privateproperty.co.za/for-sale/gauteng/johannesburg-metro/northcliff/emmarentia/T5358879,3 Bedroom Apartment in Emmarentia,21990000.0,Emmarentia,Northcliff,Gauteng,Apartment,3.0,3.0,2.0,1.0,149.0,,2578.0,1513.0,"3 Bedroom Apartment in Emmarentia, Set in a beautifully maintained and secure complex, this spacious first-floor unit offers comfort, c",21 Jan 2026,2026-03-27T16:19:49.272527+00:00,for-sale,gauteng,johannesburg-metro,northcliff,emmarentia,2199000.0
privateproperty,T5368588,https://www.privateproperty.co.za/for-sale/gauteng/johannesburg-metro/sandton/sandown/T5368588,1 Bedroom Apartment in Sandown,20000000.0,Sandown,Sandton,Gauteng,Apartment,1.0,1.0,2.0,1.0,74.0,30.0,3200.0,2000.0,"1 Bedroom Apartment in Sandown, Nestled in Africa''s richest square mile, this extraordinary building presents a prestigious address",28 Jan 2026,2026-03-27T16:19:46.301041+00:00,for-sale,gauteng,johannesburg-metro,sandton,sandown,2000000.0
privateproperty,T5360329,https://www.privateproperty.co.za/for-sale/gauteng/johannesburg-metro/midrand/waterfall-estate/T5360329,3 Bedroom Apartment in Waterfall Estate,19000000.0,Waterfall Estate,Midrand,Gauteng,Apartment,3.0,2.0,,,110.0,,2960.0,1232.0,"3 Bedroom Apartment in Waterfall Estate, Step into a world of comfort and sophistication with this stunning 3-bedroom, 2-bathroom apartment l",22 Jan 2026,2026-03-27T16:19:42.586940+00:00,for-sale,gauteng,johannesburg-metro,midrand,waterfall-estate,1900000.0
privateproperty,T5051751,https://www.privateproperty.co.za/for-sale/gauteng/johannesburg-metro/midrand/waterfall-estate/T5051751,2 Bedroom Apartment in Waterfall Estate,17990000.0,Waterfall Estate,Midrand,Gauteng,Apartment,2.0,2.0,2.0,2.0,,115.0,2300.0,1975.0,"2 Bedroom Apartment in Waterfall Estate, Perfectly positioned in the Divine Munyaka Lifestyle Estate, this immaculate 2-bedroom, 2-bathroom u",22 Apr 2025,2026-03-27T16:19:39.265657+00:00,for-sale,gauteng,johannesburg-metro,midrand,waterfall-estate,1799000.0
privateproperty,T5392041,https://www.privateproperty.co.za/for-sale/gauteng/johannesburg-metro/midrand/waterfall-estate/T5392041,2 Bedroom Apartment in Waterfall Estate,15800000.0,Waterfall Estate,Midrand,Gauteng,Apartment,2.0,2.0,2.0,,110.0,,3038.0,986.0,"2 Bedroom Apartment in Waterfall Estate, This immaculate, tastefully finished 2nd floor, 2 bedroom, 2 bathroom Kikuyu apartment is within the",17 Feb 2026,2026-03-27T16:19:36.241058+00:00,for-sale,gauteng,johannesburg-metro,midrand,waterfall-estate,1580000.0
privateproperty,T5315433,https://www.privateproperty.co.za/for-sale/gauteng/johannesburg-metro/bedfordview/bedford-gardens/T5315433,2 Bedroom Apartment in Bedford Gardens,14990000.0,Bedford Gardens,Bedfordview,Gauteng,Apartment,2.0,2.0,2.0,,101.0,,2900.0,900.0,"2 Bedroom Apartment in Bedford Gardens, Two bedroom, two barhroom apartment with two carports in the A rare opportuity has arisen for tlhis",24 Nov 2025,2026-03-27T16:19:32.473783+00:00,for-sale,gauteng,johannesburg-metro,bedfordview,bedford-gardens,1499000.0
privateproperty,T5396024,https://www.privateproperty.co.za/for-sale/gauteng/johannesburg-metro/midrand/erand-gardens/T5396024,3 Bedroom Apartment in Erand Gardens,13999990.0,Erand Gardens,Midrand,Gauteng,Apartment,3.0,2.0,2.0,,94.0,,2900.0,1450.0,"3 Bedroom Apartment in Erand Gardens, Modern Ground Floor 3-Bedroom Apartment For Sale: A Smart Investment in Midrand Discover the perfec",19 Feb 2026,2026-03-27T16:19:28.519810+00:00,for-sale,gauteng,johannesburg-metro,midrand,erand-gardens,1399999.0
privateproperty,T4509903,https://www.privateproperty.co.za/for-sale/gauteng/johannesburg-metro/rosebank-and-parktown/parkwood/T4509903,2 Bedroom Apartment in Parkwood,13990000.0,Parkwood,Rosebank And Parktown,Gauteng,Apartment,2.0,1.0,,,97.0,,2899.0,1235.0,"2 Bedroom Apartment in Parkwood, With parquet floors just sanded and sealed and walls freshly painted move in and get settled. Entran",3 Dec 2025,2026-03-27T16:19:24.632610+00:00,for-sale,gauteng,johannesburg-metro,rosebank-and-parktown,parkwood,1399000.0
privateproperty,T5262356,https://www.privateproperty.co.za/for-sale/gauteng/johannesburg-metro/midrand/carlswald-estate/T5262356,3 Bedroom Apartment in Carlswald Estate,13700000.0,Carlswald Estate,Midrand,Gauteng,Apartment,3.0,2.0,2.0,,122.0,,3263.0,1012.0,"3 Bedroom Apartment in Carlswald Estate, Nestled in the secure and serene neighbourhood of Carlswald, this 3-bedroom, 2-bathroom duplex unit",10 Oct 2025,2026-03-27T16:19:21.205427+00:00,for-sale,gauteng,johannesburg-metro,midrand,carlswald-estate,1370000.0
privateproperty,T5399784,https://www.privateproperty.co.za/for-sale/gauteng/johannesburg-metro/sandton/illovo/T5399784,2 Bedroom Apartment in Illovo,13355000.0,Illovo,Sandton,Gauteng,Apartment,2.0,1.0,1.0,,50.0,,1535.0,787.0,"2 Bedroom Apartment in Illovo, Unlock high-demand short-term rental income in the heart of Illovo Perfect for investors seeking cas",23 Feb 2026,2026-03-27T16:19:17.811286+00:00,for-sale,gauteng,johannesburg-metro,sandton,illovo,1335500.0
privateproperty,T5398763,https://www.privateproperty.co.za/for-sale/gauteng/johannesburg-metro/midrand/carlswald-estate/T5398763,2 Bedroom Apartment in Carlswald Estate,12999900.0,Carlswald Estate,Midrand,Gauteng,Apartment,2.0,2.0,2.0,,80.0,,2450.0,1900.0,"2 Bedroom Apartment in Carlswald Estate, Welcome to contemporary and secure living in the heart of Midrand. This modern 2 bedroom, 2 bathroom",22 Feb 2026,2026-03-27T16:19:13.968626+00:00,for-sale,gauteng,johannesburg-metro,midrand,carlswald-estate,1299990.0
privateproperty,T5075742,https://www.privateproperty.co.za/for-sale/gauteng/johannesburg-metro/midrand/glen-austin/T5075742,2 Bedroom Apartment in Glen Austin,12310900.0,Glen Austin,Midrand,Gauteng,Apartment,2.0,2.0,1.0,,80.0,,1817.0,618.0,"2 Bedroom Apartment in Glen Austin, Welcome to a place where modern comfort meets cozy living. This thoughtfully designed 80.6sqm unit a",14 May 2025,2026-03-27T16:19:09.814417+00:00,for-sale,gauteng,johannesburg-metro,midrand,glen-austin,1231090.0
privateproperty,T4911282,https://www.privateproperty.co.za/for-sale/gauteng/johannesburg-metro/midrand/halfway-house/gallagher-estate/T4911282,2 Bedroom Apartment in Gallagher Estate,12210900.0,Halfway House,Midrand,Gauteng,Apartment,2.0,2.0,1.0,,80.0,,1817.0,618.0,"2 Bedroom Apartment in Gallagher Estate, Introducing The Austin, a luxurious residential estate in Midrand, Johannesburg. Hyder Properties pr",8 Jan 2025,2026-03-27T16:19:06.579720+00:00,for-sale,gauteng,johannesburg-metro,midrand,halfway-house,1221090.0
privateproperty,T3918425,https://www.privateproperty.co.za/for-sale/gauteng/johannesburg-metro/sandton/paulshof/T3918425,2 Bedroom Apartment in Paulshof,11990000.0,Paulshof,Sandton,Gauteng,Apartment,2.0,2.0,2.0,,65.0,65.0,2100.0,700.0,"2 Bedroom Apartment in Paulshof, Unique and modern 2 bedroom 2 bathroom apartment. The Quails Estate. Stylish, modern kitchen which a",20 Oct 2022,2026-03-27T16:19:03.259200+00:00,for-sale,gauteng,johannesburg-metro,sandton,paulshof,1199000.0
privateproperty,T5249106,https://www.privateproperty.co.za/for-sale/gauteng/johannesburg-metro/midrand/glen-austin/glen-austin-ah/T5249106,2 Bedroom Apartment in Glen Austin AH,11479000.0,Glen Austin,Midrand,Gauteng,Apartment,2.0,2.0,1.0,,75.0,,1731.0,557.0,"2 Bedroom Apartment in Glen Austin AH, Discover the perfect blend of style, comfort, and convenience in this spacious 75sqm unit at The Aus",30 Sep 2025,2026-03-27T16:19:00.286984+00:00,for-sale,gauteng,johannesburg-metro,midrand,glen-austin,1147900.0
privateproperty,T5256393,https://www.privateproperty.co.za/for-sale/gauteng/johannesburg-metro/midrand/noordwyk/T5256393,2 Bedroom Apartment in Noordwyk,11462500.0,Noordwyk,Midrand,Gauteng,Apartment,2.0,2.0,1.0,,,75.0,1731.0,557.0,"2 Bedroom Apartment in Noordwyk, Discover the perfect blend of style, comfort, and convenience in this spacious 75sqm unit at The Aus",7 Oct 2025,2026-03-27T16:18:56.249472+00:00,for-sale,gauteng,johannesburg-metro,midrand,noordwyk,1146250.0
privateproperty,T5288027,https://www.privateproperty.co.za/for-sale/gauteng/johannesburg-metro/sandton/illovo/T5288027,2 Bedroom Apartment in Illovo,11000000.0,Illovo,Sandton,Gauteng,Apartment,2.0,2.0,1.0,,106.0,,2875.0,1176.0,"2 Bedroom Apartment in Illovo, Spacious 2 Bedroom Apartment For Sale in Illovo Well-Kept 2 Bedroom Apartment For Sale at Fairmead,",31 Oct 2025,2026-03-27T16:18:53.446836+00:00,for-sale,gauteng,johannesburg-metro,sandton,illovo,1100000.0
privateproperty,T5425451,https://www.privateproperty.co.za/for-sale/gauteng/johannesburg-metro/midrand/blue-hills/0-stonewood-estate/5-kilimanjaro-close/T5425451,2 Bedroom Apartment in Blue Hills,10000000.0,Blue Hills,Midrand,Gauteng,Apartment,2.0,2.0,1.0,,,,1699.0,4044.3,"2 Bedroom Apartment in Blue Hills, stonewood estate, 5 kilimanjaro close, Located in the sought-after Blue Hills, this beautiful 2-bedroom, 2-bathroom apartment offers comfor",16 Mar 2026,2026-03-27T16:18:49.466803+00:00,for-sale,gauteng,johannesburg-metro,midrand,blue-hills,1000000.0
privateproperty,T5312595,https://www.privateproperty.co.za/for-sale/gauteng/johannesburg-metro/midrand/kyalami/unit-type-the-woods-apartments/7-colt-street/T5312595,1 Bedroom Apartment in Kyalami,9250000.0,Kyalami,Midrand,Gauteng,Apartment,1.0,1.0,1.0,,40.0,,1280.0,3405.1666666666665,"1 Bedroom Apartment in Kyalami, unit type the woods apartments, 7 colt street, 1 Bedroom 1 Bathroom Apartment for Sale in Kyalami Property Highlights: Designer Kitchen: The hear",21 Nov 2025,2026-03-27T16:18:45.731639+00:00,for-sale,gauteng,johannesburg-metro,midrand,kyalami,925000.0
privateproperty,T5127800,https://www.privateproperty.co.za/for-sale/gauteng/johannesburg-metro/sandton/morningside/T5127800,2 Bedroom Apartment in Morningside,8999000.0,Morningside,Sandton,Gauteng,Apartment,2.0,1.0,,,62.0,,3436.0,785.0,"2 Bedroom Apartment in Morningside, A neat Garden unit pet friendly - 2 Bedroom 1 Bathroom GARDEN PET FRIENDLY apartment in Morningside",24 Jun 2025,2026-03-27T16:18:42.370217+00:00,for-sale,gauteng,johannesburg-metro,sandton,morningside,899900.0
privateproperty,T5406204,https://www.privateproperty.co.za/for-sale/gauteng/johannesburg-metro/midrand/clayville/T5406204,3 Bedroom Apartment in Clayville,8990000.0,Clayville,Midrand,Gauteng,Apartment,2.0,3.0,2.0,1.0,119.0,,795.0,850.0,"3 Bedroom Apartment in Clayville, DON''T KICK YOURSELF LATER !! THIS WELL-PRICED,SPACIOUS DUPLEX APARTMENT WILL SOON BE GONE !! IT OFF",27 Feb 2026,2026-03-27T16:18:38.950431+00:00,for-sale,gauteng,johannesburg-metro,midrand,clayville,899000.0
privateproperty,T5418601,https://www.privateproperty.co.za/for-sale/gauteng/johannesburg-metro/sandton/lonehill/T5418601,1 Bedroom Apartment in Lonehill,8950000.0,Lonehill,Sandton,Gauteng,Apartment,1.0,1.0,1.0,,57.0,,1758.0,319.0,"1 Bedroom Apartment in Lonehill, This well-maintained sectional title apartment presents an excellent investment opportunity in the h",10 Mar 2026,2026-03-27T16:18:35.984382+00:00,for-sale,gauteng,johannesburg-metro,sandton,lonehill,895000.0
privateproperty,T5244601,https://www.privateproperty.co.za/for-sale/gauteng/johannesburg-metro/sandton/linbro-park/T5244601,1 Bedroom Apartment in Linbro Park,8900000.0,Linbro Park,Sandton,Gauteng,Apartment,1.0,1.0,1.0,,58.0,,1600.0,350.0,"1 Bedroom Apartment in Linbro Park, Investors Dream 1 Bedroomed Apartment For Sale Luxury 1 bed, 1 bath apartment for sale at The Reid.",26 Sep 2025,2026-03-27T16:18:32.966733+00:00,for-sale,gauteng,johannesburg-metro,sandton,linbro-park,890000.0
privateproperty,T5235011,https://www.privateproperty.co.za/for-sale/gauteng/johannesburg-metro/johannesburg-south/glenanda/T5235011,3 Bedroom Apartment in Glenanda,8650000.0,Glenanda,Johannesburg South,Gauteng,Apartment,3.0,2.0,2.0,,92.0,92.0,2000.0,700.0,"3 Bedroom Apartment in Glenanda, This spacious first-floor apartment offers modern living in the heart of Glenanda. The home features",17 Sep 2025,2026-03-27T16:18:29.989832+00:00,for-sale,gauteng,johannesburg-metro,johannesburg-south,glenanda,865000.0
privateproperty,T5312519,https://www.privateproperty.co.za/for-sale/gauteng/johannesburg-metro/sandton/rivonia/T5312519,2 Bedroom Apartment in Rivonia,8000000.0,Rivonia,Sandton,Gauteng,Apartment,2.0,1.0,2.0,,54.0,54.0,1520.0,750.0,"2 Bedroom Apartment in Rivonia, Sunny modern apartment offering great investment opportunity in this sought after complex, or perfec",21 Nov 2025,2026-03-27T16:18:26.077067+00:00,for-sale,gauteng,johannesburg-metro,sandton,rivonia,800000.0
privateproperty,T5201450,https://www.privateproperty.co.za/for-sale/gauteng/johannesburg-metro/sandton/linbro-park/greenlee-eco-estate/T5201450,1 Bedroom Apartment in Linbro Park,7990000.0,Linbro Park,Sandton,Gauteng,Apartment,1.0,1.0,1.0,,41.0,,1500.0,700.0,"1 Bedroom Apartment in Linbro Park, greenlee eco-estate, , 1 Bedroom Upstairs Unit For Sale in Greenlee, Linbro Park 1 Bedroom Apartment | Greenlee Eco-Estate",22 Aug 2025,2026-03-27T16:18:22.078728+00:00,for-sale,gauteng,johannesburg-metro,sandton,linbro-park,799000.0
privateproperty,T5303144,https://www.privateproperty.co.za/for-sale/gauteng/johannesburg-metro/midrand/noordwyk/T5303144,2 Bedroom Apartment in Noordwyk,7990000.0,Noordwyk,Midrand,Gauteng,Apartment,2.0,2.0,1.0,1.0,98.0,,2000.0,812.0,"2 Bedroom Apartment in Noordwyk, Discover modern, low-maintenance living in this neat and well-kept 2-bedroom, 2- bathroom apartment,",13 Nov 2025,2026-03-27T16:18:18.246977+00:00,for-sale,gauteng,johannesburg-metro,midrand,noordwyk,799000.0
privateproperty,T5107274,https://www.privateproperty.co.za/for-sale/gauteng/johannesburg-metro/sandton/beverley/T5107274,1 Bedroom Apartment in Beverley,7800000.0,Beverley,Sandton,Gauteng,Apartment,1.0,1.0,,,43.0,,1534.0,1086.0,"1 Bedroom Apartment in Beverley, Charming Ground Floor One-Bedroom Unit with Garden Ideal Starter Home Welcome to a beautifully pos",6 Jun 2025,2026-03-27T16:18:15.576610+00:00,for-sale,gauteng,johannesburg-metro,sandton,beverley,780000.0
privateproperty,T5383587,https://www.privateproperty.co.za/for-sale/gauteng/johannesburg-metro/north-riding-to-lanseria/sundowner/T5383587,2 Bedroom Apartment in Sundowner,7800000.0,Sundowner,North Riding To Lanseria,Gauteng,Apartment,2.0,1.0,2.0,1.0,72.0,4.0,2384.0,748.0,"2 Bedroom Apartment in Sundowner, If you are looking for comfort, security, and convenience, then this 2-bedroom townhouse is for you.",10 Feb 2026,2026-03-27T16:18:12.649094+00:00,for-sale,gauteng,johannesburg-metro,north-riding-to-lanseria,sundowner,780000.0
privateproperty,T5431195,https://www.privateproperty.co.za/for-sale/gauteng/johannesburg-metro/midrand/sagewood/T5431195,2 Bedroom Apartment in Sagewood,7650000.0,Sagewood,Midrand,Gauteng,Apartment,1.0,1.0,1.0,,60.0,,760.0,950.0,"2 Bedroom Apartment in Sagewood, Modern 2-Bedroom Apartments in Sagewood, Midrand ALL TRANSFER FEES AND BOND COSTS INCLUDED Buy di",19 Mar 2026,2026-03-27T16:18:10.036485+00:00,for-sale,gauteng,johannesburg-metro,midrand,sagewood,765000.0
privateproperty,T5036281,https://www.privateproperty.co.za/for-sale/gauteng/johannesburg-metro/north-riding-to-lanseria/sundowner/T5036281,2 Bedroom Apartment in Sundowner,6990000.0,Sundowner,North Riding To Lanseria,Gauteng,Apartment,2.0,2.0,2.0,,80.0,,1099.0,250.0,"2 Bedroom Apartment in Sundowner, PERFECT STARTER HOME This apartment is located on the ground floor. A delightful two bedroom two bat",8 Apr 2025,2026-03-27T16:18:06.047984+00:00,for-sale,gauteng,johannesburg-metro,north-riding-to-lanseria,sundowner,699000.0
privateproperty,T5208765,https://www.privateproperty.co.za/for-sale/gauteng/johannesburg-metro/soweto/diepkloof/T5208765,2 Bedroom Apartment in Diepkloof,6950000.0,Diepkloof,Soweto,Gauteng,Apartment,2.0,1.0,,,45.0,,450.0,350.0,"2 Bedroom Apartment in Diepkloof, This is a beautiful two bedroom Apartment located at Orlando lifestyle Towers in Soweto with 24 hour",28 Aug 2025,2026-03-27T16:18:02.528972+00:00,for-sale,gauteng,johannesburg-metro,soweto,diepkloof,695000.0
privateproperty,T5301132,https://www.privateproperty.co.za/for-sale/gauteng/johannesburg-metro/midrand/summerset/T5301132,2 Bedroom Apartment in Summerset,6300000.0,Summerset,Midrand,Gauteng,Apartment,2.0,1.0,3.0,,43.0,,2222.0,2375.0,"2 Bedroom Apartment in Summerset, This neat 2-bedroom, 1-bathroom apartment is perfectly located on the first floor of the secure Summ",12 Nov 2025,2026-03-27T16:17:59.130133+00:00,for-sale,gauteng,johannesburg-metro,midrand,summerset,630000.0
privateproperty,T5042637,https://www.privateproperty.co.za/for-sale/gauteng/johannesburg-metro/johannesburg-south/winchester-hills/T5042637,2 Bedroom Apartment in Winchester Hills,5800000.0,Winchester Hills,Johannesburg South,Gauteng,Apartment,2.0,1.0,3.0,,65.0,9.0,2070.0,814.0,"2 Bedroom Apartment in Winchester Hills, Ideal Location | Modern Finishes | Pool & Balcony | Great Views Whether you''re a first-time buyer,",14 Apr 2025,2026-03-27T16:17:55.279401+00:00,for-sale,gauteng,johannesburg-metro,johannesburg-south,winchester-hills,580000.0
privateproperty,T5273046,https://www.privateproperty.co.za/for-sale/gauteng/johannesburg-metro/randburg/ferndale/525-ferndale/T5273046,1 Bedroom Apartment in Ferndale,5650000.0,Ferndale,Randburg,Gauteng,Apartment,1.0,1.0,1.0,1.0,,,1852.1,549.0,"1 Bedroom Apartment in Ferndale, 525 ferndale, This stunning one-bedroom apartment is situated in a highly sought-after complex in Ferndale, Randbu",20 Oct 2025,2026-03-27T16:17:51.273404+00:00,for-sale,gauteng,johannesburg-metro,randburg,ferndale,565000.0
privateproperty,T5433535,https://www.privateproperty.co.za/for-sale/gauteng/johannesburg-metro/johannesburg-central/marshalltown/T5433535,2 Bedroom Apartment in Marshalltown,5600000.0,Marshalltown,Johannesburg Central,Gauteng,Apartment,2.0,2.0,2.0,1.0,84.0,1.0,257.0,1670.0,"2 Bedroom Apartment in Marshalltown, Modern Apartment Perfect for Young Professionals or Investors A modern unit in a secure building, p",23 Mar 2026,2026-03-27T16:17:48.125457+00:00,for-sale,gauteng,johannesburg-metro,johannesburg-central,marshalltown,560000.0
privateproperty,T5242034,https://www.privateproperty.co.za/for-sale/gauteng/johannesburg-metro/johannesburg-central/lyndhurst/johaneesburg-road/T5242034,2 Bedroom Apartment in Lyndhurst,5500000.0,Lyndhurst,Johannesburg Central,Gauteng,Apartment,2.0,1.0,2.0,,77.0,77.0,2130.0,252.0,"2 Bedroom Apartment in Lyndhurst, johaneesburg road, Cozy 2 bedroom and sunny apartment with a view Experience unparalleled city views from this stunning",23 Sep 2025,2026-03-27T16:17:44.077869+00:00,for-sale,gauteng,johannesburg-metro,johannesburg-central,lyndhurst,550000.0
privateproperty,T5296596,https://www.privateproperty.co.za/for-sale/gauteng/johannesburg-metro/johannesburg-south/rosettenville/townsview/T5296596,2 Bedroom Apartment in Townsview,5500000.0,Rosettenville,Johannesburg South,Gauteng,Apartment,2.0,1.0,1.0,,69.0,69.0,1000.0,545.0,"2 Bedroom Apartment in Townsview, Elegant 2 Bedroom Flat in Townsview Discover comfortable, modern living in this elegant 2-bedroom, 1",7 Nov 2025,2026-03-27T16:17:40.284486+00:00,for-sale,gauteng,johannesburg-metro,johannesburg-south,rosettenville,550000.0
privateproperty,T5373968,https://www.privateproperty.co.za/for-sale/gauteng/johannesburg-metro/sandton/paulshof/T5373968,1 Bedroom Apartment in Paulshof,5500000.0,Paulshof,Sandton,Gauteng,Apartment,1.0,1.0,1.0,,38.0,,1974.0,461.0,"1 Bedroom Apartment in Paulshof, This well-proportioned bachelor apartment presents an excellent opportunity for both first-time buye",3 Feb 2026,2026-03-27T16:17:24.750616+00:00,for-sale,gauteng,johannesburg-metro,sandton,paulshof,550000.0
privateproperty,T5373137,https://www.privateproperty.co.za/for-sale/gauteng/johannesburg-metro/soweto/jabulani/T5373137,2 Bedroom Apartment in Jabulani,4850000.0,Jabulani,Soweto,Gauteng,Apartment,2.0,1.0,1.0,,41.0,2.0,1120.0,562.0,"2 Bedroom Apartment in Jabulani, Affordable Start-Up for first time home owners. Perfect for first-time buyers or investors, these n",2 Feb 2026,2026-03-27T16:17:21.858367+00:00,for-sale,gauteng,johannesburg-metro,soweto,jabulani,485000.0
privateproperty,T5198524,https://www.privateproperty.co.za/for-sale/gauteng/johannesburg-metro/johannesburg-central/johannesburg-cbd/T5198524,Studio Apartment in Johannesburg CBD,1650000.0,Johannesburg Cbd,Johannesburg Central,Gauteng,Apartment,0.5,1.0,,,29.0,,1163.0,100.0,"Studio Apartment in Johannesburg CBD, Prime Bachelor Flat in the Heart of Johannesburg Secure and Convenient! Open plan apartment which",20 Aug 2025,2026-03-27T16:17:17.667012+00:00,for-sale,gauteng,johannesburg-metro,johannesburg-central,johannesburg-cbd,165000.0
privateproperty,T5331557,https://www.privateproperty.co.za/for-sale/gauteng/johannesburg-metro/midrand/waterfall-estate/1111-polofields-drive/T5331557,3 Bedroom Apartment in Waterfall Estate,28000000.0,Waterfall Estate,Midrand,Gauteng,Apartment,3.0,2.0,4.0,,,,1668.0,1510.0,"3 Bedroom Apartment in Waterfall Estate, 1111 polofields drive, Discover Contemporary Comfort in this spacious 3-bedroom Ground Floor Apartment, Perfect for famil",10 Dec 2025,2026-03-27T16:17:14.699508+00:00,for-sale,gauteng,johannesburg-metro,midrand,waterfall-estate,2800000.0
privateproperty,T5020224,https://www.privateproperty.co.za/for-sale/gauteng/johannesburg-metro/sandton/morningside/32-the-view/3-michelle-street/T5020224,1 Bedroom Apartment in Morningside,15490000.0,Morningside,Sandton,Gauteng,Apartment,1.0,1.0,1.0,,52.0,52.0,524.0,993.0,"1 Bedroom Apartment in Morningside, 32 the view, 3 michelle street, Incredible Investment. Ground floor 1 bed 1 bath apartment. The View is a contemporary urban-design",27 Mar 2025,2026-03-27T16:17:11.949940+00:00,for-sale,gauteng,johannesburg-metro,sandton,morningside,1549000.0
privateproperty,T5172817,https://www.privateproperty.co.za/for-sale/gauteng/johannesburg-metro/midrand/glen-austin/glen-austin-ah/15-the-austin-apartments/55-austin-road/T5172817,2 Bedroom Apartment in Glen Austin AH,11479000.0,Glen Austin,Midrand,Gauteng,Apartment,2.0,2.0,,,75.0,,1731.0,556.0,"2 Bedroom Apartment in Glen Austin AH, 15 the austin apartments, 55 austin road, Lifestyle 2 Bedroom Apartments Description Welcome to a modern living experience in the heart of Gle",30 Jul 2025,2026-03-27T16:17:07.814619+00:00,for-sale,gauteng,johannesburg-metro,midrand,glen-austin,1147900.0
privateproperty,T5320243,https://www.privateproperty.co.za/for-sale/gauteng/johannesburg-metro/sandton/craigavon/65-harlow-estate/24a-duff-road/T5320243,2 Bedroom Apartment in Craigavon,9950000.0,Craigavon,Sandton,Gauteng,Apartment,2.0,2.0,2.0,,75.0,120.0,2221.0,850.0,"2 Bedroom Apartment in Craigavon, 65 harlow estate, 24a duff road, Pet friendly ground floor unit within the brand new Harlow Estate situated on Duff Road in Craigavon",28 Nov 2025,2026-03-27T16:17:05.176758+00:00,for-sale,gauteng,johannesburg-metro,sandton,craigavon,995000.0
privateproperty,T5407214,https://www.privateproperty.co.za/for-sale/gauteng/johannesburg-metro/midrand/noordwyk/10-erand-creek/13-14th-road/T5407214,2 Bedroom Apartment in Noordwyk,9175000.0,Noordwyk,Midrand,Gauteng,Apartment,2.0,2.0,1.0,,65.0,,1519.3,587.5,"2 Bedroom Apartment in Noordwyk, 10 erand creek, 13 14th road, Charming Fully Tiled Unit in a Secure Complex Welcome to your new home! This beautifully appointed",28 Feb 2026,2026-03-27T16:17:01.342130+00:00,for-sale,gauteng,johannesburg-metro,midrand,noordwyk,917500.0
privateproperty,T5407790,https://www.privateproperty.co.za/for-sale/gauteng/johannesburg-metro/midrand/noordwyk/235-erand-creek/235-13th-road-noordwyk-midrand/T5407790,2 Bedroom Apartment in Noordwyk,8550000.0,Noordwyk,Midrand,Gauteng,Apartment,2.0,2.0,1.0,,57.0,,1519.3,587.5,"2 Bedroom Apartment in Noordwyk, 235 erand creek, 235 13th road noordwyk midrand, Prime Location | NO COSTS! Ideal for 1st time home buyers or investors Modern 2-Bedroom Units Secur",2 Mar 2026,2026-03-27T16:16:58.704568+00:00,for-sale,gauteng,johannesburg-metro,midrand,noordwyk,855000.0
privateproperty,T5200855,https://www.privateproperty.co.za/for-sale/gauteng/johannesburg-metro/midrand/blue-hills/b6-15-blue-lake-estate-nb/1-kilimanjaro-close/T5200855,1 Bedroom Apartment in Blue Hills,8500000.0,Blue Hills,Midrand,Gauteng,Apartment,1.0,1.0,1.0,,56.0,,1555.0,4044.3,"1 Bedroom Apartment in Blue Hills, b6-15 blue lake estate-nb, 1 kilimanjaro close, Welcome to our stunning property development, Blue Hills Estate, where luxury meets natural beauty!",21 Aug 2025,2026-03-27T16:16:54.739030+00:00,for-sale,gauteng,johannesburg-metro,midrand,blue-hills,850000.0
privateproperty,T5346877,https://www.privateproperty.co.za/for-sale/gauteng/johannesburg-metro/north-riding-to-lanseria/north-riding/north-riding-ah/99-grand-rapids-complex/476-felstead-road/T5346877,2 Bedroom Apartment in North Riding AH,6000000.0,North Riding,North Riding To Lanseria,Gauteng,Apartment,2.0,2.0,1.0,,85.0,,2445.3636363636365,775.0,"2 Bedroom Apartment in North Riding AH, 99 grand rapids complex, 476 felstead road, R600,000 Lovely 2 bed 2 bath 1 is en- suite 1st floor apartment in 99 Grand Rapids on 476 Felstead R",11 Jan 2026,2026-03-27T16:16:50.695311+00:00,for-sale,gauteng,johannesburg-metro,north-riding-to-lanseria,north-riding,600000.0
privateproperty,T5376723,https://www.privateproperty.co.za/for-sale/gauteng/johannesburg-metro/randburg/ferndale/000-randpresident-place/340-pretoria-avenue/T5376723,1.5 Bedroom Apartment in Ferndale,3500000.0,Ferndale,Randburg,Gauteng,Apartment,1.5,1.0,,,69.0,,1852.1,549.0,"1.5 Bedroom Apartment in Ferndale, randpresident place, 340 pretoria avenue, Beautiful High-Rise Unit Perfect for an Aspiring First-Time Property Owner This high-rise unit is",4 Feb 2026,2026-03-27T16:16:47.906459+00:00,for-sale,gauteng,johannesburg-metro,randburg,ferndale,350000.0
privateproperty,T5330753,https://www.privateproperty.co.za/for-sale/gauteng/johannesburg-metro/midrand/waterfall-estate/777-mia-drive/T5330753,2 Bedroom Apartment in Waterfall Estate,33999990.0,Waterfall Estate,Midrand,Gauteng,Apartment,2.0,2.0,2.0,,95.0,,3000.0,2000.0,"2 Bedroom Apartment in Waterfall Estate, 777 mia drive, Experience elevated luxury in this stunning 2-bed, 2-bath penthouse set within the iconic Munyaka Li",10 Dec 2025,2026-03-27T16:16:44.654117+00:00,for-sale,gauteng,johannesburg-metro,midrand,waterfall-estate,3399999.0
privateproperty,T5194756,https://www.privateproperty.co.za/for-sale/gauteng/johannesburg-metro/midrand/kyalami/235-the-woods-kyalami/7-colt-street/T5194756,2 Bedroom Apartment in Kyalami,14540000.0,Kyalami,Midrand,Gauteng,Apartment,2.0,2.0,1.0,,79.0,,1280.0,3405.1666666666665,"2 Bedroom Apartment in Kyalami, 235 the woods, kyalami, 7 colt street, 2 Bedroom, 2 Bathroom Apartment for Sale Kyalami Discover sleek, contemporary living in this 2 bed",18 Aug 2025,2026-03-27T16:16:40.972185+00:00,for-sale,gauteng,johannesburg-metro,midrand,kyalami,1454000.0
privateproperty,T5159801,https://www.privateproperty.co.za/for-sale/gauteng/johannesburg-metro/midrand/noordwyk/240-the-austin/55-austin-road/T5159801,2 Bedroom Apartment in Noordwyk,12759000.0,Noordwyk,Midrand,Gauteng,Apartment,2.0,2.0,1.0,,80.0,,1817.0,618.0,"2 Bedroom Apartment in Noordwyk, 240 the austin, 55 austin road, Welcome to a place where modern comfort meets cozy living. This thoughtfully designed 80.6sqm unit a",21 Jul 2025,2026-03-27T16:16:36.621070+00:00,for-sale,gauteng,johannesburg-metro,midrand,noordwyk,1275900.0
privateproperty,T5399651,https://www.privateproperty.co.za/for-sale/gauteng/johannesburg-metro/sandton/illovo/2102-circa-illovo/196-oxford-road/T5399651,1 Bedroom Apartment in Illovo,10480000.0,Illovo,Sandton,Gauteng,Apartment,1.0,1.0,1.0,,30.0,,1041.0,569.0,"1 Bedroom Apartment in Illovo, 2102 circa illovo, 196 oxford road, Prime Illovo Location Opposite the Wanderers Golf Course and within walking distance to Melrose Arch",23 Feb 2026,2026-03-27T16:16:33.879602+00:00,for-sale,gauteng,johannesburg-metro,sandton,illovo,1048000.0
privateproperty,T5335815,https://www.privateproperty.co.za/for-sale/gauteng/johannesburg-metro/johannesburg-south/glenanda/207-glenvale/8-amanda-avenue/T5335815,2 Bedroom Apartment in Glenanda,9600000.0,Glenanda,Johannesburg South,Gauteng,Apartment,2.0,2.0,4.0,,84.0,,1300.0,770.0,"2 Bedroom Apartment in Glenanda, 207 glenvale, 8 amanda avenue, Elegant, Spacious Modern Apartment In Gleneagles Step into the epitome of modern living with this b",16 Dec 2025,2026-03-27T16:16:30.706975+00:00,for-sale,gauteng,johannesburg-metro,johannesburg-south,glenanda,960000.0
privateproperty,T5346073,https://www.privateproperty.co.za/for-sale/gauteng/johannesburg-metro/midrand/grand-central/10-diagonal-street/T5346073,2 Bedroom Apartment in Grand Central,8200000.0,Grand Central,Midrand,Gauteng,Apartment,2.0,1.0,1.0,,58.0,,1400.0,350.0,"2 Bedroom Apartment in Grand Central, 10 diagonal street, Experience elevated city living at Cussonia Central A striking new development redefining Midrands s",9 Jan 2026,2026-03-27T16:16:28.118838+00:00,for-sale,gauteng,johannesburg-metro,midrand,grand-central,820000.0
privateproperty,T5291172,https://www.privateproperty.co.za/for-sale/gauteng/johannesburg-metro/midrand/vorna-valley/93-berger-rd/T5291172,2 Bedroom Apartment in Vorna Valley,7550000.0,Vorna Valley,Midrand,Gauteng,Apartment,2.0,1.0,1.0,,80.0,80.0,1557.6666666666667,2614.0,"2 Bedroom Apartment in Vorna Valley, 93 berger rd, Modern 2-Bedroom Apartment for Sale in Vorna Valley Welcome to this charming 2-bedroom, 1-bathroom",4 Nov 2025,2026-03-27T16:16:24.901499+00:00,for-sale,gauteng,johannesburg-metro,midrand,vorna-valley,755000.0
privateproperty,T5111519,https://www.privateproperty.co.za/for-sale/gauteng/johannesburg-metro/sandton/sandown/0-the-augustus-complex/151-linden-road/T5111519,1 Bedroom Apartment in Sandown,7200000.0,Sandown,Sandton,Gauteng,Apartment,1.0,1.0,1.0,,48.0,,1500.0,550.0,"1 Bedroom Apartment in Sandown, the augustus complex, 151 linden road, Lovely neat 1 bed 1 bath lounge dining area balcony 1st floor apartment in The Augustus Complex on 1",10 Jun 2025,2026-03-27T16:16:21.382786+00:00,for-sale,gauteng,johannesburg-metro,sandton,sandown,720000.0
privateproperty,T5162420,https://www.privateproperty.co.za/for-sale/gauteng/johannesburg-metro/midrand/halfway-gardens/00-ville-roy-court/43-invicta-road/T5162420,2 Bedroom Apartment in Halfway Gardens,6600000.0,Halfway Gardens,Midrand,Gauteng,Apartment,2.0,1.0,1.0,1.0,89.0,,1900.0,600.0,"2 Bedroom Apartment in Halfway Gardens, ville roy court, 43 invicta road, Ville Roy Court One- bedroom with a loft upstairs...... This property is situated in Ville Roy Cou",22 Jul 2025,2026-03-27T16:16:18.045827+00:00,for-sale,gauteng,johannesburg-metro,midrand,halfway-gardens,660000.0
privateproperty,T5144969,https://www.privateproperty.co.za/for-sale/gauteng/johannesburg-metro/johannesburg-central/newtown/2113-ntemi-piliso-st-gwigwi-mrwebi-street/T5144969,2 Bedroom Apartment in Newtown,6500000.0,Newtown,Johannesburg Central,Gauteng,Apartment,2.0,1.0,,,,,1938.8333333333333,954.7727272727273,"2 Bedroom Apartment in Newtown, 2113 ntemi piliso st & gwigwi mrwebi street, The apartment accommodates visitors with a beautiful guest bathroom and features a private balcony f",9 Jul 2025,2026-03-27T16:16:14.650002+00:00,for-sale,gauteng,johannesburg-metro,johannesburg-central,newtown,650000.0
privateproperty,T5291500,https://www.privateproperty.co.za/for-sale/gauteng/johannesburg-metro/johannesburg-central/kensington/12-roberts-avenue-mansions/83-roberts-avenue/T5291500,2 Bedroom Apartment in Kensington,6500000.0,Kensington,Johannesburg Central,Gauteng,Apartment,2.0,1.0,,,78.0,1.0,2500.0,230.0,"2 Bedroom Apartment in Kensington, 12 roberts avenue mansions, 83 roberts avenue, Step into this quaint complex where the local TV series, Egoli was filmed in the 1990s. This two bed",4 Nov 2025,2026-03-27T16:16:11.229735+00:00,for-sale,gauteng,johannesburg-metro,johannesburg-central,kensington,650000.0
privateproperty,T4192402,https://www.privateproperty.co.za/for-sale/gauteng/johannesburg-metro/sandton/sandown/232-the-leonardo/75-maude-street-sandton-street/T4192402,2 Bedroom Apartment in Sandown,148000000.0,Sandown,Sandton,Gauteng,Apartment,2.0,3.0,2.0,2.0,,,13000.0,4350.0,"2 Bedroom Apartment in Sandown, 232 the leonardo, 75 maude street sandton street, Located in the heart of Africas Richest Square Mile, the Leonardo Stands Tall in the Sandton skyline",30 May 2023,2026-03-27T16:16:08.292816+00:00,for-sale,gauteng,johannesburg-metro,sandton,sandown,14800000.0
privateproperty,T5240663,https://www.privateproperty.co.za/for-sale/gauteng/johannesburg-metro/sandton/sandton-central/00018-the-leonardo/75-maude-street/T5240663,2 Bedroom Apartment in Sandton Central,112500000.0,Sandton Central,Sandton,Gauteng,Apartment,2.0,3.0,2.0,2.0,,,14500.0,4560.0,"2 Bedroom Apartment in Sandton Central, 18 the leonardo, 75 maude street, Own the Ultimate Address in Africa The Leonardo, Sandton Step into the height of luxury at The Leo",22 Sep 2025,2026-03-27T16:16:04.983434+00:00,for-sale,gauteng,johannesburg-metro,sandton,sandton-central,11250000.0
privateproperty,T4192291,https://www.privateproperty.co.za/for-sale/gauteng/johannesburg-metro/sandton/sandown/231-the-leonardo/75-maude-street/T4192291,2 Bedroom Apartment in Sandown,110500000.0,Sandown,Sandton,Gauteng,Apartment,2.0,3.0,2.0,2.0,,,13000.0,4500.0,"2 Bedroom Apartment in Sandown, 231 the leonardo, 75 maude street, Located in the heart of Africas Richest Square Mile, the Leonardo Stands Tall in the Sandton skyline",30 May 2023,2026-03-27T16:16:01.112318+00:00,for-sale,gauteng,johannesburg-metro,sandton,sandown,11050000.0
privateproperty,T5240078,https://www.privateproperty.co.za/for-sale/gauteng/johannesburg-metro/sandton/sandton-central/0007-the-leonardo/75-the-leonardo-street/T5240078,1 Bedroom Apartment in Sandton Central,85000000.0,Sandton Central,Sandton,Gauteng,Apartment,1.0,2.0,2.0,2.0,,,11320.0,2354.0,"1 Bedroom Apartment in Sandton Central, 7 the leonardo, 75 the leonardo street, Own the Ultimate Address in Africa The Leonardo, Sandton Step into the height of luxury at The Leo",22 Sep 2025,2026-03-27T16:15:57.445443+00:00,for-sale,gauteng,johannesburg-metro,sandton,sandton-central,8500000.0
privateproperty,T5173019,https://www.privateproperty.co.za/for-sale/gauteng/johannesburg-metro/sandton/sandton-central/402b-sandton-gate/7-minerva-avenue/T5173019,3 Bedroom Penthouse in Sandton Central,79500000.0,Sandton Central,Sandton,Gauteng,House,3.0,3.0,1.0,,255.0,,7963.285714285715,2603.125,"3 Bedroom Penthouse in Sandton Central, 402b sandton gate, 7 minerva avenue, Stunning 3-Bedroom Rooftop Penthouse with Breathtaking Views Experience elevated living at The Terr",31 Jul 2025,2026-03-27T16:15:53.285920+00:00,for-sale,gauteng,johannesburg-metro,sandton,sandton-central,7950000.0
privateproperty,T5240062,https://www.privateproperty.co.za/for-sale/gauteng/johannesburg-metro/sandton/sandton-central/0003-the-leonardo/75-maude-street/T5240062,1 Bedroom Apartment in Sandton Central,75000000.0,Sandton Central,Sandton,Gauteng,Apartment,1.0,2.0,2.0,2.0,,,9856.0,1860.0,"1 Bedroom Apartment in Sandton Central, 3 the leonardo, 75 maude street, Own the Ultimate Address in Africa The Leonardo, Sandton Step into the height of luxury at The Leo",22 Sep 2025,2026-03-27T16:15:50.054801+00:00,for-sale,gauteng,johannesburg-metro,sandton,sandton-central,7500000.0
privateproperty,T5240065,https://www.privateproperty.co.za/for-sale/gauteng/johannesburg-metro/sandton/sandton-central/0006-the-leonardo/75-maude-street/T5240065,1 Bedroom Apartment in Sandton Central,55000000.0,Sandton Central,Sandton,Gauteng,Apartment,1.0,2.0,2.0,2.0,,,8950.0,1850.0,"1 Bedroom Apartment in Sandton Central, 6 the leonardo, 75 maude street, Own the Ultimate Address in Africa The Leonardo, Sandton Step into the height of luxury at The Leo",22 Sep 2025,2026-03-27T16:15:47.132178+00:00,for-sale,gauteng,johannesburg-metro,sandton,sandton-central,5500000.0
privateproperty,T5240601,https://www.privateproperty.co.za/for-sale/gauteng/johannesburg-metro/sandton/sandton-central/00016-the-leonardo/75-maude-street/T5240601,1 Bedroom Apartment in Sandton Central,55000000.0,Sandton Central,Sandton,Gauteng,Apartment,1.0,2.0,2.0,2.0,,,8950.0,4850.0,"1 Bedroom Apartment in Sandton Central, 16 the leonardo, 75 maude street, Own the Ultimate Address in Africa The Leonardo, Sandton Step into the height of luxury at The Leo",22 Sep 2025,2026-03-27T16:15:44.159260+00:00,for-sale,gauteng,johannesburg-metro,sandton,sandton-central,5500000.0
privateproperty,T5240080,https://www.privateproperty.co.za/for-sale/gauteng/johannesburg-metro/sandton/sandton-central/0004-the-leonardo/75-maude-street/T5240080,1 Bedroom Apartment in Sandton Central,49000000.0,Sandton Central,Sandton,Gauteng,Apartment,1.0,2.0,2.0,2.0,,,8850.0,1850.0,"1 Bedroom Apartment in Sandton Central, 4 the leonardo, 75 maude street, Own the Ultimate Address in Africa The Leonardo, Sandton Step into the height of luxury at The Leo",22 Sep 2025,2026-03-27T16:15:41.143942+00:00,for-sale,gauteng,johannesburg-metro,sandton,sandton-central,4900000.0
privateproperty,T5145343,https://www.privateproperty.co.za/for-sale/gauteng/johannesburg-metro/rosebank-and-parktown/rosebank/618-the-tyrwhitt/20-tyrwhitt-avenue/T5145343,2 Bedroom Apartment in Rosebank,39100000.0,Rosebank,Rosebank And Parktown,Gauteng,Apartment,2.0,2.5,2.0,,80.5,80.0,2878.6349999999998,2090.0,"2 Bedroom Apartment in Rosebank, 618 the tyrwhitt, 20 tyrwhitt avenue, Unmatchable west-side view, Furnished, 2 bed, 2.5 bath, pet friendly with 100 back-up power. PRICE",9 Jul 2025,2026-03-27T16:15:36.822623+00:00,for-sale,gauteng,johannesburg-metro,rosebank-and-parktown,rosebank,3910000.0
privateproperty,T5415503,https://www.privateproperty.co.za/for-sale/gauteng/johannesburg-metro/sandton/hyde-park/1-ss-the-grande/79-6th-road/T5415503,2 Bedroom Apartment in Hyde Park,35000000.0,Hyde Park,Sandton,Gauteng,Apartment,2.0,2.5,2.0,,,,5210.0,2752.0,"2 Bedroom Apartment in Hyde Park, 1 ss the grande, 79 6th road, 2 Bedroom Luxury Apartment Experience refined living in this elegant two-bedroom luxury apartment a",6 Mar 2026,2026-03-27T16:15:33.593183+00:00,for-sale,gauteng,johannesburg-metro,sandton,hyde-park,3500000.0
privateproperty,T4811713,https://www.privateproperty.co.za/for-sale/gauteng/johannesburg-metro/sandton/morningside/110-the-odyssey/164-rivonia-road/T4811713,2 Bedroom Apartment in Morningside,31000000.0,Morningside,Sandton,Gauteng,Apartment,2.0,2.0,,,,,4700.0,2960.0,"2 Bedroom Apartment in Morningside, 110 the odyssey, 164 rivonia road, Presenting a lucrative investment opportunity in the heart of Morningside-10 stunning apartment opti",4 Oct 2024,2026-03-27T16:15:29.862054+00:00,for-sale,gauteng,johannesburg-metro,sandton,morningside,3100000.0
privateproperty,T5322203,https://www.privateproperty.co.za/for-sale/gauteng/johannesburg-metro/rosebank-and-parktown/rosebank/1104-the-median/23-cradock-avenue/T5322203,1 Bedroom Apartment in Rosebank,24100000.0,Rosebank,Rosebank And Parktown,Gauteng,Apartment,1.0,1.0,1.0,,45.1,45.0,2878.6349999999998,2090.0,"1 Bedroom Apartment in Rosebank, 1104 the median, 23 cradock avenue, 14-Storey Apartment Building in the centre of Rosebank. Buy-to-let & AirBnB opportunity. Buy-To-Let",2 Dec 2025,2026-03-27T16:15:25.700670+00:00,for-sale,gauteng,johannesburg-metro,rosebank-and-parktown,rosebank,2410000.0
privateproperty,T3058175,https://www.privateproperty.co.za/for-sale/gauteng/johannesburg-metro/midrand/waterfall-estate/9-kikuyu-nb/9-pretoria-main-road/T3058175,3 Bedroom Apartment in Waterfall Estate,18990000.0,Waterfall Estate,Midrand,Gauteng,Apartment,3.0,2.0,2.0,,114.0,,2145.0,1232.0,"3 Bedroom Apartment in Waterfall Estate, 9 kikuyu-nb, 9 pretoria main road, A classic lifestyle estate located in JOHANNESBURGs beautiful Waterfall area, each of The Kikuyu''s",2 Mar 2026,2026-03-27T16:15:22.514468+00:00,for-sale,gauteng,johannesburg-metro,midrand,waterfall-estate,1899000.0
privateproperty,T5271244,https://www.privateproperty.co.za/for-sale/gauteng/johannesburg-metro/rosebank-and-parktown/rosebank/43-the-galleries/39-sturdee-avenue/T5271244,1 Bedroom Apartment in Rosebank,15000000.0,Rosebank,Rosebank And Parktown,Gauteng,Apartment,1.0,1.0,1.0,,50.0,50.0,2878.6349999999998,2090.0,"1 Bedroom Apartment in Rosebank, 43 the galleries, 39 sturdee avenue, Located in the upmarket The Galleries complex in Rosebank, this modern first-floor unit offers secur",17 Oct 2025,2026-03-27T16:15:18.760179+00:00,for-sale,gauteng,johannesburg-metro,rosebank-and-parktown,rosebank,1500000.0
privateproperty,T12152,https://www.privateproperty.co.za/for-sale/gauteng/johannesburg-metro/sandton/sandton-central/108-sandhurst-towers/35-fredman-drive/T12152,1 Bedroom Apartment in Sandton Central,11000000.0,Sandton Central,Sandton,Gauteng,Apartment,1.0,1.0,1.0,,58.0,,7963.285714285715,1890.0,"1 Bedroom Apartment in Sandton Central, 108 sandhurst towers, 35 fredman drive, Super central and the perfect lock-up-and-go! Sandhurst Towers, this neat and comfortably furnished",16 Jan 2026,2026-03-27T16:15:14.499109+00:00,for-sale,gauteng,johannesburg-metro,sandton,sandton-central,1100000.0
privateproperty,T4881368,https://www.privateproperty.co.za/for-sale/gauteng/johannesburg-metro/sandton/sandton-central/1001-blackbrick-two/22-fredman-drive/T4881368,Studio Apartment in Sandton Central,10500000.0,Sandton Central,Sandton,Gauteng,Apartment,0.5,1.0,1.0,,21.0,,7963.285714285715,1890.0,"Studio Apartment in Sandton Central, 1001 blackbrick two, 22 fredman drive, Unreal Guaranteed Investment! Monthly rental income Guaranteed! Limited opportunities available! Bl",26 Nov 2024,2026-03-27T16:15:10.335558+00:00,for-sale,gauteng,johannesburg-metro,sandton,sandton-central,1050000.0
privateproperty,T5314017,https://www.privateproperty.co.za/for-sale/gauteng/johannesburg-metro/johannesburg-south/ormonde/124-typhoon-street/T5314017,2 Bedroom Apartment in Ormonde,7000000.0,Ormonde,Johannesburg South,Gauteng,Apartment,2.0,1.0,1.0,,49.0,,671.0,949.1418918918919,"2 Bedroom Apartment in Ormonde, 124 typhoon street, Modern 2-Bedroom Apartment for Sale in Ormonde Discover comfort and convenience in this well-mainta",23 Nov 2025,2026-03-27T16:14:54.179577+00:00,for-sale,gauteng,johannesburg-metro,johannesburg-south,ormonde,700000.0
privateproperty,T4874276,https://www.privateproperty.co.za/for-sale/gauteng/johannesburg-metro/sandton/sandton-central/01b-the-leonardo/75-maude-street/T4874276,3 Bedroom Apartment in Sandton Central,165000000.0,Sandton Central,Sandton,Gauteng,Apartment,3.0,4.0,2.0,2.0,,6.0,8540.0,5950.0,"3 Bedroom Apartment in Sandton Central, 1b the leonardo, 75 maude street, Experience unmatched luxury and space with our three-bedroom residence at The Leonardo an iconic ad",20 Nov 2024,2026-03-27T16:14:50.430762+00:00,for-sale,gauteng,johannesburg-metro,sandton,sandton-central,16500000.0
privateproperty,T4191941,https://www.privateproperty.co.za/for-sale/gauteng/johannesburg-metro/sandton/sandown/229-the-leonardo/75-maude-street-sandton-street/T4191941,2 Bedroom Apartment in Sandown,115000000.0,Sandown,Sandton,Gauteng,Apartment,2.0,3.0,2.0,2.0,,6.0,13800.0,4500.0,"2 Bedroom Apartment in Sandown, 229 the leonardo, 75 maude street sandton street, Located in the heart of Africas Richest Square Mile, the Leonardo Stands Tall in the Sandton skyline",30 May 2023,2026-03-27T16:14:47.670483+00:00,for-sale,gauteng,johannesburg-metro,sandton,sandown,11500000.0
privateproperty,T4191984,https://www.privateproperty.co.za/for-sale/gauteng/johannesburg-metro/sandton/sandown/230-the-leonardo/75-maude-street-sandton-street/T4191984,2 Bedroom Apartment in Sandown,89500000.0,Sandown,Sandton,Gauteng,Apartment,2.0,3.0,2.0,2.0,,6.0,13000.0,4500.0,"2 Bedroom Apartment in Sandown, 230 the leonardo, 75 maude street sandton street, Located in the heart of Africas Richest Square Mile, the Leonardo Stands Tall in the Sandton skyline",30 May 2023,2026-03-27T16:14:44.088806+00:00,for-sale,gauteng,johannesburg-metro,sandton,sandown,8950000.0
privateproperty,T4874600,https://www.privateproperty.co.za/for-sale/gauteng/johannesburg-metro/sandton/sandton-central/01f-the-leonardo/75-maude-street/T4874600,1 Bedroom Apartment in Sandton Central,68000000.0,Sandton Central,Sandton,Gauteng,Apartment,1.0,2.0,2.0,2.0,,6.0,7700.0,1890.0,"1 Bedroom Apartment in Sandton Central, 1f the leonardo, 75 maude street, Step into the ultimate lifestyle with our one-bedroom residence at The Leonardo where every detail",20 Nov 2024,2026-03-27T16:14:40.036018+00:00,for-sale,gauteng,johannesburg-metro,sandton,sandton-central,6800000.0
privateproperty,T5368587,https://www.privateproperty.co.za/for-sale/gauteng/johannesburg-metro/rosebank-and-parktown/rosebank/1403-the-tyrwhitt/39-tyrwhitt-and-bath-avenue/T5368587,2 Bedroom Apartment in Rosebank,57500000.0,Rosebank,Rosebank And Parktown,Gauteng,Apartment,2.0,2.5,2.0,,126.0,126.0,4556.35,2090.0,"2 Bedroom Apartment in Rosebank, 1403 the tyrwhitt, 39 tyrwhitt and bath avenue, Exquisite, Pet Friendly, 2-Bed, 2 12 Baths Penthouse with Back-up Services. Top floor, penthouse a",28 Jan 2026,2026-03-27T16:14:36.459044+00:00,for-sale,gauteng,johannesburg-metro,rosebank-and-parktown,rosebank,5750000.0
privateproperty,T5416456,https://www.privateproperty.co.za/for-sale/gauteng/johannesburg-metro/rosebank-and-parktown/melrose/108-iconic-melrose/50-jameson-avenue/T5416456,3 Bedroom Apartment in Melrose,37850000.0,Melrose,Rosebank And Parktown,Gauteng,Apartment,3.5,3.5,3.0,,153.0,,3852.0,2175.516129032258,"3 Bedroom Apartment in Melrose, 108 iconic melrose, 50 jameson avenue, Premium Living in an Elite Location | Bond & Transfer Costs Included Experience elevated living at",9 Mar 2026,2026-03-27T16:14:33.744661+00:00,for-sale,gauteng,johannesburg-metro,rosebank-and-parktown,melrose,3785000.0
privateproperty,T5174253,https://www.privateproperty.co.za/for-sale/gauteng/johannesburg-metro/rosebank-and-parktown/rosebank/710-the-median/23-cradock-avenue/T5174253,2 Bedroom Apartment in Rosebank,33750000.0,Rosebank,Rosebank And Parktown,Gauteng,Apartment,2.0,1.0,2.0,,64.9,64.0,3567.0,2446.0,"2 Bedroom Apartment in Rosebank, 710 the median, 23 cradock avenue, Rental Assist - Buy smart - All costs on us for up to 19-months! The best investments are the ones",31 Jul 2025,2026-03-27T16:14:30.752326+00:00,for-sale,gauteng,johannesburg-metro,rosebank-and-parktown,rosebank,3375000.0
privateproperty,T5408104,https://www.privateproperty.co.za/for-sale/gauteng/johannesburg-metro/rosebank-and-parktown/rosebank/3000-park-central/6-keyes-avenue/T5408104,2 Bedroom Apartment in Rosebank,32000000.0,Rosebank,Rosebank And Parktown,Gauteng,Apartment,2.0,2.0,,,91.0,,4310.0,2593.0,"2 Bedroom Apartment in Rosebank, 3000 park central, 6 keyes avenue, Fully Furnished & Equipped 2-Bedroom Apartment for Sale Park Central, Rosebank Experience modern,",2 Mar 2026,2026-03-27T16:14:26.988961+00:00,for-sale,gauteng,johannesburg-metro,rosebank-and-parktown,rosebank,3200000.0
privateproperty,T5237700,https://www.privateproperty.co.za/for-sale/gauteng/johannesburg-metro/rosebank-and-parktown/rosebank/906-the-tyrwhitt/54-bath-avenue/T5237700,1 Bedroom Apartment in Rosebank,24790000.0,Rosebank,Rosebank And Parktown,Gauteng,Apartment,1.0,1.0,1.0,,53.5,53.0,1917.0,1734.0,"1 Bedroom Apartment in Rosebank, 906 the tyrwhitt, 54 bath avenue, Last 1 Bed 1 Bath Apartment in The Tyrwhitt Rosebank. The ideal investment. Modern sophisticated apa",19 Sep 2025,2026-03-27T16:14:22.752408+00:00,for-sale,gauteng,johannesburg-metro,rosebank-and-parktown,rosebank,2479000.0
privateproperty,T5329704,https://www.privateproperty.co.za/for-sale/gauteng/johannesburg-metro/rosebank-and-parktown/rosebank/102-the-hive-rosebank/39-ashford-road/T5329704,3 Bedroom Apartment in Rosebank,22990000.0,Rosebank,Rosebank And Parktown,Gauteng,Apartment,3.0,2.0,1.0,,76.0,,900.0,2090.0,"3 Bedroom Apartment in Rosebank, 102 the hive rosebank, 39 ashford road, The Hive, Rosebank Premium 2 & 3 Bedroom Apartments for Modern Urban Living Discover contemporary",9 Dec 2025,2026-03-27T16:14:19.162060+00:00,for-sale,gauteng,johannesburg-metro,rosebank-and-parktown,rosebank,2299000.0
privateproperty,T5416420,https://www.privateproperty.co.za/for-sale/gauteng/johannesburg-metro/rosebank-and-parktown/melrose/102-iconic-melrose-esate/50-jameson-avenue/T5416420,2 Bedroom Apartment in Melrose,22200000.0,Melrose,Rosebank And Parktown,Gauteng,Apartment,2.0,2.0,1.0,,65.0,,1990.0,2175.516129032258,"2 Bedroom Apartment in Melrose, 102 iconic melrose esate, 50 jameson avenue, Luxury Living | Bond & Transfer Costs Included Discover refined, contemporary living at Iconic in M",9 Mar 2026,2026-03-27T16:14:16.523250+00:00,for-sale,gauteng,johannesburg-metro,rosebank-and-parktown,melrose,2220000.0
privateproperty,T5187379,https://www.privateproperty.co.za/for-sale/gauteng/johannesburg-metro/sandton/morningside/84-the-view/3-michelle-street/T5187379,2 Bedroom Apartment in Morningside,21490000.0,Morningside,Sandton,Gauteng,Apartment,2.0,2.0,1.0,,72.5,72.0,1801.0,1471.0,"2 Bedroom Apartment in Morningside, 84 the view, 3 michelle street, Modern sophisticated off the grid apartment development, with fantastic locality to Sandton, Bryanst",12 Aug 2025,2026-03-27T16:14:13.494889+00:00,for-sale,gauteng,johannesburg-metro,sandton,morningside,2149000.0
privateproperty,T5240457,https://www.privateproperty.co.za/for-sale/gauteng/johannesburg-metro/sandton/sandown/sandton-city/via-arezzio/174-daisy-street/T5240457,2 Bedroom Apartment in Sandton City,20990000.0,Sandown,Sandton,Gauteng,Apartment,2.0,1.0,1.0,,100.0,,3768.0,1581.0,"2 Bedroom Apartment in Sandton City, via arezzio, 174 daisy street, Bright & Airy 2Bedroom Loft with View Enjoy elevated living in this stylish 2bedroom loft apartment,",22 Sep 2025,2026-03-27T16:14:10.727127+00:00,for-sale,gauteng,johannesburg-metro,sandton,sandown,2099000.0
privateproperty,T4067750,https://www.privateproperty.co.za/for-sale/gauteng/johannesburg-metro/north-riding-to-lanseria/chartwell/e2-tocara/7-birchwood-avenue-chartwell/T4067750,3 Bedroom Penthouse in Chartwell,20590000.0,Chartwell,North Riding To Lanseria,Gauteng,House,3.0,2.0,4.0,,101.0,,2328.0,1611.0,"3 Bedroom Penthouse in Chartwell, e2 tocara, 7 birchwood avenue, chartwell, Immediate Occupation Available View By appointment. This impeccably designed 101m², 3-bedroom, 2-b",28 Feb 2023,2026-03-27T16:14:07.983089+00:00,for-sale,gauteng,johannesburg-metro,north-riding-to-lanseria,chartwell,2059000.0
privateproperty,T4952234,https://www.privateproperty.co.za/for-sale/gauteng/johannesburg-metro/sandton/sandton-central/4018-blackbrick-two/22-fredman-drive/T4952234,2 Bedroom Apartment in Sandton Central,20450000.0,Sandton Central,Sandton,Gauteng,Apartment,2.0,2.0,2.0,,60.0,,2040.0,1191.0,"2 Bedroom Apartment in Sandton Central, 4018 blackbrick two, 22 fredman drive, Monthly Rental Income Guaranteed! Limited opportunities available! As you enter the 2-bedroom apart",7 Feb 2025,2026-03-27T16:14:04.051412+00:00,for-sale,gauteng,johannesburg-metro,sandton,sandton-central,2045000.0
privateproperty,T5300821,https://www.privateproperty.co.za/for-sale/gauteng/johannesburg-metro/sandton/bryanston/310-bryanston-country-estate/78-bryanston-drive/T5300821,2 Bedroom Apartment in Bryanston,20350000.0,Bryanston,Sandton,Gauteng,Apartment,4.0,2.0,1.0,,84.0,,2018.0,960.5,"2 Bedroom Apartment in Bryanston, 310 bryanston country estate, 78 bryanston drive, Beautiful 2 Bedroom Apartment in Bryanston Country Estate The apartments at Bryanston Country Estat",12 Nov 2025,2026-03-27T16:14:01.060927+00:00,for-sale,gauteng,johannesburg-metro,sandton,bryanston,2035000.0
privateproperty,T3929039,https://www.privateproperty.co.za/for-sale/gauteng/johannesburg-metro/north-riding-to-lanseria/chartwell/e1-tocara/7-birchwood-avenue-chartwell/T3929039,3 Bedroom Penthouse in Chartwell,19990000.0,Chartwell,North Riding To Lanseria,Gauteng,House,3.0,2.0,4.0,,99.0,,2280.0,1565.0,"3 Bedroom Penthouse in Chartwell, e1 tocara, 7 birchwood avenue, chartwell, Step Into Your Dream Home at Tocara View By appointment. Embrace a lifestyle of comfort, style, an",12 Sep 2024,2026-03-27T16:13:57.276019+00:00,for-sale,gauteng,johannesburg-metro,north-riding-to-lanseria,chartwell,1999000.0
privateproperty,T5382794,https://www.privateproperty.co.za/for-sale/gauteng/johannesburg-metro/sandton/sandown/9-ss-sutton-close/141-willowbrook-place/T5382794,2 Bedroom Apartment in Sandown,18990000.0,Sandown,Sandton,Gauteng,Apartment,2.0,1.0,3.0,1.0,118.0,102.0,2917.0,1035.0,"2 Bedroom Apartment in Sandown, 9 ss sutton close, 141 willowbrook place, This well-maintained 2-bedroom, 1-bathroom ground floor unit is situated in a highly sought-after, s",10 Feb 2026,2026-03-27T16:13:53.334161+00:00,for-sale,gauteng,johannesburg-metro,sandton,sandown,1899000.0
privateproperty,T3080343,https://www.privateproperty.co.za/for-sale/gauteng/johannesburg-metro/midrand/waterfall-estate/20-kikuyu-nb/20-pretoria-main/T3080343,3 Bedroom Apartment in Waterfall Estate,18950000.0,Waterfall Estate,Midrand,Gauteng,Apartment,3.0,2.0,2.0,,110.0,,1624.0,1135.0,"3 Bedroom Apartment in Waterfall Estate, 20 kikuyu-nb, 20 pretoria main, A classic lifestyle estate located in JOHANNESBURGs beautiful Waterfall area, each of The Kikuyu''s",2 Mar 2026,2026-03-27T16:13:49.556755+00:00,for-sale,gauteng,johannesburg-metro,midrand,waterfall-estate,1895000.0
privateproperty,T5408791,https://www.privateproperty.co.za/for-sale/gauteng/johannesburg-metro/midrand/waterfall-estate/7-kikuyu-nb/1-pretoria-road/T5408791,3 Bedroom Apartment in Waterfall Estate,18950000.0,Waterfall Estate,Midrand,Gauteng,Apartment,3.0,2.0,2.0,,114.0,,1541.0,509.0,"3 Bedroom Apartment in Waterfall Estate, 7 kikuyu-nb, 1 pretoria road, Ground Floor: Dam Facing Apartment A classic lifestyle estate located in JOHANNESBURGs beautiful Wa",2 Mar 2026,2026-03-27T16:13:45.475319+00:00,for-sale,gauteng,johannesburg-metro,midrand,waterfall-estate,1895000.0
privateproperty,T5197688,https://www.privateproperty.co.za/for-sale/gauteng/johannesburg-metro/midrand/waterfall-estate/5-kikuyu-nb/1-maxwell-drive/T5197688,3 Bedroom Apartment in Waterfall Estate,18500000.0,Waterfall Estate,Midrand,Gauteng,Apartment,3.0,2.0,2.0,,114.0,,1541.0,509.0,"3 Bedroom Apartment in Waterfall Estate, 5 kikuyu-nb, 1 maxwell drive, A classic lifestyle estate located in JOHANNESBURGs beautiful Waterfall area, each of The Kikuyu''''",19 Aug 2025,2026-03-27T16:13:42.572486+00:00,for-sale,gauteng,johannesburg-metro,midrand,waterfall-estate,1850000.0
privateproperty,T4482812,https://www.privateproperty.co.za/for-sale/gauteng/johannesburg-metro/sandton/rivonia/303-cottonwoods/30-homestead/T4482812,2 Bedroom Apartment in Rivonia,18400000.0,Rivonia,Sandton,Gauteng,Apartment,2.0,2.0,2.0,,69.0,69.0,2746.0,943.0,"2 Bedroom Apartment in Rivonia, 303 cottonwoods, 30 homestead, All Offers Welcome! Sophisticated apartment living, inspired by Georgian townhouses with a clean whi",23 Jan 2024,2026-03-27T16:13:38.354666+00:00,for-sale,gauteng,johannesburg-metro,sandton,rivonia,1840000.0
privateproperty,T5146150,https://www.privateproperty.co.za/for-sale/gauteng/johannesburg-metro/johannesburg-central/sandringham/2112-ss-brookfield-at-royal/174-edward-ave/T5146150,1 Bedroom Apartment in Sandringham,16550000.0,Sandringham,Johannesburg Central,Gauteng,Apartment,1.0,1.0,,,122.0,,2900.0,1500.0,"1 Bedroom Apartment in Sandringham, 2112 ss brookfield at royal, 174 edward ave, Stunning 1-Bedroom Corner Unit in the Sought-After Brookfield at Royal This beautifully designed 1-",9 Jul 2025,2026-03-27T16:13:35.793075+00:00,for-sale,gauteng,johannesburg-metro,johannesburg-central,sandringham,1655000.0
privateproperty,T3625580,https://www.privateproperty.co.za/for-sale/gauteng/johannesburg-metro/sandton/rivonia/115-the-atrium/9-de-la-rey-road/T3625580,2 Bedroom Apartment in Rivonia,16300000.0,Rivonia,Sandton,Gauteng,Apartment,2.0,1.0,2.0,,69.0,69.0,2180.0,821.0,"2 Bedroom Apartment in Rivonia, 115 the atrium, 9 de la rey road, Perfectly situated just off Rivonia Road, access to all amenities and transport is easy. Living sho",4 Mar 2022,2026-03-27T16:13:31.835399+00:00,for-sale,gauteng,johannesburg-metro,sandton,rivonia,1630000.0
privateproperty,T5186601,https://www.privateproperty.co.za/for-sale/gauteng/johannesburg-metro/sandton/morningside/29-the-view/3-michelle-street/T5186601,1 Bedroom Apartment in Morningside,15990000.0,Morningside,Sandton,Gauteng,Apartment,1.0,1.0,1.0,,52.0,52.0,1328.0,1033.0,"1 Bedroom Apartment in Morningside, 29 the view, 3 michelle street, Incredible Investment. 1 Bed 1 Bath ground floor modern apartment. The View is a contemporary urban",11 Aug 2025,2026-03-27T16:13:28.401941+00:00,for-sale,gauteng,johannesburg-metro,sandton,morningside,1599000.0
privateproperty,T5366673,https://www.privateproperty.co.za/for-sale/gauteng/johannesburg-metro/north-riding-to-lanseria/north-riding/north-riding-ah/5010-celebration-retirement-estate/404-northumberland-avenue/T5366673,2 Bedroom Apartment in North Riding AH,15900000.0,North Riding,North Riding To Lanseria,Gauteng,Apartment,2.0,1.0,1.0,,68.0,,3500.0,1200.0,"2 Bedroom Apartment in North Riding AH, 5010 celebration retirement estate, 404 northumberland avenue, Discover tranquil, low-maintenance living in this stunning corner garden apartment, perfectly positi",27 Jan 2026,2026-03-27T16:13:25.290199+00:00,for-sale,gauteng,johannesburg-metro,north-riding-to-lanseria,north-riding,1590000.0
privateproperty,T5152786,https://www.privateproperty.co.za/for-sale/gauteng/johannesburg-metro/sandton/fourways/202-riverstone-wetland-estate/1-curry-road/T5152786,2 Bedroom Apartment in Fourways,15475000.0,Fourways,Sandton,Gauteng,Apartment,2.0,2.0,1.0,,74.0,,1425.0,835.16,"2 Bedroom Apartment in Fourways, 202 riverstone wetland estate, 1 curry road, Modern 2-Bed at Riverstone Walk to Montecasino This light-filled 2-bed, 2-bath apartment (7475 m)",15 Jul 2025,2026-03-27T16:13:21.097914+00:00,for-sale,gauteng,johannesburg-metro,sandton,fourways,1547500.0
privateproperty,T4525746,https://www.privateproperty.co.za/for-sale/gauteng/johannesburg-metro/sandton/beverley/69-mandalay/52-mulbarton-road/T4525746,2 Bedroom Apartment in Beverley,14900000.0,Beverley,Sandton,Gauteng,Apartment,2.0,2.0,,,68.0,,1398.0,1272.0,"2 Bedroom Apartment in Beverley, 69 mandalay, 52 mulbarton road, Beverley Sandton Gem Yours from R1,490,000! Immediate Occupation Available! Open House: Sundays, 1",20 Feb 2024,2026-03-27T16:13:13.893535+00:00,for-sale,gauteng,johannesburg-metro,sandton,beverley,1490000.0
privateproperty,T4525859,https://www.privateproperty.co.za/for-sale/gauteng/johannesburg-metro/sandton/beverley/81-mandalay/52-mulbarton-road/T4525859,2 Bedroom Apartment in Beverley,14900000.0,Beverley,Sandton,Gauteng,Apartment,2.0,2.0,,,68.0,,1398.0,1272.0,"2 Bedroom Apartment in Beverley, 81 mandalay, 52 mulbarton road, Beverley Sandton Gem Yours from R1,510,000! Immediate Occupation Available! Open House: Sundays, 1",20 Feb 2024,2026-03-27T16:13:10.213401+00:00,for-sale,gauteng,johannesburg-metro,sandton,beverley,1490000.0
privateproperty,T5200085,https://www.privateproperty.co.za/for-sale/gauteng/johannesburg-metro/sandton/rivonia/125-the-atrium/9-de-la-rey-road/T5200085,2 Bedroom Apartment in Rivonia,14219000.0,Rivonia,Sandton,Gauteng,Apartment,2.0,1.0,2.0,,69.0,69.0,2024.0,1054.0,"2 Bedroom Apartment in Rivonia, 125 the atrium, 9 de la rey road, Experience contemporary living in this stylish 2-bedroom, 1-bathroom apartment featuring a spacious",21 Aug 2025,2026-03-27T16:13:06.636622+00:00,for-sale,gauteng,johannesburg-metro,sandton,rivonia,1421900.0
privateproperty,T5410430,https://www.privateproperty.co.za/for-sale/gauteng/johannesburg-metro/north-riding-to-lanseria/north-riding/north-riding-ah/2208-celebration-retirement-estate/404-northumberland-avenue/T5410430,2 Bedroom Apartment in North Riding AH,14000000.0,North Riding,North Riding To Lanseria,Gauteng,Apartment,2.0,1.0,1.0,,71.0,,3700.0,1200.0,"2 Bedroom Apartment in North Riding AH, 2208 celebration retirement estate, 404 northumberland avenue, Experience secure and convenient estate living in this stunning 2-bedroom apartment situated within",3 Mar 2026,2026-03-27T16:13:03.296164+00:00,for-sale,gauteng,johannesburg-metro,north-riding-to-lanseria,north-riding,1400000.0
privateproperty,T4070765,https://www.privateproperty.co.za/for-sale/gauteng/johannesburg-metro/north-riding-to-lanseria/chartwell/type-c2-8-tocara/7-birchwood-avenue/T4070765,2 Bedroom Penthouse in Chartwell,13690000.0,Chartwell,North Riding To Lanseria,Gauteng,House,2.0,1.0,2.0,,72.0,,1656.0,1088.0,"2 Bedroom Penthouse in Chartwell, type c2 *8 tocara, 7 birchwood avenue, View By Appointment. Step into your dream home! This spacious 72m², 2-bedroom, 1-bathroom apartment",1 Mar 2023,2026-03-27T16:13:00.500622+00:00,for-sale,gauteng,johannesburg-metro,north-riding-to-lanseria,chartwell,1369000.0
privateproperty,T5362980,https://www.privateproperty.co.za/for-sale/gauteng/johannesburg-metro/midrand/carlswald-estate/3800-umthunzi-views/153-walton-avenue/T5362980,2 Bedroom Apartment in Carlswald Estate,13500000.0,Carlswald Estate,Midrand,Gauteng,Apartment,2.0,1.0,2.0,,93.0,,2606.0,940.0,"2 Bedroom Apartment in Carlswald Estate, 3800 umthunzi views, 153 walton avenue, Step into a world where contemporary design meets effortless living. This stunning 2-bedroom, 1-bath",24 Jan 2026,2026-03-27T16:12:57.429360+00:00,for-sale,gauteng,johannesburg-metro,midrand,carlswald-estate,1350000.0
privateproperty,T5213764,https://www.privateproperty.co.za/for-sale/gauteng/johannesburg-metro/midrand/vorna-valley/104-the-marksman/14-shamroc-avenue/T5213764,2 Bedroom Apartment in Vorna Valley,13000000.0,Vorna Valley,Midrand,Gauteng,Apartment,2.0,2.0,2.0,,71.8,,1645.0,568.0,"2 Bedroom Apartment in Vorna Valley, 104 the marksman, 14 shamroc avenue, Modern Ground Floor 2 Bedroom Apartment with Patio & Garden The Marksman, Midrand This 2 bedroom,",2 Sep 2025,2026-03-27T16:12:53.195762+00:00,for-sale,gauteng,johannesburg-metro,midrand,vorna-valley,1300000.0
privateproperty,T5310849,https://www.privateproperty.co.za/for-sale/gauteng/johannesburg-metro/north-riding-to-lanseria/olivedale/998-amsterdam/625-jacaranda-avenue/T5310849,2 Bedroom Apartment in Olivedale,12999000.0,Olivedale,North Riding To Lanseria,Gauteng,Apartment,2.0,2.0,2.0,,106.0,,1564.0,1404.0,"2 Bedroom Apartment in Olivedale, 998 amsterdam, 625 jacaranda avenue, Qualify for a 50 discount on your bond AND transfer costs Welcome to this beautifully designed 2-be",20 Nov 2025,2026-03-27T16:12:49.716517+00:00,for-sale,gauteng,johannesburg-metro,north-riding-to-lanseria,olivedale,1299900.0
privateproperty,T5416403,https://www.privateproperty.co.za/for-sale/gauteng/johannesburg-metro/rosebank-and-parktown/melrose/104-iconic-estate/5-jameson-avenue/T5416403,Studio Apartment in Melrose,12950000.0,Melrose,Rosebank And Parktown,Gauteng,Apartment,0.5,1.0,1.0,,33.0,,1005.0,2175.516129032258,"Studio Apartment in Melrose, 104 iconic estate, 5 jameson avenue, From R1 259 000 | Bond & Transfer Costs Included Step into smart, modern living at Iconic, Melrose'",9 Mar 2026,2026-03-27T16:12:45.985547+00:00,for-sale,gauteng,johannesburg-metro,rosebank-and-parktown,melrose,1295000.0
privateproperty,T4659521,https://www.privateproperty.co.za/for-sale/gauteng/johannesburg-metro/sandton/fourways/76-key-largo/30-othello-avenue/T4659521,1 Bedroom Penthouse in Fourways,12790000.0,Fourways,Sandton,Gauteng,House,1.0,1.0,2.0,,68.0,,1430.0,1072.0,"1 Bedroom Penthouse in Fourways, 76 key largo, 30 othello avenue, On Show On Sundays from 12:00 PM to 16:00 PM. KEY LARGO 1 bed 1 bath Study B2 type | 68 m2 From R",4 Jun 2024,2026-03-27T16:12:41.743800+00:00,for-sale,gauteng,johannesburg-metro,sandton,fourways,1279000.0
privateproperty,T4661069,https://www.privateproperty.co.za/for-sale/gauteng/johannesburg-metro/sandton/fourways/93-key-largo/30-othello-avenue/T4661069,1 Bedroom Penthouse in Fourways,12690000.0,Fourways,Sandton,Gauteng,House,1.0,1.0,1.0,,62.0,,1298.0,1072.0,"1 Bedroom Penthouse in Fourways, 93 key largo, 30 othello avenue, On Show Sundays from 12:00 PM to 16:00 PM. KEY LARGO 1 bed 1 bath B3 type | 62 m2 From R1 269 000",5 Jun 2024,2026-03-27T16:12:37.539158+00:00,for-sale,gauteng,johannesburg-metro,sandton,fourways,1269000.0
privateproperty,T4069421,https://www.privateproperty.co.za/for-sale/gauteng/johannesburg-metro/north-riding-to-lanseria/chartwell/133-tocara/7-birchwood-avenue/T4069421,2 Bedroom Penthouse in Chartwell,12590000.0,Chartwell,North Riding To Lanseria,Gauteng,House,2.0,1.0,2.0,,65.0,,1488.0,1118.0,"2 Bedroom Penthouse in Chartwell, 133 tocara, 7 birchwood avenue, View By Appointment. Ready to move in today Your dream home is waiting for you at Tocara Estate! S",8 Jan 2026,2026-03-27T16:12:22.914076+00:00,for-sale,gauteng,johannesburg-metro,north-riding-to-lanseria,chartwell,1259000.0
privateproperty,T4881262,https://www.privateproperty.co.za/for-sale/gauteng/johannesburg-metro/sandton/sandton-central/3042-blackbrick-two/22-fredman-drive/T4881262,1 Bedroom Apartment in Sandton Central,12450000.0,Sandton Central,Sandton,Gauteng,Apartment,1.0,1.0,1.0,,34.0,,1156.0,884.0,"1 Bedroom Apartment in Sandton Central, 3042 blackbrick two, 22 fredman drive, Over 90 Sold Monthly rental income guaranteed! These cleverly crafted apartments hav",26 Nov 2024,2026-03-27T16:12:19.334632+00:00,for-sale,gauteng,johannesburg-metro,sandton,sandton-central,1245000.0
privateproperty,T5120876,https://www.privateproperty.co.za/for-sale/gauteng/johannesburg-metro/sandton/rivonia/2b1b-brooke-manor-apartments/43-de-la-rey-rd/T5120876,2 Bedroom Apartment in Rivonia,11990000.0,Rivonia,Sandton,Gauteng,Apartment,2.0,1.0,1.0,,50.0,,1983.0,867.0,"2 Bedroom Apartment in Rivonia, 2b1b brooke manor apartments, 43 de la rey rd, Apartment Development - Rivonia, Sandton A brand-new residential development close to Sandton CBD th",18 Jun 2025,2026-03-27T16:12:15.716608+00:00,for-sale,gauteng,johannesburg-metro,sandton,rivonia,1199000.0
privateproperty,T5110162,https://www.privateproperty.co.za/for-sale/gauteng/johannesburg-metro/midrand/noordwyk/a1-katara/880-lever-road/T5110162,3 Bedroom Apartment in Noordwyk,11800000.0,Noordwyk,Midrand,Gauteng,Apartment,3.0,2.0,2.0,,91.0,,1950.0,505.0,"3 Bedroom Apartment in Noordwyk, a1 katara, 880 lever road, Lovely Ground Floor Unit with Private Garden is available at a good price! Neat apartment consist o",9 Jun 2025,2026-03-27T16:12:12.824492+00:00,for-sale,gauteng,johannesburg-metro,midrand,noordwyk,1180000.0
privateproperty,T5022045,https://www.privateproperty.co.za/for-sale/gauteng/johannesburg-metro/sandton/morningside/22-the-view/3-michelle-street/T5022045,1 Bedroom Apartment in Morningside,11605400.0,Morningside,Sandton,Gauteng,Apartment,1.0,1.0,1.0,,39.4,39.0,923.0,684.0,"1 Bedroom Apartment in Morningside, 22 the view, 3 michelle street, Ground floor studio apartment. Off The Grid Modern Apartment. Great starter home or investment prop",28 Mar 2025,2026-03-27T16:12:09.591714+00:00,for-sale,gauteng,johannesburg-metro,sandton,morningside,1160540.0
privateproperty,T5384806,https://www.privateproperty.co.za/for-sale/gauteng/johannesburg-metro/midrand/blue-hills/33-blue-lake-estate/27-killimanjaro/T5384806,2 Bedroom Apartment in Blue Hills,11500000.0,Blue Hills,Midrand,Gauteng,Apartment,2.0,2.0,1.0,,76.0,,1992.0,4044.3,"2 Bedroom Apartment in Blue Hills, 33 blue lake estate, 27 killimanjaro, Live Where Serenity Meets Style Step into refined estate living with this spacious 2-bedroom, 2-bat",11 Feb 2026,2026-03-27T16:12:05.877960+00:00,for-sale,gauteng,johannesburg-metro,midrand,blue-hills,1150000.0
privateproperty,T5215087,https://www.privateproperty.co.za/for-sale/gauteng/johannesburg-metro/rosebank-and-parktown/rosebank/207-the-hive-at-rosebank/39-ashford-road/T5215087,Studio apartment in Rosebank,11000000.0,Rosebank,Rosebank And Parktown,Gauteng,Apartment,1.0,1.0,1.0,,24.0,,900.0,2090.0,"Studio apartment in Rosebank, 207 the hive at rosebank, 39 ashford road, Stylish Studio in Rosebank The Hive Oxford Step into smart city living at The Hive Oxford, perfect",3 Sep 2025,2026-03-27T16:12:01.941243+00:00,for-sale,gauteng,johannesburg-metro,rosebank-and-parktown,rosebank,1100000.0
privateproperty,T5121646,https://www.privateproperty.co.za/for-sale/gauteng/johannesburg-metro/sandton/rivonia/18-brooke-manor/41-de-la-rey-road/T5121646,2 Bedroom Apartment in Rivonia,10725000.0,Rivonia,Sandton,Gauteng,Apartment,2.0,1.0,1.0,,50.0,50.0,1984.0,692.0,"2 Bedroom Apartment in Rivonia, 18 brooke manor, 41 de la rey road, New Modern Ground Floor Apartment. Brooke Manor Rivonia. Load Shedding Backup Option Perfectly sit",19 Jun 2025,2026-03-27T16:11:59.087001+00:00,for-sale,gauteng,johannesburg-metro,sandton,rivonia,1072500.0
privateproperty,T5369248,https://www.privateproperty.co.za/for-sale/gauteng/johannesburg-metro/midrand/carlswald-estate/003-hill-of-good-hope/01-springfield-road/T5369248,2 Bedroom Apartment in Carlswald Estate,9900000.0,Carlswald Estate,Midrand,Gauteng,Apartment,2.0,1.0,2.0,,73.0,,1900.0,700.0,"2 Bedroom Apartment in Carlswald Estate, 3 hill of good hope, 1 springfield road, A beautiful 2-bedbroom apartment in 2nd floor available for sale in Hill of Good hope, it''s availab",29 Jan 2026,2026-03-27T16:11:55.367437+00:00,for-sale,gauteng,johannesburg-metro,midrand,carlswald-estate,990000.0
privateproperty,T5199814,https://www.privateproperty.co.za/for-sale/gauteng/johannesburg-metro/north-riding-to-lanseria/northwold/12-ss-banbury-park/124-1st-road/T5199814,2 Bedroom Apartment in Northwold,9500000.0,Northwold,North Riding To Lanseria,Gauteng,Apartment,2.0,2.0,2.0,1.0,158.0,,2078.0,791.0,"2 Bedroom Apartment in Northwold, 12 ss banbury park, 124 1st road, Modern 2-Bed, 2-bath Apartment, Northwold Step into this stylish apartment boasting quality finishe",21 Aug 2025,2026-03-27T16:11:51.312976+00:00,for-sale,gauteng,johannesburg-metro,north-riding-to-lanseria,northwold,950000.0
privateproperty,T2458698,https://www.privateproperty.co.za/for-sale/gauteng/johannesburg-metro/midrand/carlswald-estate/77-222-la-masion-royale-nb-82-tamboti-road/2-la-masion-royale/T2458698,2 Bedroom Apartment in Carlswald Estate,9490000.0,Carlswald Estate,Midrand,Gauteng,Apartment,2.0,1.0,1.0,,69.0,,745.0,559.0,"2 Bedroom Apartment in Carlswald Estate, 77 222 la masion royale-nb, 82 tamboti road, 2 la masion royale, This modern recently development apartment is located on the ground floor at La Maison Royale in Tam",5 Jun 2025,2026-03-27T16:11:47.363409+00:00,for-sale,gauteng,johannesburg-metro,midrand,carlswald-estate,949000.0
privateproperty,T5159412,https://www.privateproperty.co.za/for-sale/gauteng/johannesburg-metro/sandton/fourways/403-riverstone-wetland-estate/5-curry-road/T5159412,1 Bedroom Apartment in Fourways,9427000.0,Fourways,Sandton,Gauteng,Apartment,1.0,1.0,,,36.0,,684.0,835.16,"1 Bedroom Apartment in Fourways, 403 riverstone wetland estate, 5 curry road, 1 Bedroom Apartment - 500 m to Montecasino Riverstone Phase 2 now selling Discover Riverstone Wetl",21 Jul 2025,2026-03-27T16:11:43.610051+00:00,for-sale,gauteng,johannesburg-metro,sandton,fourways,942700.0
privateproperty,T5360925,https://www.privateproperty.co.za/for-sale/gauteng/johannesburg-metro/north-riding-to-lanseria/north-riding/north-riding-ah/3210-celebration-retirement-estate/404-northumberland-avenue/T5360925,1 Bedroom Apartment in North Riding AH,9200000.0,North Riding,North Riding To Lanseria,Gauteng,Apartment,1.0,1.0,1.0,,45.0,,2900.0,840.0,"1 Bedroom Apartment in North Riding AH, 3210 celebration retirement estate, 404 northumberland avenue, Welcome to the Pinnacle of Retirement Living! Are you ready to embrace the golden years in style L",22 Jan 2026,2026-03-27T16:11:40.568643+00:00,for-sale,gauteng,johannesburg-metro,north-riding-to-lanseria,north-riding,920000.0
privateproperty,T5125179,https://www.privateproperty.co.za/for-sale/gauteng/johannesburg-metro/randburg/ferndale/207-fern-valley/450-vale-road/T5125179,2 Bedroom Apartment in Ferndale,9000000.0,Ferndale,Randburg,Gauteng,Apartment,2.0,1.0,2.0,,47.0,47.0,1879.0,478.0,"2 Bedroom Apartment in Ferndale, 207 fern valley, 450 vale road, Rental Assist - Buy smart - All costs on us for up to 16 months! The best investments are the ones t",23 Jun 2025,2026-03-27T16:11:36.440219+00:00,for-sale,gauteng,johannesburg-metro,randburg,ferndale,900000.0
privateproperty,T5156041,https://www.privateproperty.co.za/for-sale/gauteng/johannesburg-metro/midrand/carlswald-estate/157-rosa-royale-1/17-olea/T5156041,2 Bedroom Apartment in Carlswald Estate,9000000.0,Carlswald Estate,Midrand,Gauteng,Apartment,2.0,1.0,1.0,,81.0,,1019.0,481.0,"2 Bedroom Apartment in Carlswald Estate, 157 rosa royale 1, 17 olea, As you enter this beautiful top floor apartment, youre immediately greeted by the warmth of a modern",17 Jul 2025,2026-03-27T16:11:32.223411+00:00,for-sale,gauteng,johannesburg-metro,midrand,carlswald-estate,900000.0
privateproperty,T5295210,https://www.privateproperty.co.za/for-sale/gauteng/johannesburg-metro/midrand/noordwyk/24300-san-ridge-heights/13th-road-13th-rd/T5295210,2 Bedroom Apartment in Noordwyk,9000000.0,Noordwyk,Midrand,Gauteng,Apartment,2.0,1.0,1.0,,54.0,,1535.0,740.0,"2 Bedroom Apartment in Noordwyk, 24300 san ridge heights, 13th road 13th rd, A luxury 1 bedroom bachelor apartment found inside one Mdrand s best 24 hour controlled security est",7 Nov 2025,2026-03-27T16:11:29.057493+00:00,for-sale,gauteng,johannesburg-metro,midrand,noordwyk,900000.0
privateproperty,T5336580,https://www.privateproperty.co.za/for-sale/gauteng/johannesburg-metro/johannesburg-south/south-hills/145-oliver-tree-estate/5-confetti-bush-street/T5336580,3 Bedroom Apartment in South Hills,9000000.0,South Hills,Johannesburg South,Gauteng,Apartment,3.0,1.0,3.0,,,180.0,1.0,1.0,"3 Bedroom Apartment in South Hills, 145 oliver tree estate, 5 confetti bush street, Secure estate living with comfort, convenience, and community charm. Situated in a secure estate, t",17 Dec 2025,2026-03-27T16:11:24.846591+00:00,for-sale,gauteng,johannesburg-metro,johannesburg-south,south-hills,900000.0
privateproperty,T4995858,https://www.privateproperty.co.za/for-sale/gauteng/johannesburg-metro/midrand/sagewood/1664-octave/67-mozart-lane/T4995858,2 Bedroom Apartment in Sagewood,8700000.0,Sagewood,Midrand,Gauteng,Apartment,2.0,1.0,1.0,,63.0,,1698.0,415.0,"2 Bedroom Apartment in Sagewood, 1664 octave, 67 mozart lane, Perfect for first-time buyers, young professionals, or investors. Discover contemporary living in t",10 Mar 2025,2026-03-27T16:11:22.213828+00:00,for-sale,gauteng,johannesburg-metro,midrand,sagewood,870000.0
privateproperty,T4917790,https://www.privateproperty.co.za/for-sale/gauteng/johannesburg-metro/midrand/glen-austin/glen-austin-ah/140-the-austin-luxury-apartments/55-austin/T4917790,2 Bedroom Apartment in Glen Austin AH,7999000.0,Glen Austin,Midrand,Gauteng,Apartment,2.0,1.0,1.0,,48.0,,1420.0,334.0,"2 Bedroom Apartment in Glen Austin AH, 140 the austin luxury apartments, 55 austin, OCCUPATION 1st MARCH 2026!! Modern 2-Bedroom Unit with Exceptional Amenities Welcome to your new h",14 Jan 2025,2026-03-27T16:11:15.379104+00:00,for-sale,gauteng,johannesburg-metro,midrand,glen-austin,799900.0
privateproperty,T5188139,https://www.privateproperty.co.za/for-sale/gauteng/johannesburg-metro/sandton/lonehill/70-matumi-sands/11-the-straight/T5188139,1 Bedroom Apartment in Lonehill,7800000.0,Lonehill,Sandton,Gauteng,Apartment,1.0,1.0,2.0,,52.0,,1554.0,454.97,"1 Bedroom Apartment in Lonehill, 70 matumi sands, 11 the straight, Welcome to this modern 1-bedroom, 1-bathroom apartment is situated on the 1st floor. All the thatc",12 Aug 2025,2026-03-27T16:11:12.480062+00:00,for-sale,gauteng,johannesburg-metro,sandton,lonehill,780000.0
privateproperty,T5412789,https://www.privateproperty.co.za/for-sale/gauteng/johannesburg-metro/sandton/bryanston/67-bryanston/31-queens-road/T5412789,1 Bedroom Apartment in Bryanston,7750000.0,Bryanston,Sandton,Gauteng,Apartment,1.0,1.0,,,47.0,,913.0,960.5,"1 Bedroom Apartment in Bryanston, 67 bryanston, 31 queens road, This modern 1 bedroom, 1 bathroom apartment offers comfortable and convenient living in a highly sou",4 Mar 2026,2026-03-27T16:11:08.821633+00:00,for-sale,gauteng,johannesburg-metro,sandton,bryanston,775000.0
privateproperty,T5261624,https://www.privateproperty.co.za/for-sale/gauteng/johannesburg-metro/sandton/douglasdale/0-sibiti-private-estate/15-nerine-street/T5261624,1 Bedroom Apartment in Douglasdale,7500000.0,Douglasdale,Sandton,Gauteng,Apartment,1.0,1.0,1.0,,52.0,,1607.0,780.0,"1 Bedroom Apartment in Douglasdale, sibiti private estate, 15 nerine street, One bed, one bath garden unit in Sibiti Private Estate, situated within a Bush Baby conservancy over",10 Oct 2025,2026-03-27T16:11:05.869795+00:00,for-sale,gauteng,johannesburg-metro,sandton,douglasdale,750000.0
privateproperty,T5021894,https://www.privateproperty.co.za/for-sale/gauteng/johannesburg-metro/johannesburg-south/mondeor/26-lakeview-bc/57-john-masefield/T5021894,2 Bedroom Apartment in Mondeor,6999990.0,Mondeor,Johannesburg South,Gauteng,Apartment,2.0,1.0,1.0,,102.0,,1718.0,2000.0,"2 Bedroom Apartment in Mondeor, 26 lakeview bc, 57 john masefield, Charming Duplex for Sale in the Heart of Mondeor, Johannesburg South. Discover this beautiful and s",28 Mar 2025,2026-03-27T16:11:02.796529+00:00,for-sale,gauteng,johannesburg-metro,johannesburg-south,mondeor,699999.0
privateproperty,T5300858,https://www.privateproperty.co.za/for-sale/gauteng/johannesburg-metro/north-riding-to-lanseria/olivedale/379-olivedale-retirement-village/34-lima/T5300858,1 Bedroom Apartment in Olivedale,6600000.0,Olivedale,North Riding To Lanseria,Gauteng,Apartment,1.0,1.0,,,43.0,,2500.0,600.0,"1 Bedroom Apartment in Olivedale, 379 olivedale retirement village, 34 lima, OLIVEDALE RETIREMENT VILLAGE!!! OVER THE AGE OF 50?? CALL NOW!!! Available is this stunning 1 bedro",12 Nov 2025,2026-03-27T16:10:59.862269+00:00,for-sale,gauteng,johannesburg-metro,north-riding-to-lanseria,olivedale,660000.0
privateproperty,T5361163,https://www.privateproperty.co.za/for-sale/gauteng/johannesburg-metro/sandton/beverley/8-ss-ihita/1-fountain-road/T5361163,1 Bedroom Apartment in Beverley,6000000.0,Beverley,Sandton,Gauteng,Apartment,1.0,1.0,1.0,,43.0,,1700.0,900.0,"1 Bedroom Apartment in Beverley, 8 ss ihita, 1 fountain road, Modern 1-Bedroom Apartment in Secure Beverley Estate Discover modern living in this inviting 43 sqm",22 Jan 2026,2026-03-27T16:10:56.363590+00:00,for-sale,gauteng,johannesburg-metro,sandton,beverley,600000.0
privateproperty,T5404715,https://www.privateproperty.co.za/for-sale/gauteng/johannesburg-metro/midrand/vorna-valley/50-ss-rosewood/53-berger-road/T5404715,2 Bedroom Apartment in Vorna Valley,5990000.0,Vorna Valley,Midrand,Gauteng,Apartment,2.0,1.0,1.0,,62.0,8.0,1570.0,444.0,"2 Bedroom Apartment in Vorna Valley, 50 ss rosewood, 53 berger road, Welcome to this charming 2-bedroom, 1-bathroom first-floor apartment situated in the well-maintained",26 Feb 2026,2026-03-27T16:10:52.285927+00:00,for-sale,gauteng,johannesburg-metro,midrand,vorna-valley,599000.0
privateproperty,T5174396,https://www.privateproperty.co.za/for-sale/gauteng/johannesburg-metro/midrand/vorna-valley/145-bel-aire/70-pretorius-road/T5174396,1 Bedroom Apartment in Vorna Valley,5800000.0,Vorna Valley,Midrand,Gauteng,Apartment,1.0,1.0,1.0,1.0,65.0,,1614.0,536.0,"1 Bedroom Apartment in Vorna Valley, 145 bel aire, 70 pretorius road, One Bedroom For Sale in Vorna Valley Vorna Valley is a suburb of Midrand, an area that is well kno",31 Jul 2025,2026-03-27T16:10:48.552130+00:00,for-sale,gauteng,johannesburg-metro,midrand,vorna-valley,580000.0
privateproperty,T3772039,https://www.privateproperty.co.za/for-sale/gauteng/johannesburg-metro/sandton/morningside/T3772039,3 Bedroom Penthouse in Morningside,81000000.0,Morningside,Sandton,Gauteng,House,3.0,3.5,3.0,,355.0,,16000.0,6300.0,"3 Bedroom Penthouse in Morningside, Live in luxury at The Sandton Emperor in Morningside. A spacious penthouse in the renowned buildin",6 Aug 2024,2026-03-27T16:10:45.743416+00:00,for-sale,gauteng,johannesburg-metro,sandton,morningside,8100000.0
privateproperty,T5395211,https://www.privateproperty.co.za/for-sale/gauteng/johannesburg-metro/sandton/bryanston/T5395211,2 Bedroom Apartment in Bryanston,17950000.0,Bryanston,Sandton,Gauteng,Apartment,2.0,2.0,1.0,,84.0,,1734.0,1170.0,"2 Bedroom Apartment in Bryanston, Modern Sophistication, Like New, Ground Floor Apartment Low Levies. Upmarket Apartment with Monthly",19 Feb 2026,2026-03-27T16:10:41.610153+00:00,for-sale,gauteng,johannesburg-metro,sandton,bryanston,1795000.0
privateproperty,T5341406,https://www.privateproperty.co.za/for-sale/gauteng/johannesburg-metro/sandton/linbro-park/T5341406,1 Bedroom Apartment in Linbro Park,7800000.0,Linbro Park,Sandton,Gauteng,Apartment,1.0,1.0,1.0,,40.0,70.0,1410.0,320.0,"1 Bedroom Apartment in Linbro Park, Property Description This modern one-bedroom, ground-floor apartment is situated in the sought-afte",3 Jan 2026,2026-03-27T16:10:37.362881+00:00,for-sale,gauteng,johannesburg-metro,sandton,linbro-park,780000.0
privateproperty,T4920517,https://www.privateproperty.co.za/for-sale/gauteng/johannesburg-metro/randburg/darrenwood/T4920517,1 Bedroom Apartment in Darrenwood,6750000.0,Darrenwood,Randburg,Gauteng,Apartment,1.0,1.0,1.0,,67.0,,2368.0,1018.0,"1 Bedroom Apartment in Darrenwood, Stylish Loft Apartment in Darrenwood Ultra-Stylish Loft Living in the Heart of Darrenwood 63 unit",5 Jan 2026,2026-03-27T16:10:33.282075+00:00,for-sale,gauteng,johannesburg-metro,randburg,darrenwood,675000.0
privateproperty,T4914749,https://www.privateproperty.co.za/for-sale/gauteng/johannesburg-metro/sandton/hyde-park/2203-ss-one-melville-road/1-melville-road/T4914749,2 Bedroom Apartment in Hyde Park,35000000.0,Hyde Park,Sandton,Gauteng,Apartment,2.0,2.0,,,123.0,123.0,4198.666666666667,2752.0,"2 Bedroom Apartment in Hyde Park, 2203 ss one melville road, 1 melville road, 2 Bedroom Apartment Welcome to your dream home, where modern elegance meets exceptional comfort. Th",10 Jan 2025,2026-03-27T16:10:29.652571+00:00,for-sale,gauteng,johannesburg-metro,sandton,hyde-park,3500000.0
privateproperty,T5366056,https://www.privateproperty.co.za/for-sale/gauteng/johannesburg-metro/sandton/morningside/000-sunset-towers/123-shannon-lane/T5366056,4 Bedroom Apartment in Morningside,89980000.0,Morningside,Sandton,Gauteng,Apartment,4.0,4.5,,,473.0,,7287.0,5820.0,"4 Bedroom Apartment in Morningside, sunset towers, 123 shannon lane, Penthouse living at its Best Experience refined urban living in this exceptional penthouse, where l",27 Jan 2026,2026-03-27T16:10:26.896529+00:00,for-sale,gauteng,johannesburg-metro,sandton,morningside,8998000.0
privateproperty,T5350648,https://www.privateproperty.co.za/for-sale/gauteng/johannesburg-metro/rosebank-and-parktown/rosebank/a4b-park-central/6-keyes-avenue/T5350648,2 Bedroom Apartment in Rosebank,36400000.0,Rosebank,Rosebank And Parktown,Gauteng,Apartment,2.0,2.0,,,93.0,,7800.0,3269.0,"2 Bedroom Apartment in Rosebank, a4b park central, 6 keyes avenue, Park Central Luxury Urban Living in the Heart of Rosebank, Johannesburg Park Central is an exclusi",14 Jan 2026,2026-03-27T16:10:24.268475+00:00,for-sale,gauteng,johannesburg-metro,rosebank-and-parktown,rosebank,3640000.0
privateproperty,T5281353,https://www.privateproperty.co.za/for-sale/gauteng/johannesburg-metro/rosebank-and-parktown/houghton-estate/4585-tree-tops/13-8th-street/T5281353,2 Bedroom Apartment in Houghton Estate,30000000.0,Houghton Estate,Rosebank And Parktown,Gauteng,Apartment,2.0,2.0,,,88.0,,3254.0,1950.0,"2 Bedroom Apartment in Houghton Estate, 4585 tree tops, 13 8th street, Tree Tops, Houghton Estate Experience contemporary living at its finest in this stylish two-bedroom",27 Oct 2025,2026-03-27T16:10:21.515709+00:00,for-sale,gauteng,johannesburg-metro,rosebank-and-parktown,houghton-estate,3000000.0
privateproperty,T5366796,https://www.privateproperty.co.za/for-sale/gauteng/johannesburg-metro/sandton/morningside/13214-tribeca/166-rivonia-road/T5366796,3 Bedroom Apartment in Morningside,26990000.0,Morningside,Sandton,Gauteng,Apartment,3.0,2.0,2.0,,173.0,,5598.0,1405.5,"3 Bedroom Apartment in Morningside, 13214 tribeca, 166 rivonia road, 3-Bedroom Apartiment for sale in the Prestigious Tribeca, Morningside Offers from R 2,500,000.00 s",27 Jan 2026,2026-03-27T16:10:17.400648+00:00,for-sale,gauteng,johannesburg-metro,sandton,morningside,2699000.0
privateproperty,T5278885,https://www.privateproperty.co.za/for-sale/gauteng/johannesburg-metro/sandton/bryanston/108-bryanston-country-estate/78-bryanston-drive/T5278885,2 Bedroom Apartment in Bryanston,23600000.0,Bryanston,Sandton,Gauteng,Apartment,4.0,2.0,1.0,,92.8,,2215.0,960.5,"2 Bedroom Apartment in Bryanston, 108 bryanston country estate, 78 bryanston drive, 2 Bedroom Apartment for sale in Country Estate - Bryanston A rare new opportunity in one of Johanne",24 Oct 2025,2026-03-27T16:10:13.915936+00:00,for-sale,gauteng,johannesburg-metro,sandton,bryanston,2360000.0
privateproperty,T5316209,https://www.privateproperty.co.za/for-sale/gauteng/johannesburg-metro/sandton/morningside/8822-elbrus/359-summit-road/T5316209,2 Bedroom Apartment in Morningside,20500000.0,Morningside,Sandton,Gauteng,Apartment,2.0,2.0,,,137.0,,2600.0,1500.0,"2 Bedroom Apartment in Morningside, 8822 elbrus, 359 summit road, Modern 2-Bedroom Apartment for sale in the Heart of Morningside Experience contemporary living in t",25 Nov 2025,2026-03-27T16:10:11.248771+00:00,for-sale,gauteng,johannesburg-metro,sandton,morningside,2050000.0
privateproperty,T5414875,https://www.privateproperty.co.za/for-sale/gauteng/johannesburg-metro/sandton/morningside/89889-piedrahita/102-kelvin-drive/T5414875,3 Bedroom Apartment in Morningside,19950000.0,Morningside,Sandton,Gauteng,Apartment,3.0,3.0,,,127.0,,3626.0,1959.0,"3 Bedroom Apartment in Morningside, 89889 piedrahita, 102 kelvin drive, Stylish 3-Bedroom Apartment with Balcony for Sale in Piedrahita Experience comfortable and convenie",6 Mar 2026,2026-03-27T16:10:07.981872+00:00,for-sale,gauteng,johannesburg-metro,sandton,morningside,1995000.0
privateproperty,T5373749,https://www.privateproperty.co.za/for-sale/gauteng/johannesburg-metro/sandton/morningside/890-firenza/5-pam-road/T5373749,2 Bedroom Apartment in Morningside,16500000.0,Morningside,Sandton,Gauteng,Apartment,2.0,1.0,,,83.0,,2315.0,1340.0,"2 Bedroom Apartment in Morningside, 890 firenza, 5 pam road, Firenza, Morningside | Renovated 2-Bedroom with Excellent Space and Storage 5 Pam Road, Morningside",3 Feb 2026,2026-03-27T16:09:52.479715+00:00,for-sale,gauteng,johannesburg-metro,sandton,morningside,1650000.0
privateproperty,T5314476,https://www.privateproperty.co.za/for-sale/gauteng/johannesburg-metro/sandton/sandown/54547-greenwood/139-linden-street/T5314476,2 Bedroom Apartment in Sandown,15000000.0,Sandown,Sandton,Gauteng,Apartment,2.0,2.0,,,112.0,,4300.0,1686.0,"2 Bedroom Apartment in Sandown, 54547 greenwood, 139 linden street, Ground-Floor 2 Bed, 2 Bath Greenwood Complex, Sandown This inviting ground-floor 2-bedroom, 2-bath",24 Nov 2025,2026-03-27T16:09:48.994760+00:00,for-sale,gauteng,johannesburg-metro,sandton,sandown,1500000.0
privateproperty,T5249712,https://www.privateproperty.co.za/for-sale/gauteng/johannesburg-metro/sandton/fourways/25-soho-lofts-grande/10-soho-lane/T5249712,2 Bedroom Apartment in Fourways,13000000.0,Fourways,Sandton,Gauteng,Apartment,2.0,2.0,2.0,,125.0,,2481.0,835.16,"2 Bedroom Apartment in Fourways, 25 soho lofts grande, 10 soho lane, This spacious 1st-floor loft apartment blends contemporary design with functional living. The open-p",1 Oct 2025,2026-03-27T16:09:45.876971+00:00,for-sale,gauteng,johannesburg-metro,sandton,fourways,1300000.0
privateproperty,T5193245,https://www.privateproperty.co.za/for-sale/gauteng/johannesburg-metro/rosebank-and-parktown/rosebank/55623-the-capital-on-bath/72-bath-avenue/T5193245,Studio Apartment in Rosebank,12500000.0,Rosebank,Rosebank And Parktown,Gauteng,Apartment,0.5,1.0,,,29.0,,1200.0,600.0,"Studio Apartment in Rosebank, 55623 the capital on bath, 72 bath avenue, Luxurious Studio Apartment in The Capital on Bath Rosebank Open-plan studio apartment, perfectly s",15 Aug 2025,2026-03-27T16:09:41.983834+00:00,for-sale,gauteng,johannesburg-metro,rosebank-and-parktown,rosebank,1250000.0
privateproperty,T5255582,https://www.privateproperty.co.za/for-sale/gauteng/johannesburg-metro/sandton/magaliessig/8282-abbington/5-petroy-drive/T5255582,2 Bedroom Apartment in Magaliessig,12099000.0,Magaliessig,Sandton,Gauteng,Apartment,2.0,2.0,2.0,,97.0,,2375.0,723.0,"2 Bedroom Apartment in Magaliessig, 8282 abbington, 5 petroy drive, - Sole and Exclusive Mandate - This spacious first-floor, double-storey apartment is available for",6 Oct 2025,2026-03-27T16:09:38.969793+00:00,for-sale,gauteng,johannesburg-metro,sandton,magaliessig,1209900.0
privateproperty,T5180124,https://www.privateproperty.co.za/for-sale/gauteng/johannesburg-metro/sandton/fourways/135-the-william/1-broadacres-drive/T5180124,2 Bedroom Apartment in Fourways,11500000.0,Fourways,Sandton,Gauteng,Apartment,2.0,2.0,2.0,,93.0,,2222.0,1160.0,"2 Bedroom Apartment in Fourways, 135 the william, 1 broadacres drive, Modern Living in Fourways First-Floor Apartment in The William Welcome to modern living in the hea",6 Aug 2025,2026-03-27T16:09:36.080380+00:00,for-sale,gauteng,johannesburg-metro,sandton,fourways,1150000.0
privateproperty,T5215073,https://www.privateproperty.co.za/for-sale/gauteng/johannesburg-metro/rosebank-and-parktown/rosebank/206-the-hive/39-ashford-road/T5215073,Studio apartment in Rosebank,11000000.0,Rosebank,Rosebank And Parktown,Gauteng,Apartment,1.0,1.0,1.0,,24.0,,900.0,2090.0,"Studio apartment in Rosebank, 206 the hive, 39 ashford road, Stylish Studio Apartment The Hive Oxford, Rosebank Experience the best of urban living at The Hive",3 Sep 2025,2026-03-27T16:09:32.227558+00:00,for-sale,gauteng,johannesburg-metro,rosebank-and-parktown,rosebank,1100000.0
privateproperty,T5363869,https://www.privateproperty.co.za/for-sale/gauteng/johannesburg-metro/sandton/morningside/morningside-hills/6767-morningside-hills/26-benmore-road/T5363869,2 Bedroom Apartment in Morningside Hills,9999990.0,Morningside,Sandton,Gauteng,Apartment,2.0,1.0,,,80.0,,3320.0,1084.0,"2 Bedroom Apartment in Morningside Hills, 6767 morningside hills, 26 benmore road, Modern Ground-Floor 2-Bed Apartment | Morningside Hills Welcome to a well-positioned ground-floor a",26 Jan 2026,2026-03-27T16:09:28.483673+00:00,for-sale,gauteng,johannesburg-metro,sandton,morningside,999999.0
privateproperty,T12125,https://www.privateproperty.co.za/for-sale/gauteng/johannesburg-metro/sandton/paulshof/77-tequesta/1-paarl-lane/T12125,1 Bedroom Apartment in Paulshof,6870000.0,Paulshof,Sandton,Gauteng,Apartment,1.0,1.0,1.0,,49.0,49.0,1887.0,588.0,"1 Bedroom Apartment in Paulshof, 77 tequesta, 1 paarl lane, Looking for a secure, low-maintenance home in Paulshof that ticks all the boxes Youve just found it.",10 Dec 2025,2026-03-27T16:09:25.120914+00:00,for-sale,gauteng,johannesburg-metro,sandton,paulshof,687000.0
privateproperty,T5241597,https://www.privateproperty.co.za/for-sale/gauteng/johannesburg-metro/johannesburg-south/rosettenville/6-torrenolinos-complex/10-garden-street-rosettenville/T5241597,3 Bedroom Apartment in Rosettenville,5600000.0,Rosettenville,Johannesburg South,Gauteng,Apartment,3.0,2.0,2.0,2.0,126.0,,1500.0,545.0,"3 Bedroom Apartment in Rosettenville, 6 torrenolinos complex, 10 garden street rosettenville, ONLY 6 UNITS IN A COMPLEX WITH AMPLE SECURITY FEATURES. DUPLEX APARTMENT AND VERY SPACIOUS. ALARM",23 Sep 2025,2026-03-27T16:09:21.457744+00:00,for-sale,gauteng,johannesburg-metro,johannesburg-south,rosettenville,560000.0
privateproperty,T5430130,https://www.privateproperty.co.za/for-sale/gauteng/johannesburg-metro/bedfordview/bedfordview/T5430130,2 Bedroom Apartment in Bedfordview,8000000.0,Bedfordview,Bedfordview,Gauteng,Apartment,2.0,1.0,,,,,800.0,2500.0,"2 Bedroom Apartment in Bedfordview, Place of tranquility in Bedfordview, Bedford Glen, available for sale at R 800 000. Place of tranqu",19 Mar 2026,2026-03-27T16:09:18.282471+00:00,for-sale,gauteng,johannesburg-metro,bedfordview,bedfordview,800000.0
privateproperty,T5434288,https://www.privateproperty.co.za/for-sale/gauteng/johannesburg-metro/johannesburg-central/berea/T5434288,1.5 Bedroom Apartment in Berea,3000000.0,Berea,Johannesburg Central,Gauteng,Apartment,1.5,1.0,1.0,,95.0,,1200.0,231.0,"1.5 Bedroom Apartment in Berea, Sun-Drenched Serenity in the Heart of Berea Stop Renting and Start Owning! Discover the perfect blen",23 Mar 2026,2026-03-27T16:09:14.933493+00:00,for-sale,gauteng,johannesburg-metro,johannesburg-central,berea,300000.0
privateproperty,T5432522,https://www.privateproperty.co.za/for-sale/gauteng/johannesburg-metro/sandton/bryanston/epsom-downs/63-epsom-terrace/1-vrede-street/T5432522,1 Bedroom Apartment in Epsom Downs,7500000.0,Bryanston,Sandton,Gauteng,Apartment,1.0,1.0,1.0,,53.0,,1080.0,961.0,"1 Bedroom Apartment in Epsom Downs, 63 epsom terrace, 1 vrede street, This charming ground-floor apartment in Epsom Downs offers an exceptional opportunity to secure a sa",20 Mar 2026,2026-03-27T16:09:11.645012+00:00,for-sale,gauteng,johannesburg-metro,sandton,bryanston,750000.0
privateproperty,T5406801,https://www.privateproperty.co.za/for-sale/gauteng/johannesburg-metro/midrand/blue-hills/40-blue-lake-estate/27-killimanjaro/T5406801,1 Bedroom Apartment in Blue Hills,8500000.0,Blue Hills,Midrand,Gauteng,Apartment,1.0,1.0,1.0,,56.0,,1550.0,4044.3,"1 Bedroom Apartment in Blue Hills, 40 blue lake estate, 27 killimanjaro, Welcome to your dream home in the highly sought-after Blue Hills area! This well-priced 1 bedroom, 1",27 Feb 2026,2026-03-27T16:09:08.527775+00:00,for-sale,gauteng,johannesburg-metro,midrand,blue-hills,850000.0
privateproperty,T5435801,https://www.privateproperty.co.za/for-sale/gauteng/johannesburg-metro/sandton/paulshof/999-the-alarge/20-mount-fletcher-lane/T5435801,2 Bedroom Apartment in Paulshof,9000000.0,Paulshof,Sandton,Gauteng,Apartment,2.0,2.0,1.0,,71.0,,3029.0,594.0,"2 Bedroom Apartment in Paulshof, 999 the alarge, 20 mount fletcher lane, Exceptional 2bedrooms 2 bathrooms Ground Floor Living in Paulshof Premier Complex Exceptional Grou",24 Mar 2026,2026-03-27T16:09:05.088716+00:00,for-sale,gauteng,johannesburg-metro,sandton,paulshof,900000.0
privateproperty,T5428909,https://www.privateproperty.co.za/for-sale/gauteng/johannesburg-metro/sandton/sandhurst/401-embassy-towers-sandhurst/4-galway-place/T5428909,3 Bedroom Apartment in Sandhurst,1500000.0,Sandhurst,Sandton,Gauteng,Apartment,3.0,3.0,,,218.0,,5618.5,2569.5,"3 Bedroom Apartment in Sandhurst, 401 embassy towers, sandhurst, 4 galway place, LANDMARK SANDHURST APARTMENT!! 3 BED IN THE ICONIC EMBASSY TOWERS! ONLINE LIQUIDATION AUCTION In Li",18 Mar 2026,2026-03-27T16:09:00.850747+00:00,for-sale,gauteng,johannesburg-metro,sandton,sandhurst,150000.0
privateproperty,T5438128,https://www.privateproperty.co.za/for-sale/gauteng/johannesburg-metro/northcliff/blackheath/T5438128,2 Bedroom Apartment in Blackheath,9250000.0,Blackheath,Northcliff,Gauteng,Apartment,2.0,1.0,1.0,1.0,75.0,,1217.0,633.0,"2 Bedroom Apartment in Blackheath, Welcome to a refined ground-floor residence in the heart of Blackheath, Randburg, a home that effort",26 Mar 2026,2026-03-27T16:08:56.609564+00:00,for-sale,gauteng,johannesburg-metro,northcliff,blackheath,925000.0
privateproperty,T5426174,https://www.privateproperty.co.za/for-sale/gauteng/johannesburg-metro/randburg/ferndale/T5426174,2 Bedroom Apartment in Ferndale,6899990.0,Ferndale,Randburg,Gauteng,Apartment,2.0,1.0,1.0,1.0,88.0,,1852.1,549.0,"2 Bedroom Apartment in Ferndale, Huge huge huge 88sqm apartment on 1st floor. Comfortable 2 bedrooms apartment with 1 full Bathroom b",16 Mar 2026,2026-03-27T16:08:53.773323+00:00,for-sale,gauteng,johannesburg-metro,randburg,ferndale,689999.0
privateproperty,T4696402,https://www.privateproperty.co.za/for-sale/gauteng/johannesburg-metro/randburg/ferndale/T4696402,2 Bedroom Apartment in Ferndale,6900000.0,Ferndale,Randburg,Gauteng,Apartment,1.0,1.0,1.0,1.0,91.0,,1852.1,479.0,"2 Bedroom Apartment in Ferndale, Urgent sale. Drastic price reduction. Offers from R690 000. Complex is pet friendly. Huge",3 Jul 2024,2026-03-27T16:08:50.917686+00:00,for-sale,gauteng,johannesburg-metro,randburg,ferndale,690000.0
privateproperty,T5434695,https://www.privateproperty.co.za/for-sale/gauteng/johannesburg-metro/randburg/ferndale/T5434695,1 Bedroom Apartment in Ferndale,6000000.0,Ferndale,Randburg,Gauteng,Apartment,1.0,1.0,1.0,,43.0,,1852.1,549.0,"1 Bedroom Apartment in Ferndale, Absolutely immaculate apartment of 1 bedroom1 bathroom on ground floor. Safe and secure complex w",23 Mar 2026,2026-03-27T16:08:48.218822+00:00,for-sale,gauteng,johannesburg-metro,randburg,ferndale,600000.0
privateproperty,T5433825,https://www.privateproperty.co.za/for-sale/gauteng/johannesburg-metro/randburg/ferndale/T5433825,2 Bedroom Apartment in Ferndale,9500000.0,Ferndale,Randburg,Gauteng,Apartment,1.0,1.0,2.0,2.0,91.0,,1852.1,549.0,"2 Bedroom Apartment in Ferndale, 91sqm 2 Bedrooms Garden apartment. Walled private garden. Proper lock-up garage. Partly renovated a",23 Mar 2026,2026-03-27T16:08:44.951478+00:00,for-sale,gauteng,johannesburg-metro,randburg,ferndale,950000.0
privateproperty,T5433843,https://www.privateproperty.co.za/for-sale/gauteng/johannesburg-metro/randburg/ferndale/T5433843,1 Bedroom Apartment in Ferndale,5500000.0,Ferndale,Randburg,Gauteng,Apartment,1.0,1.0,1.0,,56.0,,1852.1,549.0,"1 Bedroom Apartment in Ferndale, Offers from R550 000. Price drastically reduced. Urgent sale. Enormous 1 Bedroom apartment of 56s",23 Mar 2026,2026-03-27T16:08:40.745355+00:00,for-sale,gauteng,johannesburg-metro,randburg,ferndale,550000.0
privateproperty,T5271778,https://www.privateproperty.co.za/for-sale/gauteng/johannesburg-metro/sandton/morningside/T5271778,3 Bedroom Penthouse in Morningside,37500000.0,Morningside,Sandton,Gauteng,House,3.0,3.0,3.0,,,,8450.0,4004.0,"3 Bedroom Penthouse in Morningside, This breathtaking 3-bedroom penthouse in Morningside, Sandton offers the pinnacle of luxury living.",18 Oct 2025,2026-03-27T16:08:36.556563+00:00,for-sale,gauteng,johannesburg-metro,sandton,morningside,3750000.0
privateproperty,T5431157,https://www.privateproperty.co.za/for-sale/gauteng/johannesburg-metro/sandton/bryanston/T5431157,2 Bedroom Apartment in Bryanston,10000000.0,Bryanston,Sandton,Gauteng,Apartment,2.0,1.0,2.0,,85.0,85.0,1162.0,960.0,"2 Bedroom Apartment in Bryanston, Spacious Two-Bedroom Garden Flat Situated at the northern tip of Bryanston, in the Pine Forests a",19 Mar 2026,2026-03-27T16:08:34.007652+00:00,for-sale,gauteng,johannesburg-metro,sandton,bryanston,1000000.0
privateproperty,T5415206,https://www.privateproperty.co.za/for-sale/gauteng/johannesburg-metro/sandton/lonehill/T5415206,2 Bedroom Apartment in Lonehill,14500000.0,Lonehill,Sandton,Gauteng,Apartment,2.0,2.0,2.0,2.0,144.0,,4889.0,1223.0,"2 Bedroom Apartment in Lonehill, Stylish Top-Floor Loft Apartment 2 Bedrooms, 2 Bathrooms | Ideal for First-Time Buyers or Investors",6 Mar 2026,2026-03-27T16:08:30.989031+00:00,for-sale,gauteng,johannesburg-metro,sandton,lonehill,1450000.0
privateproperty,T5428397,https://www.privateproperty.co.za/for-sale/gauteng/johannesburg-metro/sandton/morningside/T5428397,2 Bedroom Apartment in Morningside,10500000.0,Morningside,Sandton,Gauteng,Apartment,2.0,2.0,1.0,,61.0,,2542.0,1041.0,"2 Bedroom Apartment in Morningside, Private garden unit in sought-after complex near Sandton Stunning private garden unit, bright, secu",18 Mar 2026,2026-03-27T16:08:27.170265+00:00,for-sale,gauteng,johannesburg-metro,sandton,morningside,1050000.0
privateproperty,T5432430,https://www.privateproperty.co.za/for-sale/gauteng/johannesburg-metro/randburg/ferndale/T5432430,2 Bedroom Apartment in Ferndale,7000000.0,Ferndale,Randburg,Gauteng,Apartment,2.0,1.0,2.0,,56.0,,1852.1,549.0,"2 Bedroom Apartment in Ferndale, Asking price R700 000. Negotiable. Calling all young professionals. Perfect first time buyer choice.",20 Mar 2026,2026-03-27T16:08:24.447763+00:00,for-sale,gauteng,johannesburg-metro,randburg,ferndale,700000.0
privateproperty,T5431831,https://www.privateproperty.co.za/for-sale/gauteng/johannesburg-metro/sandton/morningside/T5431831,3 Bedroom Apartment in Morningside,65000000.0,Morningside,Sandton,Gauteng,Apartment,3.0,3.5,2.0,,146.0,,9479.0,4937.0,"3 Bedroom Apartment in Morningside, 3 bedroom penthouse for sale in Sandton Central Perched on the 15th floor of the iconic Sandton Sky",20 Mar 2026,2026-03-27T16:08:20.340316+00:00,for-sale,gauteng,johannesburg-metro,sandton,morningside,6500000.0
privateproperty,T5424294,https://www.privateproperty.co.za/for-sale/gauteng/johannesburg-metro/sandton/sandton-central/T5424294,3 Bedroom Apartment in Sandton Central,59950000.0,Sandton Central,Sandton,Gauteng,Apartment,3.0,3.5,2.0,,147.0,,9442.0,4906.0,"3 Bedroom Apartment in Sandton Central, 3 bedroom penthouse for sale in Sandton CBD Perched on the 15th floor of the iconic Sandton Skye, t",13 Mar 2026,2026-03-27T16:08:17.703262+00:00,for-sale,gauteng,johannesburg-metro,sandton,sandton-central,5995000.0
privateproperty,T5408834,https://www.privateproperty.co.za/for-sale/gauteng/johannesburg-metro/johannesburg-central/kensington/T5408834,2 Bedroom Apartment in Kensington,6599990.0,Kensington,Johannesburg Central,Gauteng,Apartment,2.0,1.0,1.0,1.0,81.0,,2500.0,230.0,"2 Bedroom Apartment in Kensington, Convenient location in Kensington B Randburg on a border with Bryanston EXT. Large 81sqm apartmen",2 Mar 2026,2026-03-27T16:08:14.007348+00:00,for-sale,gauteng,johannesburg-metro,johannesburg-central,kensington,659999.0
privateproperty,T5403937,https://www.privateproperty.co.za/for-sale/gauteng/johannesburg-metro/sandton/craigavon/468-cedar-lofts/72-willow-avenue/T5403937,2 Bedroom Apartment in Craigavon,11900000.0,Craigavon,Sandton,Gauteng,Apartment,2.0,1.0,2.0,,69.0,,2221.0,745.0,"2 Bedroom Apartment in Craigavon, 468 cedar lofts, 72 willow avenue, Charming Ground Floor Apartment with Private Garden Pet Friendly Investment Opportunity Step into",26 Feb 2026,2026-03-27T16:08:10.028137+00:00,for-sale,gauteng,johannesburg-metro,sandton,craigavon,1190000.0
privateproperty,T5431077,https://www.privateproperty.co.za/for-sale/gauteng/johannesburg-metro/sandton/bryanston/8-akaru/6-berkeley-avenue/T5431077,2 Bedroom Apartment in Bryanston,19450000.0,Bryanston,Sandton,Gauteng,Apartment,2.0,1.0,2.0,,87.0,,1700.0,1310.0,"2 Bedroom Apartment in Bryanston, 8 akaru, 6 berkeley avenue, Brand new 2 bed 2 bath in Akaru Bryanston Your Last Chance for a Brand New Bryanston Oasis at Akaru",19 Mar 2026,2026-03-27T16:08:07.233031+00:00,for-sale,gauteng,johannesburg-metro,sandton,bryanston,1945000.0
privateproperty,T5390670,https://www.privateproperty.co.za/for-sale/gauteng/johannesburg-metro/sandton/douglasdale/T5390670,3 Bedroom Apartment in Douglasdale,12790000.0,Douglasdale,Sandton,Gauteng,Apartment,3.0,2.0,2.0,,139.0,,5115.0,700.0,"3 Bedroom Apartment in Douglasdale, 139 SQM, THREE BEDROOM TOWNHOUSE WITH A LOFT AND TERRACE: 247-SECURITY COMPLEX. This three bedroom,",16 Feb 2026,2026-03-27T16:08:04.295488+00:00,for-sale,gauteng,johannesburg-metro,sandton,douglasdale,1279000.0
privateproperty,T5400120,https://www.privateproperty.co.za/for-sale/gauteng/johannesburg-metro/sandton/lonehill/T5400120,2 Bedroom Apartment in Lonehill,18500000.0,Lonehill,Sandton,Gauteng,Apartment,2.0,2.0,1.0,1.0,89.0,,6320.0,700.0,"2 Bedroom Apartment in Lonehill, Retire now in Style and Comfort - First Floor Large Patio and Garden | Life Rights I No Transfer Dut",23 Feb 2026,2026-03-27T16:08:00.655977+00:00,for-sale,gauteng,johannesburg-metro,sandton,lonehill,1850000.0
privateproperty,T5388863,https://www.privateproperty.co.za/for-sale/gauteng/johannesburg-metro/randburg/ferndale/T5388863,2 Bedroom Apartment in Ferndale,6499990.0,Ferndale,Randburg,Gauteng,Apartment,2.0,1.0,1.0,1.0,86.0,,1852.1,549.0,"2 Bedroom Apartment in Ferndale, Priced to go. Well located complex. On your way to Sandton and Bryanston. Easy access to all schoo",13 Feb 2026,2026-03-27T16:07:56.321544+00:00,for-sale,gauteng,johannesburg-metro,randburg,ferndale,649999.0
privateproperty,T5399946,https://www.privateproperty.co.za/for-sale/gauteng/johannesburg-metro/randburg/ferndale/T5399946,2 Bedroom Apartment in Ferndale,8700000.0,Ferndale,Randburg,Gauteng,Apartment,2.0,2.0,1.0,1.0,80.0,,1852.1,549.0,"2 Bedroom Apartment in Ferndale, Urgent sale. Negotiable. Large 80sqm apartment of 2 bedrooms MES2 bathrooms. Open plan loungekitc",23 Feb 2026,2026-03-27T16:07:52.219422+00:00,for-sale,gauteng,johannesburg-metro,randburg,ferndale,870000.0
privateproperty,T5439852,https://www.privateproperty.co.za/for-sale/gauteng/johannesburg-metro/midrand/erand-gardens/46-the-finches/47-ox-eye-street/T5439852,2 Bedroom Apartment in Erand Gardens,7950000.0,Erand Gardens,Midrand,Gauteng,Apartment,2.0,2.0,1.0,,136.0,,1512.0,800.0,"2 Bedroom Apartment in Erand Gardens, 46 the finches, 47 ox eye street, This stunning 2-bedroom apartment offers 2 bathrooms, a balcony with a beautiful view, a large open-",27 Mar 2026,2026-03-27T16:07:48.672132+00:00,for-sale,gauteng,johannesburg-metro,midrand,erand-gardens,795000.0
privateproperty,T5196970,https://www.privateproperty.co.za/for-sale/gauteng/johannesburg-metro/sandton/bramley-park/1a-hollyland/21-andries-close/T5196970,4 Bedroom Apartment in Bramley Park,9950000.0,Bramley Park,Sandton,Gauteng,Apartment,4.0,2.0,,,178.0,,3593.091126135769,969.0,"4 Bedroom Apartment in Bramley Park, 1a hollyland, 21 andries close, Hollyland BUY YOUR APARTMENT TODAY Discover affordable homeownership in Bramley Park with Hollyla",19 Aug 2025,2026-03-27T16:07:44.657584+00:00,for-sale,gauteng,johannesburg-metro,sandton,bramley-park,995000.0
privateproperty,T5385687,https://www.privateproperty.co.za/for-sale/gauteng/johannesburg-metro/rosebank-and-parktown/dunkeld/a0-the-lofts/10-hulingham-road/T5385687,2 Bedroom Apartment in Dunkeld,44000000.0,Dunkeld,Rosebank And Parktown,Gauteng,Apartment,2.0,2.5,2.0,,173.0,2.0,6505.0,4604.0,"2 Bedroom Apartment in Dunkeld, a0 the lofts, 10 hulingham road, THE LOFTS 10 Hurlingham Road - Tucked away in an exclusive boutique development of just 15 residence",11 Feb 2026,2026-03-27T16:07:41.501312+00:00,for-sale,gauteng,johannesburg-metro,rosebank-and-parktown,dunkeld,4400000.0
privateproperty,T5439931,https://www.privateproperty.co.za/for-sale/gauteng/johannesburg-metro/rosebank-and-parktown/orchards/cheltondale/T5439931,3 Bedroom Apartment in Cheltondale,11500000.0,Orchards,Rosebank And Parktown,Gauteng,Apartment,3.0,1.5,1.0,,,117.0,3082.336379310345,623.0,"3 Bedroom Apartment in Cheltondale, Looking for a home that balances comfort, functionality, and beautiful natural light This stunning 3",27 Mar 2026,2026-03-27T16:07:38.315871+00:00,for-sale,gauteng,johannesburg-metro,rosebank-and-parktown,orchards,1150000.0
privateproperty,T5302421,https://www.privateproperty.co.za/for-sale/gauteng/johannesburg-metro/sandton/linbro-park/greenlee/27-beacon-avenue/T5302421,1 Bedroom House in Linbro Park,7900000.0,Linbro Park,Sandton,Gauteng,House,1.0,1.0,2.0,,47.0,,1500.0,800.0,"1 Bedroom House in Linbro Park, - greenlee, 27 beacon avenue, Charming 1-Bedroom Apartment in Greenlee A Perfect Investment Opportunity Welcome to your future h",13 Nov 2025,2026-03-27T16:07:23.340365+00:00,for-sale,gauteng,johannesburg-metro,sandton,linbro-park,790000.0
privateproperty,T5361406,https://www.privateproperty.co.za/for-sale/gauteng/johannesburg-metro/soweto/protea-glen/57mm-thlame-street/T5361406,2 Bedroom House in Protea Glen,7900000.0,Protea Glen,Soweto,Gauteng,House,2.0,1.0,2.0,,60.0,157.0,521.6666666666666,900.0,"2 Bedroom House in Protea Glen, 57#mm thlame street, Cozy Protea Glen Home with Fibre and Secure Parking! SECURE TWO BEDROOM HOME | OPEN PLAN LIVING SPA",22 Jan 2026,2026-03-27T16:07:19.497540+00:00,for-sale,gauteng,johannesburg-metro,soweto,protea-glen,790000.0
privateproperty,T5428289,https://www.privateproperty.co.za/for-sale/gauteng/johannesburg-metro/soweto/protea-glen/9745-estate-street/T5428289,3 Bedroom House in Protea Glen,7900000.0,Protea Glen,Soweto,Gauteng,House,3.0,2.0,4.0,,70.0,157.0,521.6666666666666,600.0,"3 Bedroom House in Protea Glen, 9745 estate street, 3 Bedroom House for Sale in Protea Glen Ext 44 This property offers 3 spacious bedrooms with built-",18 Mar 2026,2026-03-27T16:07:15.493211+00:00,for-sale,gauteng,johannesburg-metro,soweto,protea-glen,790000.0
privateproperty,T5435453,https://www.privateproperty.co.za/for-sale/gauteng/johannesburg-metro/soweto/protea-north/b28l-mothabisa-street/T5435453,3 Bedroom House in Protea North,7900000.0,Protea North,Soweto,Gauteng,House,3.0,1.0,2.0,1.0,87.0,300.0,200.0,700.0,"3 Bedroom House in Protea North, b28l mothabisa street, Three Bedroom House For Sale In Protea North SPACIOUS 3BEDROOM HOME| GARAGE | PROTEA NORTH Protea N",24 Mar 2026,2026-03-27T16:07:11.278447+00:00,for-sale,gauteng,johannesburg-metro,soweto,protea-north,790000.0
privateproperty,T5398066,https://www.privateproperty.co.za/for-sale/gauteng/johannesburg-metro/soweto/protea-glen/bext39l-candy-street/T5398066,2 Bedroom House in Protea Glen,7890000.0,Protea Glen,Soweto,Gauteng,House,2.0,1.0,15.0,,65.0,330.0,521.6666666666666,800.0,"2 Bedroom House in Protea Glen, bext39l candy street, Two Bedroom House For Sale In Protea Glen Ext 39 TWO BEDROOM HOME | BIG YARD | PRIME LOCATION | PRO",21 Feb 2026,2026-03-27T16:07:07.905722+00:00,for-sale,gauteng,johannesburg-metro,soweto,protea-glen,789000.0
privateproperty,T5110070,https://www.privateproperty.co.za/for-sale/gauteng/johannesburg-metro/soweto/protea-glen/24075bm-peanut-street/T5110070,2 Bedroom House in Protea Glen,7800000.0,Protea Glen,Soweto,Gauteng,House,2.0,1.0,10.0,,71.0,300.0,521.6666666666666,680.0,"2 Bedroom House in Protea Glen, 24075bm peanut street, 2 Bedroom House For Sale In Protea Glen Ext 27 SPACIOUS TWO BEDROOM HOME IN PROTEA GLEN EXTENSION 2",9 Jun 2025,2026-03-27T16:07:03.832806+00:00,for-sale,gauteng,johannesburg-metro,soweto,protea-glen,780000.0
privateproperty,T5154559,https://www.privateproperty.co.za/for-sale/gauteng/johannesburg-metro/lenasia-to-ennerdale/lenasia/althea/500-rose/T5154559,3 Bedroom House in Althea,7800000.0,Lenasia,Lenasia To Ennerdale,Gauteng,House,3.0,1.0,1.0,,110.0,1.0,600.0,1300.0,"3 Bedroom House in Althea, 500 rose, 1019 square meters stand situated in a quite area in Ohenimuri Walkerville Midvaal. The property con",16 Jul 2025,2026-03-27T16:07:01.027935+00:00,for-sale,gauteng,johannesburg-metro,lenasia-to-ennerdale,lenasia,780000.0
privateproperty,T5253811,https://www.privateproperty.co.za/for-sale/gauteng/johannesburg-metro/johannesburg-south/ormonde/17-gold-reef-sands/7-data-street/T5253811,3 Bedroom House in Ormonde,7800000.0,Ormonde,Johannesburg South,Gauteng,House,3.0,2.0,2.0,1.0,73.0,73.0,671.0,949.1418918918919,"3 Bedroom House in Ormonde, 17 gold reef sands, 7 data street, Welcome to this stunning townhouse offering comfort, style, and convenience in one perfect package.",4 Oct 2025,2026-03-27T16:06:56.989544+00:00,for-sale,gauteng,johannesburg-metro,johannesburg-south,ormonde,780000.0
privateproperty,T5300602,https://www.privateproperty.co.za/for-sale/gauteng/johannesburg-metro/soweto/naledi/1143-lerumo-street/T5300602,6 Bedroom House in Naledi,7800000.0,Naledi,Soweto,Gauteng,House,6.0,2.0,,,90.0,460.0,461.18666666666667,900.0,"6 Bedroom House in Naledi, 1143 lerumo street, Seize the opportunity to own a spacious 460sqm property in the heart of Naledi, Soweto, with tremend",12 Nov 2025,2026-03-27T16:06:53.708675+00:00,for-sale,gauteng,johannesburg-metro,soweto,naledi,780000.0
privateproperty,T5342218,https://www.privateproperty.co.za/for-sale/gauteng/johannesburg-metro/sandton/paulshof/0-kildrummy-close/323-witkoppen-road/T5342218,2 Bedroom House in Paulshof,7800000.0,Paulshof,Sandton,Gauteng,House,2.0,1.0,2.0,,64.0,,2630.0,945.0,"2 Bedroom House in Paulshof, kildrummy close, 323 witkoppen road, This well-maintained ground floor apartment is situated in the sought-after Kildrummy Close complex",5 Jan 2026,2026-03-27T16:06:50.416980+00:00,for-sale,gauteng,johannesburg-metro,sandton,paulshof,780000.0
privateproperty,T5388207,https://www.privateproperty.co.za/for-sale/gauteng/johannesburg-metro/north-riding-to-lanseria/sonneglans/39-ss-castello/8-witdoring-road/T5388207,2 Bedroom House in Sonneglans,7800000.0,Sonneglans,North Riding To Lanseria,Gauteng,House,2.0,2.0,2.0,,82.0,,4100.0,826.0,"2 Bedroom House in Sonneglans, 39 ss castello, 8 witdoring road, This exquisite apartment is move in ready, offering a seamless transition for new residents. As yo",13 Feb 2026,2026-03-27T16:06:47.094291+00:00,for-sale,gauteng,johannesburg-metro,north-riding-to-lanseria,sonneglans,780000.0
privateproperty,T5392080,https://www.privateproperty.co.za/for-sale/gauteng/johannesburg-metro/northcliff/riverlea/4646-redshank-avenue/T5392080,3 Bedroom House in Riverlea,7800000.0,Riverlea,Northcliff,Gauteng,House,3.0,2.0,,,,300.0,2189.946808510638,500.0,"3 Bedroom House in Riverlea, 4646 redshank avenue, This well-located single-story home offers comfortable family living in a convenient and accessible",17 Feb 2026,2026-03-27T16:06:43.830156+00:00,for-sale,gauteng,johannesburg-metro,northcliff,riverlea,780000.0
privateproperty,T5411529,https://www.privateproperty.co.za/for-sale/gauteng/johannesburg-metro/sandton/buccleuch/1-12-pebblestone-creek/10-alison-ave/T5411529,2 Bedroom House in Buccleuch,7800000.0,Buccleuch,Sandton,Gauteng,House,2.0,1.0,3.0,,70.0,,2473.0,350.0,"2 Bedroom House in Buccleuch, 1-12 pebblestone creek, 10 alison ave, Stunning 2-Bedroom for Sale in a Well-Known Established Area Discover comfort, style, and convenienc",4 Mar 2026,2026-03-27T16:06:40.078550+00:00,for-sale,gauteng,johannesburg-metro,sandton,buccleuch,780000.0
privateproperty,T5435339,https://www.privateproperty.co.za/for-sale/gauteng/johannesburg-metro/soweto/protea-glen/bext4l-tsakane-street/T5435339,2 Bedroom House in Protea Glen,7800000.0,Protea Glen,Soweto,Gauteng,House,2.0,2.0,3.0,,85.0,300.0,521.6666666666666,700.0,"2 Bedroom House in Protea Glen, bext4l tsakane street, Two Bedroom House With Three Outside Rooms In Protea Glen Ext 4 2 BEDROOM HOME WITH OUTSIDE ROOMS |",24 Mar 2026,2026-03-27T16:06:36.656192+00:00,for-sale,gauteng,johannesburg-metro,soweto,protea-glen,780000.0
privateproperty,T4484553,https://www.privateproperty.co.za/for-sale/gauteng/johannesburg-metro/midrand/clayville/4186-lebombo-street/T4484553,2 Bedroom House in Clayville,7799990.0,Clayville,Midrand,Gauteng,House,2.0,1.0,,,,126.0,795.0,600.0,"2 Bedroom House in Clayville, 4186 lebombo street, Calling First Time Buyers . This fully tiled property consists of a 2 bedroom, kitchen, bathroom and",24 Jan 2024,2026-03-27T16:06:32.851244+00:00,for-sale,gauteng,johannesburg-metro,midrand,clayville,779999.0
privateproperty,T5398058,https://www.privateproperty.co.za/for-sale/gauteng/johannesburg-metro/soweto/diepkloof/b23l-square-street/T5398058,3 Bedroom House in Diepkloof,7790000.0,Diepkloof,Soweto,Gauteng,House,3.0,1.0,2.0,1.0,85.0,289.0,150.0,800.0,"3 Bedroom House in Diepkloof, b23l square street, Three Bedroom House For Sale In DiepKloof Zone 1 THREE BEDROOM FACEBRICK HOME | SECURE YARD | GREAT",21 Feb 2026,2026-03-27T16:06:29.522875+00:00,for-sale,gauteng,johannesburg-metro,soweto,diepkloof,779000.0
privateproperty,T5411988,https://www.privateproperty.co.za/for-sale/gauteng/johannesburg-metro/soweto/bram-fisherville/29-amandla-boulavard/T5411988,3 Bedroom House in Bram Fisherville,7790000.0,Bram Fisherville,Soweto,Gauteng,House,3.0,2.0,3.0,1.0,,228.0,461.18666666666667,425.0,"3 Bedroom House in Bram Fisherville, 29 amandla boulavard, 3 Bedroom House for Sale in Bram Fischerville Phase 1 Considering Offers Above R779 000 This wel",4 Mar 2026,2026-03-27T16:06:25.349818+00:00,for-sale,gauteng,johannesburg-metro,soweto,bram-fisherville,779000.0
privateproperty,T5292779,https://www.privateproperty.co.za/for-sale/gauteng/johannesburg-metro/soweto/protea-glen/25-nutmeg-street/T5292779,3 Bedroom House in Protea Glen,7750000.0,Protea Glen,Soweto,Gauteng,House,3.0,1.0,5.0,,55.0,300.0,521.6666666666666,520.0,"3 Bedroom House in Protea Glen, 25 nutmeg street, Opportunity Awaits: 3-Bedroom Home in Protea Glen, Soweto Discover a promising opportunity in Prote",5 Nov 2025,2026-03-27T16:06:21.527968+00:00,for-sale,gauteng,johannesburg-metro,soweto,protea-glen,775000.0
privateproperty,T5313757,https://www.privateproperty.co.za/for-sale/gauteng/johannesburg-metro/north-riding-to-lanseria/sundowner/37-strawberry-lane/27-drysdale-road/T5313757,2 Bedroom House in Sundowner,7750000.0,Sundowner,North Riding To Lanseria,Gauteng,House,2.0,1.0,1.0,1.0,66.0,120.0,1799.0,364.0,"2 Bedroom House in Sundowner, 37 strawberry lane, 27 drysdale road, RENOVATIONS CURRENTLY UNDERWAY - Buy before the home value increases and have instant equity! The c",22 Nov 2025,2026-03-27T16:06:17.721672+00:00,for-sale,gauteng,johannesburg-metro,north-riding-to-lanseria,sundowner,775000.0
privateproperty,T5418709,https://www.privateproperty.co.za/for-sale/gauteng/johannesburg-metro/north-riding-to-lanseria/sundowner/1234-the-bridles/801-douglas-crescent/T5418709,2 Bedroom House in Sundowner,7750000.0,Sundowner,North Riding To Lanseria,Gauteng,House,2.0,1.0,1.0,,74.0,74.0,1541.0,262.0,"2 Bedroom House in Sundowner, 1234 the bridles, 801 douglas crescent, Imagine lazy Sunday braais filling the air with the smell of boerewors on the grill, childrens laugh",10 Mar 2026,2026-03-27T16:06:13.751485+00:00,for-sale,gauteng,johannesburg-metro,north-riding-to-lanseria,sundowner,775000.0
privateproperty,T4680670,https://www.privateproperty.co.za/for-sale/gauteng/johannesburg-metro/sandton/linbro-park/125-hilton/T4680670,1 Bedroom House in Linbro Park,7700000.0,Linbro Park,Sandton,Gauteng,House,1.0,1.0,,,43.0,,790.0,571.0,"1 Bedroom House in Linbro Park, 125 hilton, OCCUPATION EARLY 2026 Phase 2 125 on Hilton - secure lifestyle residential estate in Linbro Park.",7 May 2025,2026-03-27T16:06:10.271498+00:00,for-sale,gauteng,johannesburg-metro,sandton,linbro-park,770000.0
privateproperty,T5186090,https://www.privateproperty.co.za/for-sale/gauteng/johannesburg-metro/soweto/protea-glen/36722-peridot-street/T5186090,2 Bedroom House in Protea Glen,7700000.0,Protea Glen,Soweto,Gauteng,House,2.0,1.0,1.0,,85.0,300.0,521.6666666666666,550.0,"2 Bedroom House in Protea Glen, 36722 peridot street, Don''t miss this great opportunity to own a charming home perfect for small families, couples, or in",11 Aug 2025,2026-03-27T16:06:07.072254+00:00,for-sale,gauteng,johannesburg-metro,soweto,protea-glen,770000.0
privateproperty,T5398706,https://www.privateproperty.co.za/for-sale/gauteng/johannesburg-metro/lenasia-to-ennerdale/zakariyya-park/9-thyme-close/T5398706,3 Bedroom House in Zakariyya Park,7700000.0,Zakariyya Park,Lenasia To Ennerdale,Gauteng,House,3.0,1.0,2.0,,,480.0,397.72727272727275,900.0,"3 Bedroom House in Zakariyya Park, 9 thyme close, RENOVATORS THREE BEDROOM HOME | PAVED OUTDOOR AREA | UNTAPPED POTENTIAL RENOVATORS THREE BEDROOM HO",22 Feb 2026,2026-03-27T16:06:03.270235+00:00,for-sale,gauteng,johannesburg-metro,lenasia-to-ennerdale,zakariyya-park,770000.0
privateproperty,T5416325,https://www.privateproperty.co.za/for-sale/gauteng/johannesburg-metro/soweto/protea-glen/22867-lemon/T5416325,2 Bedroom House in Protea Glen,7700000.0,Protea Glen,Soweto,Gauteng,House,2.0,1.0,7.0,,50.0,300.0,521.6666666666666,400.0,"2 Bedroom House in Protea Glen, 22867 lemon, Discover your dream home in the heart of Protea Glen Ext 22 with this beautifully designed 2-bedroom",9 Mar 2026,2026-03-27T16:06:00.549443+00:00,for-sale,gauteng,johannesburg-metro,soweto,protea-glen,770000.0
privateproperty,T5159136,https://www.privateproperty.co.za/for-sale/gauteng/johannesburg-metro/johannesburg-south/the-hill/161-linmeyer-garden-village-10-plinlimmon-road/T5159136,2 Bedroom House in The Hill,7650000.0,The Hill,Johannesburg South,Gauteng,House,2.0,1.0,,,,812.0,1130.0,343.0,"2 Bedroom House in The Hill, 161 linmeyer garden village, 10 plinlimmon road, Step into comfort and convenience with this beautifully maintained 2-bedroom, 1.5-bath townhouse nes",20 Jul 2025,2026-03-27T16:05:57.869229+00:00,for-sale,gauteng,johannesburg-metro,johannesburg-south,the-hill,765000.0
privateproperty,T5324269,https://www.privateproperty.co.za/for-sale/gauteng/johannesburg-metro/johannesburg-south/kibler-park/779-rote-82-securityu-coplax/1-v1/T5324269,2 Bedroom House in Kibler Park,7644500.0,Kibler Park,Johannesburg South,Gauteng,House,2.0,1.0,1.0,,54.0,54.0,1880.0,554.0,"2 Bedroom House in Kibler Park, 779 rote 82 securityu coplax, 1 v1, Neatly built 2bedroom 2nd flour unit in the kibler parkOlifantsvlei neighborhood. This neat unit is",3 Dec 2025,2026-03-27T16:05:54.667336+00:00,for-sale,gauteng,johannesburg-metro,johannesburg-south,kibler-park,764450.0
privateproperty,T5222394,https://www.privateproperty.co.za/for-sale/gauteng/johannesburg-metro/soweto/orlando/orlando-west/112-mpitso/T5222394,1 Bedroom House in Orlando West,7600000.0,Orlando,Soweto,Gauteng,House,1.0,1.0,1.0,,55.0,250.0,560.0,336.0,"1 Bedroom House in Orlando West, 112 mpitso, 1-Bedroom house with Bathroom, open lounge and kitchen & 2 outside rooms, garage and carport Inside",9 Sep 2025,2026-03-27T16:05:51.864294+00:00,for-sale,gauteng,johannesburg-metro,soweto,orlando,760000.0
privateproperty,T5316714,https://www.privateproperty.co.za/for-sale/gauteng/johannesburg-metro/midrand/noordwyk/01-shana-park/14-14th-road/T5316714,2 Bedroom House in Noordwyk,7600000.0,Noordwyk,Midrand,Gauteng,House,2.0,1.0,2.0,,64.0,64.0,1900.0,600.0,"2 Bedroom House in Noordwyk, 1 shana park, 14 14th road, A modern, two-bedroom, one-bathroom apartment is available for sale at Shana Park. The unit is on th",25 Nov 2025,2026-03-27T16:05:48.282447+00:00,for-sale,gauteng,johannesburg-metro,midrand,noordwyk,760000.0
privateproperty,T5416096,https://www.privateproperty.co.za/for-sale/gauteng/johannesburg-metro/soweto/protea-glen/31-gamtoos-street/T5416096,2 Bedroom House in Protea Glen,7600000.0,Protea Glen,Soweto,Gauteng,House,2.0,1.0,2.0,,40.0,303.0,521.6666666666666,1300.0,"2 Bedroom House in Protea Glen, 31 gamtoos street, Home for sale !!! The property is situated in Protea Glen , it consists of two bedrooms and one bat",8 Mar 2026,2026-03-27T16:05:45.167922+00:00,for-sale,gauteng,johannesburg-metro,soweto,protea-glen,760000.0
privateproperty,T4926353,https://www.privateproperty.co.za/for-sale/gauteng/johannesburg-metro/soweto/eldorado-park/15-vlei-avenue/T4926353,3 Bedroom House in Eldorado Park,7500000.0,Eldorado Park,Soweto,Gauteng,House,3.0,1.0,5.0,1.0,,556.0,461.18666666666667,432.0,"3 Bedroom House in Eldorado Park, 15 vlei avenue, Secure Family Home in Eldorado Park with Modern Kitchen This inviting family home in Eldorado Park",21 Jan 2025,2026-03-27T16:05:42.002980+00:00,for-sale,gauteng,johannesburg-metro,soweto,eldorado-park,750000.0
privateproperty,T4973180,https://www.privateproperty.co.za/for-sale/gauteng/johannesburg-metro/johannesburg-south/rosettenville/21np-kruger-street/T4973180,2 Bedroom House in Rosettenville,7500000.0,Rosettenville,Johannesburg South,Gauteng,House,2.0,1.0,5.0,1.0,120.0,300.0,400.0,480.0,"2 Bedroom House in Rosettenville, 21np kruger street, WELL MAINTAINED TWO BEDROOM HOME | SUPER CLEAN | ONE BATHROOM | SINGLE GARAGE WELL MAINTAINED TWO B",20 Feb 2025,2026-03-27T16:05:37.651890+00:00,for-sale,gauteng,johannesburg-metro,johannesburg-south,rosettenville,750000.0
privateproperty,T5172143,https://www.privateproperty.co.za/for-sale/gauteng/johannesburg-metro/soweto/soweto-central/18-drdd-street/T5172143,3 Bedroom House in Soweto Central,7500000.0,Soweto Central,Soweto,Gauteng,House,3.0,2.0,3.0,1.0,60.0,239.0,50.5,650.0,"3 Bedroom House in Soweto Central, 18 drdd street, HOME SWEET HOME Welcome to this beautiful home in Doornkop , the property is situated in a quiet ne",30 Jul 2025,2026-03-27T16:05:33.942475+00:00,for-sale,gauteng,johannesburg-metro,soweto,soweto-central,750000.0
privateproperty,T5260468,https://www.privateproperty.co.za/for-sale/gauteng/johannesburg-metro/soweto/jabulani/bm122-entandweni-street/T5260468,3 Bedroom House in Jabulani,7500000.0,Jabulani,Soweto,Gauteng,House,3.0,1.0,3.0,,150.0,267.0,1120.0,350.0,"3 Bedroom House in Jabulani, bm122 entandweni street, Three Bedroom House in Jabulani, Soweto. BEAUTIFUL 3 BEDROOM HOUSE | 3 OUTSIDE ROOMS WITH BATHROOM",9 Oct 2025,2026-03-27T16:05:30.227164+00:00,for-sale,gauteng,johannesburg-metro,soweto,jabulani,750000.0
privateproperty,T5261763,https://www.privateproperty.co.za/for-sale/gauteng/johannesburg-metro/soweto/soweto-central/emdeni/37-lengkoroane-street/T5261763,2 Bedroom House in Emdeni,7500000.0,Soweto Central,Soweto,Gauteng,House,2.0,1.0,2.0,,,354.0,50.5,500.0,"2 Bedroom House in Emdeni, 37 lengkoroane street, Opportunity Knocks: Emdeni Home with Flatlet Potential Discover this residential sale opportunity i",10 Oct 2025,2026-03-27T16:05:26.501840+00:00,for-sale,gauteng,johannesburg-metro,soweto,soweto-central,750000.0
privateproperty,T5288744,https://www.privateproperty.co.za/for-sale/gauteng/johannesburg-metro/soweto/eldorado-park/klipspruit-west/7-lee-place-street/T5288744,3 Bedroom House in Klipspruit West,7500000.0,Eldorado Park,Soweto,Gauteng,House,3.0,1.0,4.0,2.0,120.0,436.0,461.18666666666667,420.0,"3 Bedroom House in Klipspruit West, 7 lee place street, Welcome to 7 Lee Place a well-positioned freehold property in the heart of Klipspruit West Ext 2, J",3 Nov 2025,2026-03-27T16:05:23.509441+00:00,for-sale,gauteng,johannesburg-metro,soweto,eldorado-park,750000.0
privateproperty,T5312466,https://www.privateproperty.co.za/for-sale/gauteng/johannesburg-metro/soweto/protea-glen/12-kiwi-crescent/T5312466,2 Bedroom House in Protea Glen,7500000.0,Protea Glen,Soweto,Gauteng,House,2.0,1.0,2.0,,,300.0,521.6666666666666,127.0,"2 Bedroom House in Protea Glen, 12 kiwi crescent, A Versatile Start Up Home!. View by Appointment! A Freestanding start up 2-Bedroom Home with Spaciou",21 Nov 2025,2026-03-27T16:05:20.311544+00:00,for-sale,gauteng,johannesburg-metro,soweto,protea-glen,750000.0
privateproperty,T5315985,https://www.privateproperty.co.za/for-sale/gauteng/johannesburg-metro/johannesburg-central/johannesburg-cbd/813-rote-82-securityu-coplax/1-taboti-street/T5315985,2 Bedroom House in Johannesburg CBD,7500000.0,Johannesburg Cbd,Johannesburg Central,Gauteng,House,2.0,1.0,1.0,,51.0,51.0,1850.0,1638.0,"2 Bedroom House in Johannesburg CBD, 813 rote 82 securityu coplax, 1 taboti street, -Two bedrooms with built - in wardobes -Single bathroom with bath, shower, toilet and basin -Kitchen",25 Nov 2025,2026-03-27T16:05:16.276760+00:00,for-sale,gauteng,johannesburg-metro,johannesburg-central,johannesburg-cbd,750000.0
privateproperty,T5354559,https://www.privateproperty.co.za/for-sale/gauteng/johannesburg-metro/johannesburg-central/jeppestown/285-fawcus-street/T5354559,3 Bedroom House in Jeppestown,7500000.0,Jeppestown,Johannesburg Central,Gauteng,House,3.0,2.0,2.0,2.0,155.0,263.0,1938.8333333333333,757.0,"3 Bedroom House in Jeppestown, 285 fawcus street, Stunning 3-Bedroom Family Home for Sale in Jeppestown, Johannesburg! Welcome to your dream home in",18 Jan 2026,2026-03-27T16:05:12.033308+00:00,for-sale,gauteng,johannesburg-metro,johannesburg-central,jeppestown,750000.0
privateproperty,T5366850,https://www.privateproperty.co.za/for-sale/gauteng/johannesburg-metro/johannesburg-south/rosettenville/123579-kruger-street/T5366850,2 Bedroom House in Rosettenville,7500000.0,Rosettenville,Johannesburg South,Gauteng,House,2.0,1.0,4.0,1.0,111.0,248.0,400.0,800.0,"2 Bedroom House in Rosettenville, 123579 kruger street, Ideal Starter Home or Investment Opportunity in Rosettenville This lovely two-bedroom, one-bathroom",27 Jan 2026,2026-03-27T16:05:09.038161+00:00,for-sale,gauteng,johannesburg-metro,johannesburg-south,rosettenville,750000.0
privateproperty,T5368483,https://www.privateproperty.co.za/for-sale/gauteng/johannesburg-metro/soweto/soweto-central/3lm-tshukudu-street/T5368483,4 Bedroom House in Soweto Central,7500000.0,Soweto Central,Soweto,Gauteng,House,4.0,2.0,4.0,2.0,145.0,236.0,50.5,495.0,"4 Bedroom House in Soweto Central, 3#lm tshukudu street, Spacious 4-Bedroom Semi Family Home with Flatlet in Doornkop, Soweto WHY BUY 4 Bedrooms, 2 Bath",28 Jan 2026,2026-03-27T16:05:06.215621+00:00,for-sale,gauteng,johannesburg-metro,soweto,soweto-central,750000.0
privateproperty,T5377940,https://www.privateproperty.co.za/for-sale/gauteng/johannesburg-metro/johannesburg-south/south-hills/steeledale/4281-will-street/T5377940,2 Bedroom House in Steeledale,7500000.0,South Hills,Johannesburg South,Gauteng,House,2.0,1.0,1.0,,40.0,150.0,900.0,500.0,"2 Bedroom House in Steeledale, 4281 will street, This community was built for people who want a safe, modern, and affordable lifestyle. At the cente",5 Feb 2026,2026-03-27T16:04:50.703982+00:00,for-sale,gauteng,johannesburg-metro,johannesburg-south,south-hills,750000.0
privateproperty,T5377982,https://www.privateproperty.co.za/for-sale/gauteng/johannesburg-metro/soweto/protea-glen/12-kubu-close/T5377982,2 Bedroom House in Protea Glen,7500000.0,Protea Glen,Soweto,Gauteng,House,2.0,1.5,1.0,,,408.0,521.6666666666666,400.0,"2 Bedroom House in Protea Glen, 12 kubu close, Secure 2-Bedroom Home in Protea Glen, Soweto This inviting 2-bedroom, 1.5-bathroom home in Protea G",5 Feb 2026,2026-03-27T16:04:48.030667+00:00,for-sale,gauteng,johannesburg-metro,soweto,protea-glen,750000.0
privateproperty,T5378646,https://www.privateproperty.co.za/for-sale/gauteng/johannesburg-metro/johannesburg-south/rosettenville/21mgd-kruger-road/T5378646,2 Bedroom House in Rosettenville,7500000.0,Rosettenville,Johannesburg South,Gauteng,House,2.0,1.0,6.0,2.0,111.0,300.0,400.0,480.0,"2 Bedroom House in Rosettenville, 21#mgd kruger road, WELL MAINTAINED TWO BEDROOM HOME | SUPER CLEAN | ONE BATHROOM | SINGLE GARAGE WELL MAINTAINED TWO B",5 Feb 2026,2026-03-27T16:04:44.512354+00:00,for-sale,gauteng,johannesburg-metro,johannesburg-south,rosettenville,750000.0
privateproperty,T5389396,https://www.privateproperty.co.za/for-sale/gauteng/johannesburg-metro/soweto/protea-glen/26-annie-street/T5389396,3 Bedroom House in Protea Glen,7500000.0,Protea Glen,Soweto,Gauteng,House,3.0,1.0,2.0,,65.0,252.0,521.6666666666666,560.0,"3 Bedroom House in Protea Glen, 26 annie street, Secure Protea Glen Home This residential property, located in the established suburban area of Prot",14 Feb 2026,2026-03-27T16:04:40.351768+00:00,for-sale,gauteng,johannesburg-metro,soweto,protea-glen,750000.0
privateproperty,T5390745,https://www.privateproperty.co.za/for-sale/gauteng/johannesburg-metro/johannesburg-south/naturena/11mm1-brown-street/T5390745,2 Bedroom House in Naturena,7500000.0,Naturena,Johannesburg South,Gauteng,House,2.0,1.0,,,63.0,310.0,1862.0,800.0,"2 Bedroom House in Naturena, 11mm1 brown street, CHARMING TWO BEDROOM HOME | FIBRE READY | ACCESS GATE | IMMACULATE GARDEN CHARMING TWO BEDROOM HOME",16 Feb 2026,2026-03-27T16:04:37.042209+00:00,for-sale,gauteng,johannesburg-metro,johannesburg-south,naturena,750000.0
privateproperty,T5399891,https://www.privateproperty.co.za/for-sale/gauteng/johannesburg-metro/johannesburg-south/moffat-view/77ng-simmer-crescent/T5399891,2 Bedroom House in Moffat View,7500000.0,Moffat View,Johannesburg South,Gauteng,House,2.0,1.0,10.0,,,742.0,1253.2,750.0,"2 Bedroom House in Moffat View, 77ng simmer crescent, SECURE TWO BEDROOM HOME | FIBRE CONNECTIVITY | GOOD SECURITY SECURE TWO BEDROOM HOME | FIBRE CONNEC",23 Feb 2026,2026-03-27T16:04:33.899929+00:00,for-sale,gauteng,johannesburg-metro,johannesburg-south,moffat-view,750000.0
privateproperty,T5044896,https://www.privateproperty.co.za/for-sale/gauteng/johannesburg-metro/northcliff/blackheath/123-heathcrest/22-badenhorst-road/T5044896,2 Bedroom House in Blackheath,7500000.0,Blackheath,Northcliff,Gauteng,House,2.0,1.0,1.0,1.0,76.0,2.0,1217.0,633.0,"2 Bedroom House in Blackheath, 123 heathcrest, 22 badenhorst road, Step into comfort with this charming 2-bedroom, 1-bathroom apartmentperfectly sized for easy living.",11 Mar 2026,2026-03-27T16:04:29.652279+00:00,for-sale,gauteng,johannesburg-metro,northcliff,blackheath,750000.0
privateproperty,T5433409,https://www.privateproperty.co.za/for-sale/gauteng/johannesburg-metro/lenasia-to-ennerdale/ennerdale/bext12l-loam-street/T5433409,3 Bedroom House in Ennerdale,7500000.0,Ennerdale,Lenasia To Ennerdale,Gauteng,House,3.0,2.0,7.0,,85.0,600.0,397.72727272727275,800.0,"3 Bedroom House in Ennerdale, bext12l loam street, Three Bedroom House For Sale In Ennerdale Ext 12 3 BEDROOM FAMILY HOME | SPACIOUS YARD | ENNERDALE",23 Mar 2026,2026-03-27T16:04:25.975988+00:00,for-sale,gauteng,johannesburg-metro,lenasia-to-ennerdale,ennerdale,750000.0
privateproperty,T5436584,https://www.privateproperty.co.za/for-sale/gauteng/johannesburg-metro/soweto/soweto-central/98779-protea-glen-soweto/98779-cosberry-street/T5436584,2 Bedroom House in Soweto Central,7500000.0,Soweto Central,Soweto,Gauteng,House,2.0,1.0,1.0,,40.0,200.0,50.5,850.0,"2 Bedroom House in Soweto Central, 98779 protea glen soweto, 98779 cosberry street, 2 Bedroom House for Sale in Star Village New Protea, Protea Glen Discover the perfect blend of com",25 Mar 2026,2026-03-27T16:04:21.634751+00:00,for-sale,gauteng,johannesburg-metro,soweto,soweto-central,750000.0
privateproperty,T5337542,https://www.privateproperty.co.za/for-sale/gauteng/johannesburg-metro/lenasia-to-ennerdale/lenasia-south/23-honeybee-street/T5337542,3 Bedroom House in Lenasia South,7499990.0,Lenasia South,Lenasia To Ennerdale,Gauteng,House,3.0,1.0,2.0,,,288.0,150.0,350.0,"3 Bedroom House in Lenasia South, 23 honeybee street, Functional Family Home with Potential in Lenasia South Discover a promising residential opportunity",18 Dec 2025,2026-03-27T16:04:19.018746+00:00,for-sale,gauteng,johannesburg-metro,lenasia-to-ennerdale,lenasia-south,749999.0
privateproperty,T5024320,https://www.privateproperty.co.za/for-sale/gauteng/johannesburg-metro/sandton/douglasdale/4-ss-kalgaro/67-swallow-drive/T5024320,1 Bedroom House in Douglasdale,7499000.0,Douglasdale,Sandton,Gauteng,House,1.0,1.0,1.0,,52.0,,1670.0,626.0,"1 Bedroom House in Douglasdale, 4 ss kalgaro, 67 swallow drive, Classy, up-market one bedroom apartment within Kalgaro Estate offering a safe and secure environment",31 Mar 2025,2026-03-27T16:04:16.073394+00:00,for-sale,gauteng,johannesburg-metro,sandton,douglasdale,749900.0
privateproperty,T5136299,https://www.privateproperty.co.za/for-sale/gauteng/johannesburg-metro/soweto/soweto-central/29-zondi-street/T5136299,2 Bedroom House in Soweto Central,7490000.0,Soweto Central,Soweto,Gauteng,House,2.0,1.0,2.0,2.0,89.0,300.0,100.0,100.0,"2 Bedroom House in Soweto Central, 29 zondi street, 2 bedroom, lounge and bath , open plan kitchen and lounge, fitted , with three outside for extra mon",1 Jul 2025,2026-03-27T16:04:13.399738+00:00,for-sale,gauteng,johannesburg-metro,soweto,soweto-central,749000.0
privateproperty,T5202895,https://www.privateproperty.co.za/for-sale/gauteng/johannesburg-metro/north-riding-to-lanseria/cosmo-city/320-kya-sands-estate/8-main-road/T5202895,2 Bedroom House in Cosmo City,7490000.0,Cosmo City,North Riding To Lanseria,Gauteng,House,2.0,1.5,8.0,6.0,50.0,260.0,440.0,700.0,"2 Bedroom House in Cosmo City, 320 kya sands estate, 8 main road, Beautiful Free Standing 2 Bed 1.5 Bath Family Cluster Home Beautiful Free Standing Cluster Family Ho",23 Aug 2025,2026-03-27T16:04:10.400136+00:00,for-sale,gauteng,johannesburg-metro,north-riding-to-lanseria,cosmo-city,749000.0
privateproperty,T5239326,https://www.privateproperty.co.za/for-sale/gauteng/johannesburg-metro/midrand/erand-gardens/810-ss-92-on-new/92-new-road/T5239326,1 Bedroom House in Erand Gardens,7490000.0,Erand Gardens,Midrand,Gauteng,House,1.0,1.0,1.0,,49.0,,1490.0,422.0,"1 Bedroom House in Erand Gardens, 810 ss 92 on new, 92 new road, Welcome to this stylish one-bedroom sectional title, perfectly located in the heart of Erand Gardens",22 Sep 2025,2026-03-27T16:04:06.145152+00:00,for-sale,gauteng,johannesburg-metro,midrand,erand-gardens,749000.0
privateproperty,T5240902,https://www.privateproperty.co.za/for-sale/gauteng/johannesburg-metro/soweto/meadowlands/30-khumalo-street/T5240902,3 Bedroom House in Meadowlands,7490000.0,Meadowlands,Soweto,Gauteng,House,3.0,2.0,3.0,1.0,120.0,188.0,461.18666666666667,580.0,"3 Bedroom House in Meadowlands, 30 khumalo street, CHARMING THREE BEDROOM FAMILY HOME | MODERN FEATURES | SECURE LIVING CHARMING THREE BEDROOM FAMILY",23 Sep 2025,2026-03-27T16:04:03.402766+00:00,for-sale,gauteng,johannesburg-metro,soweto,meadowlands,749000.0
privateproperty,T5273515,https://www.privateproperty.co.za/for-sale/gauteng/johannesburg-metro/north-riding-to-lanseria/noordhang/63-bellaires-brooke/91-bellaires-drive-drive/T5273515,2 Bedroom House in Noordhang,7490000.0,Noordhang,North Riding To Lanseria,Gauteng,House,2.0,1.0,2.0,,92.0,,2512.0,402.0,"2 Bedroom House in Noordhang, 63 bellaires brooke, 91 bellaires drive drive, This beautiful 2-bedroom loft apartment is a must-see! The home features a modern open-plan kitchen",20 Oct 2025,2026-03-27T16:04:00.332004+00:00,for-sale,gauteng,johannesburg-metro,north-riding-to-lanseria,noordhang,749000.0
privateproperty,T5295594,https://www.privateproperty.co.za/for-sale/gauteng/johannesburg-metro/soweto/eldorado-park/9-joseph-hartley-street/T5295594,4 Bedroom House in Eldorado Park,7490000.0,Eldorado Park,Soweto,Gauteng,House,4.0,2.0,4.0,1.0,,438.0,461.18666666666667,686.0,"4 Bedroom House in Eldorado Park, 9 joseph hartley street, From the moment you step inside, this home gives off a sense of calm and care. Its clean, freshly pa",7 Nov 2025,2026-03-27T16:03:57.688952+00:00,for-sale,gauteng,johannesburg-metro,soweto,eldorado-park,749000.0
privateproperty,T5340052,https://www.privateproperty.co.za/for-sale/gauteng/johannesburg-metro/lenasia-to-ennerdale/lenasia-south/b383l-hillside-street/T5340052,2 Bedroom House in Lenasia South,7490000.0,Lenasia South,Lenasia To Ennerdale,Gauteng,House,2.0,1.0,4.0,,75.0,255.0,150.0,800.0,"2 Bedroom House in Lenasia South, b383l hillside street, Two Bedroom House Available In Lenasia South Ext 24 TWO BEDROOM HOME | OUTSIDE ROOM | BOOMED AREA |",26 Dec 2025,2026-03-27T16:03:54.850588+00:00,for-sale,gauteng,johannesburg-metro,lenasia-to-ennerdale,lenasia-south,749000.0
privateproperty,T5342306,https://www.privateproperty.co.za/for-sale/gauteng/johannesburg-metro/soweto/protea-glen/b20l-daffodils-street/T5342306,2 Bedroom House in Protea Glen,7490000.0,Protea Glen,Soweto,Gauteng,House,2.0,1.0,7.0,,150.0,300.0,521.6666666666666,800.0,"2 Bedroom House in Protea Glen, b20l daffodils street, Two Bedroom With Three Outside Rooms For Sale In Protea Glen Ext 31 TWO BEDROOM HOME | THREE OUTSID",5 Jan 2026,2026-03-27T16:03:50.932753+00:00,for-sale,gauteng,johannesburg-metro,soweto,protea-glen,749000.0
privateproperty,T5365410,https://www.privateproperty.co.za/for-sale/gauteng/johannesburg-metro/soweto/protea-glen/b12l-apricott-street/T5365410,3 Bedroom House in Protea Glen,7490000.0,Protea Glen,Soweto,Gauteng,House,3.0,2.0,7.0,,80.0,300.0,521.6666666666666,800.0,"3 Bedroom House in Protea Glen, b12l apricott street, Three Bedroom House with Three En-Suite Outside Rooms for Sale in Protea Gle MAIN HOUSE PLUS THREE",27 Jan 2026,2026-03-27T16:03:47.277508+00:00,for-sale,gauteng,johannesburg-metro,soweto,protea-glen,749000.0
privateproperty,T5392581,https://www.privateproperty.co.za/for-sale/gauteng/johannesburg-metro/soweto/protea-glen/bext1l-jub-jub-street/T5392581,2 Bedroom House in Protea Glen,7490000.0,Protea Glen,Soweto,Gauteng,House,2.0,1.0,8.0,,75.0,264.0,521.6666666666666,890.0,"2 Bedroom House in Protea Glen, bext1l jub jub street, Two Bedroom House For Sale In Protea Glen Ext 1 CHARMING TWO BEDROOM HOME | PRIME LOCATION | MOVE I",17 Feb 2026,2026-03-27T16:03:42.982226+00:00,for-sale,gauteng,johannesburg-metro,soweto,protea-glen,749000.0
privateproperty,T5398050,https://www.privateproperty.co.za/for-sale/gauteng/johannesburg-metro/soweto/meadowlands/b89l-shabba-street/T5398050,2 Bedroom House in Meadowlands,7490000.0,Meadowlands,Soweto,Gauteng,House,2.0,2.0,,,75.0,320.0,461.18666666666667,800.0,"2 Bedroom House in Meadowlands, b89l shabba street, Two Bedroom House For Sale In Meadownlands Zone 10 TWO BEDROOM HOME | OUTSIDE ROOMS | DOUBLE CARPOR",21 Feb 2026,2026-03-27T16:03:39.247194+00:00,for-sale,gauteng,johannesburg-metro,soweto,meadowlands,749000.0
privateproperty,T5158983,https://www.privateproperty.co.za/for-sale/gauteng/johannesburg-metro/northcliff/albertville/44a-plein-street/T5158983,2 Bedroom House in Albertville,7400000.0,Albertville,Northcliff,Gauteng,House,2.0,2.0,2.0,,,248.0,1027.0,400.0,"2 Bedroom House in Albertville, 44a plein street, Low Maintenance Property with 2 bedroom 2 Bath House Offers from R740 000 will be considered....Se",19 Jul 2025,2026-03-27T16:03:35.555738+00:00,for-sale,gauteng,johannesburg-metro,northcliff,albertville,740000.0
privateproperty,T5364482,https://www.privateproperty.co.za/for-sale/gauteng/johannesburg-metro/soweto/protea-glen/75-camphor-tree-street/T5364482,3 Bedroom House in Protea Glen,7400000.0,Protea Glen,Soweto,Gauteng,House,3.0,1.5,4.0,,55.0,200.0,521.6666666666666,550.0,"3 Bedroom House in Protea Glen, 75 camphor tree street, Cozy 3-Bedroom Home in Protea Glen, Soweto! Come and discover this lovely 3-bedroom home for sale i",26 Jan 2026,2026-03-27T16:03:33.000581+00:00,for-sale,gauteng,johannesburg-metro,soweto,protea-glen,740000.0
privateproperty,T5382568,https://www.privateproperty.co.za/for-sale/gauteng/johannesburg-metro/midrand/erand-gardens/71-14th-street/T5382568,2 Bedroom House in Erand Gardens,7400000.0,Erand Gardens,Midrand,Gauteng,House,2.0,2.0,2.0,,82.0,,1532.0,591.0,"2 Bedroom House in Erand Gardens, 71 14th street, Secure your future with this spacious 2 bedroom, 2 bathroom apartment located in the heart of Midran",9 Feb 2026,2026-03-27T16:03:29.802338+00:00,for-sale,gauteng,johannesburg-metro,midrand,erand-gardens,740000.0
privateproperty,T5253668,https://www.privateproperty.co.za/for-sale/gauteng/johannesburg-metro/johannesburg-south/kibler-park/334-route-82/1-tamboti-street/T5253668,2 Bedroom House in Kibler Park,7361000.0,Kibler Park,Johannesburg South,Gauteng,House,2.0,1.0,1.0,,48.0,51.0,1759.0,512.0,"2 Bedroom House in Kibler Park, 334 route 82, 1 tamboti street, 2bedroom 1st flour unit in Kibler Park Olifantsvlei neighborhood. This neat unit is sutuated with a",3 Oct 2025,2026-03-27T16:03:27.130896+00:00,for-sale,gauteng,johannesburg-metro,johannesburg-south,kibler-park,736100.0
privateproperty,T5299458,https://www.privateproperty.co.za/for-sale/gauteng/johannesburg-metro/soweto/protea-glen/glen-ridge/3-alpine-street/T5299458,3 Bedroom House in Glen Ridge,7350000.0,Protea Glen,Soweto,Gauteng,House,3.0,1.0,3.0,,,252.0,521.6666666666666,400.0,"3 Bedroom House in Glen Ridge, 3 alpine street, Versatile 3Bedroom Home with 3Backroom Cottage .. Well priced investment gem . Projected income re",11 Nov 2025,2026-03-27T16:03:22.801186+00:00,for-sale,gauteng,johannesburg-metro,soweto,protea-glen,735000.0
privateproperty,T5019200,https://www.privateproperty.co.za/for-sale/gauteng/johannesburg-metro/johannesburg-south/regents-park/mak-3-eleazar-street/T5019200,3 Bedroom House in Regents Park,7300000.0,Regents Park,Johannesburg South,Gauteng,House,3.0,1.0,4.0,1.0,132.0,222.0,1253.2,637.0,"3 Bedroom House in Regents Park, #mak 3 eleazar street, Charming 3-Bedroom, 1-Bathroom Home in the Heart of Regents Park Charming 3-Bedroom, 1-Bathroom Hom",26 Mar 2025,2026-03-27T16:03:19.347670+00:00,for-sale,gauteng,johannesburg-metro,johannesburg-south,regents-park,730000.0
privateproperty,T5224133,https://www.privateproperty.co.za/for-sale/gauteng/johannesburg-metro/northcliff/riverlea/22-gallinule-street/T5224133,3 Bedroom House in Riverlea,7300000.0,Riverlea,Northcliff,Gauteng,House,3.0,2.0,1.0,,82.0,217.0,2189.946808510638,570.0,"3 Bedroom House in Riverlea, 22 gallinule street, YOUR DREAMY HOME Come and take a look at this lovely three bed, two bath home with an open plan lou",9 Sep 2025,2026-03-27T16:03:16.614845+00:00,for-sale,gauteng,johannesburg-metro,northcliff,riverlea,730000.0
privateproperty,T5318286,https://www.privateproperty.co.za/for-sale/gauteng/johannesburg-metro/soweto/protea-glen/36-umsinga-street/T5318286,2 Bedroom House in Protea Glen,7300000.0,Protea Glen,Soweto,Gauteng,House,2.0,1.0,5.0,,,373.0,521.6666666666666,347.0,"2 Bedroom House in Protea Glen, 36. umsinga street, A Cozy Home with Extra Space Outside This lovely home features 2 bedrooms, each fitted with built-i",26 Nov 2025,2026-03-27T16:03:13.544522+00:00,for-sale,gauteng,johannesburg-metro,soweto,protea-glen,730000.0
privateproperty,T5387968,https://www.privateproperty.co.za/for-sale/gauteng/johannesburg-metro/lenasia-to-ennerdale/lenasia/11701-harolo-crescent/T5387968,2 Bedroom House in Lenasia,7300000.0,Lenasia,Lenasia To Ennerdale,Gauteng,House,2.0,1.0,2.0,1.0,,180.0,600.0,500.0,"2 Bedroom House in Lenasia, 11701 harolo crescent, Stunning and neat 2-Bedroom Home in Tokoza Ext 2, Alberton This inviting 2-bedroom home in Tokoza E",13 Feb 2026,2026-03-27T16:03:09.274023+00:00,for-sale,gauteng,johannesburg-metro,lenasia-to-ennerdale,lenasia,730000.0
privateproperty,T5398020,https://www.privateproperty.co.za/for-sale/gauteng/johannesburg-metro/soweto/dobsonville/b26l-village-street/T5398020,2 Bedroom House in Dobsonville,7300000.0,Dobsonville,Soweto,Gauteng,House,2.0,1.0,8.0,1.0,40.0,286.0,461.18666666666667,900.0,"2 Bedroom House in Dobsonville, b26l village street, Two Bedroom House For Sale In Dobsnville Gardens TWO BEDROOM FAMILY HOME | FULLY PAVED YARD | GARAG",20 Feb 2026,2026-03-27T16:03:05.193119+00:00,for-sale,gauteng,johannesburg-metro,soweto,dobsonville,730000.0
privateproperty,T5413763,https://www.privateproperty.co.za/for-sale/gauteng/johannesburg-metro/johannesburg-south/rosettenville/21nk-kruger-street/T5413763,2 Bedroom House in Rosettenville,7300000.0,Rosettenville,Johannesburg South,Gauteng,House,2.0,1.0,2.0,1.0,111.0,248.0,400.0,900.0,"2 Bedroom House in Rosettenville, 21nk kruger street, WELL-MAINTAINED TWO-BEDROOM HOUSE IN ROSETTENVILLE CLOSE TO SOUTH RAND HOSPITAL WELL-MAINTAINED TW",5 Mar 2026,2026-03-27T16:03:02.407953+00:00,for-sale,gauteng,johannesburg-metro,johannesburg-south,rosettenville,730000.0
privateproperty,T5417466,https://www.privateproperty.co.za/for-sale/gauteng/johannesburg-metro/johannesburg-south/rosettenville/21nk-kruger-street/T5417466,2 Bedroom House in Rosettenville,7300000.0,Rosettenville,Johannesburg South,Gauteng,House,2.0,1.0,2.0,1.0,111.0,248.0,400.0,900.0,"2 Bedroom House in Rosettenville, 21#nk kruger street, TWO BEDROOM FREESTANDING WELL LOOKED AFTER HOUSE IN ROSETTENVILLE CLOSE TO SOUTH RAND HOSPITAL TWO",9 Mar 2026,2026-03-27T16:02:59.548354+00:00,for-sale,gauteng,johannesburg-metro,johannesburg-south,rosettenville,730000.0
privateproperty,T5072088,https://www.privateproperty.co.za/for-sale/gauteng/johannesburg-metro/soweto/protea-glen/1-tukedi/T5072088,3 Bedroom House in Protea Glen,7200000.0,Protea Glen,Soweto,Gauteng,House,3.0,1.0,,,60.0,646.0,521.6666666666666,457.0,"3 Bedroom House in Protea Glen, 1 tukedi, HOME SWEET HOME Welcome to this delightful three bedroom , one bathroom house situated in Protea Gl",12 May 2025,2026-03-27T16:02:56.814690+00:00,for-sale,gauteng,johannesburg-metro,soweto,protea-glen,720000.0
privateproperty,T5218482,https://www.privateproperty.co.za/for-sale/gauteng/johannesburg-metro/randburg/randpark-ridge/0-manor-park/26-pangola-avenue/T5218482,2 Bedroom House in Randpark Ridge,7200000.0,Randpark Ridge,Randburg,Gauteng,House,2.0,2.0,1.0,,73.0,,1900.0,720.0,"2 Bedroom House in Randpark Ridge, manor park, 26 pangola avenue, Own Your Home for Less Than You Think! This modern second-floor apartment offers the perfect blend",5 Sep 2025,2026-03-27T16:02:53.908136+00:00,for-sale,gauteng,johannesburg-metro,randburg,randpark-ridge,720000.0
privateproperty,T5231671,https://www.privateproperty.co.za/for-sale/gauteng/johannesburg-metro/johannesburg-south/south-hills/33nk-kopane-street/T5231671,2 Bedroom House in South Hills,7200000.0,South Hills,Johannesburg South,Gauteng,House,2.0,1.0,1.0,,53.0,178.0,900.0,500.0,"2 Bedroom House in South Hills, 33#nk kopane street, TWO BEDROOM FAMILY HOME | OPEN PLAN LIVING | 24 HOUR SECURITY Why to Buy? - Two comfortable bedroo",16 Sep 2025,2026-03-27T16:02:50.086652+00:00,for-sale,gauteng,johannesburg-metro,johannesburg-south,south-hills,720000.0
privateproperty,T5253801,https://www.privateproperty.co.za/for-sale/gauteng/johannesburg-metro/johannesburg-south/turffontein/158-donnelly/T5253801,2 Bedroom House in Turffontein,7200000.0,Turffontein,Johannesburg South,Gauteng,House,2.0,1.0,2.0,1.0,495.0,495.0,1253.2,525.0,"2 Bedroom House in Turffontein, 158 donnelly, Charming 2-Bedroom Home This lovely 2-bedroom home offers 1 or 2 bathrooms, a modern kitchen, and a",4 Oct 2025,2026-03-27T16:02:46.512229+00:00,for-sale,gauteng,johannesburg-metro,johannesburg-south,turffontein,720000.0
privateproperty,T5401839,https://www.privateproperty.co.za/for-sale/gauteng/johannesburg-metro/johannesburg-south/naturena/73sn-hamilton-street/T5401839,2 Bedroom House in Naturena,7200000.0,Naturena,Johannesburg South,Gauteng,House,2.0,1.0,1.0,,,150.0,1862.0,327.0,"2 Bedroom House in Naturena, 73sn hamilton street, CHARMING TWO BEDROOM HOME | SECURE | PET FRIENDLY | FIBRE READY | SOUGHT AFTER LOCATION CHARMING TW",24 Feb 2026,2026-03-27T16:02:42.412797+00:00,for-sale,gauteng,johannesburg-metro,johannesburg-south,naturena,720000.0
privateproperty,T5189064,https://www.privateproperty.co.za/for-sale/gauteng/johannesburg-metro/midrand/president-park/38-villa-med/9-swart/T5189064,2 Bedroom House in President Park,7000000.0,President Park,Midrand,Gauteng,House,2.0,2.0,1.0,,,92.0,2000.0,900.0,"2 Bedroom House in President Park, 38 villa med, 9 swart, Discover comfortable living in this light-filled 2-bedroom, 2-bathroom ground-floor corner apartment",13 Aug 2025,2026-03-27T16:02:38.140615+00:00,for-sale,gauteng,johannesburg-metro,midrand,president-park,700000.0
privateproperty,T5280905,https://www.privateproperty.co.za/for-sale/gauteng/johannesburg-metro/johannesburg-central/bruma/48-ss-new-times-square/32-ernest-oppenheimer-avenue/T5280905,2 Bedroom House in Bruma,7000000.0,Bruma,Johannesburg Central,Gauteng,House,2.0,2.0,1.0,,89.0,2.0,3200.0,1300.0,"2 Bedroom House in Bruma, 48 ss new times square, 32 ernest oppenheimer avenue, 2 Bedrooms, 2 Bathrooms (MES), open plan Kitchen and living area, Balcony Bruma is a suburb of Joha",27 Oct 2025,2026-03-27T16:02:21.802513+00:00,for-sale,gauteng,johannesburg-metro,johannesburg-central,bruma,700000.0
privateproperty,T5321677,https://www.privateproperty.co.za/for-sale/gauteng/johannesburg-metro/soweto/bram-fisherville/1-iron-street/T5321677,2 Bedroom House in Bram Fisherville,7000000.0,Bram Fisherville,Soweto,Gauteng,House,2.0,1.0,5.0,,,271.0,461.18666666666667,350.0,"2 Bedroom House in Bram Fisherville, 1 iron street, Welcome to this lovely 2-bedroom home, perfect for first-time buyers or anyone looking for a comfort",1 Dec 2025,2026-03-27T16:02:18.359215+00:00,for-sale,gauteng,johannesburg-metro,soweto,bram-fisherville,700000.0
privateproperty,T5343856,https://www.privateproperty.co.za/for-sale/gauteng/johannesburg-metro/johannesburg-central/johannesburg-cbd/45-ansteys-building/59-joubert/T5343856,2 Bedroom House in Johannesburg CBD,7000000.0,Johannesburg Cbd,Johannesburg Central,Gauteng,House,2.0,1.5,2.0,1.0,64.0,64.0,1850.0,650.0,"2 Bedroom House in Johannesburg CBD, 45 anstey''s building, 59 joubert, Two Bedroom unit is offering the following 2 Bedroom, fitted with BIC, 1 Fitted kitchen, 1 Bathro",7 Jan 2026,2026-03-27T16:02:14.109187+00:00,for-sale,gauteng,johannesburg-metro,johannesburg-central,johannesburg-cbd,700000.0
privateproperty,T5346451,https://www.privateproperty.co.za/for-sale/gauteng/johannesburg-metro/soweto/protea-glen/marula-street-2819-protea-protea-glen-ext-11-2819/T5346451,2 Bedroom House in Protea Glen,7000000.0,Protea Glen,Soweto,Gauteng,House,2.0,1.0,6.0,,50.0,285.0,521.6666666666666,400.0,"2 Bedroom House in Protea Glen, marula street 2819 protea protea glen ext 11 2819, This 2 bedroom house for sell in Protea Glen is built in a 285m2 yard without parving.A big space av",10 Jan 2026,2026-03-27T16:02:10.775075+00:00,for-sale,gauteng,johannesburg-metro,soweto,protea-glen,700000.0
privateproperty,T5362214,https://www.privateproperty.co.za/for-sale/gauteng/johannesburg-metro/lenasia-to-ennerdale/lenasia/14-grouse-lane/T5362214,3 Bedroom House in Lenasia,7000000.0,Lenasia,Lenasia To Ennerdale,Gauteng,House,3.0,2.0,2.0,,122.0,470.0,600.0,600.0,"3 Bedroom House in Lenasia, 14 grouse lane, 3 bed house for sale in Lenasia Presenting a residential property in Lenasia Ext 2, This single-sto",23 Jan 2026,2026-03-27T16:02:07.549282+00:00,for-sale,gauteng,johannesburg-metro,lenasia-to-ennerdale,lenasia,700000.0
privateproperty,T4773211,https://www.privateproperty.co.za/for-sale/gauteng/johannesburg-metro/soweto/soweto-central/emdeni/36-mamasiankona/T4773211,3 Bedroom House in Emdeni,7000000.0,Soweto Central,Soweto,Gauteng,House,3.0,1.0,1.0,1.0,70.0,253.0,50.5,219.0,"3 Bedroom House in Emdeni, 36 mamasiankona, This Home is conveniently located close to all amenities such as shopping Dobsonville shopping centr",17 Mar 2026,2026-03-27T16:02:04.702019+00:00,for-sale,gauteng,johannesburg-metro,soweto,soweto-central,700000.0
privateproperty,T4909047,https://www.privateproperty.co.za/for-sale/gauteng/johannesburg-metro/soweto/bram-fisherville/25-silver-street/T4909047,3 Bedroom House in Bram Fisherville,6999990.0,Bram Fisherville,Soweto,Gauteng,House,3.0,1.0,,,76.0,366.0,461.18666666666667,539.0,"3 Bedroom House in Bram Fisherville, 25 silver street, Perfect home for a family This property is perfect for families or individuals looking for a frees",5 Jan 2025,2026-03-27T16:02:00.833123+00:00,for-sale,gauteng,johannesburg-metro,soweto,bram-fisherville,699999.0
privateproperty,T5153627,https://www.privateproperty.co.za/for-sale/gauteng/johannesburg-metro/soweto/protea-glen/bm2693-college-street/T5153627,2 Bedroom House in Protea Glen,6999990.0,Protea Glen,Soweto,Gauteng,House,2.0,1.0,,,42.0,300.0,521.6666666666666,700.0,"2 Bedroom House in Protea Glen, bm2693 college street, NEAT TWO BEDROOM HOME | SPACIOUS GARDEN | PRIME LOCATION | GREAT INVESTMENT POTENTIAL Why to Buy?",15 Jul 2025,2026-03-27T16:01:58.266330+00:00,for-sale,gauteng,johannesburg-metro,soweto,protea-glen,699999.0
privateproperty,T5373982,https://www.privateproperty.co.za/for-sale/gauteng/johannesburg-metro/soweto/protea-glen/78-siyaya-street/T5373982,3 Bedroom House in Protea Glen,6999990.0,Protea Glen,Soweto,Gauteng,House,3.0,1.0,4.0,,,250.0,521.6666666666666,235.0,"3 Bedroom House in Protea Glen, 78 siyaya street, Charming 3-Bedroom Home in Protea Glen with Modern Kitchen This charming single-story residence in",3 Feb 2026,2026-03-27T16:01:54.611643+00:00,for-sale,gauteng,johannesburg-metro,soweto,protea-glen,699999.0
privateproperty,T5417901,https://www.privateproperty.co.za/for-sale/gauteng/johannesburg-metro/midrand/sagewood/386-minuet-and-more/44-mozart-lane/T5417901,2 Bedroom House in Sagewood,6999990.0,Sagewood,Midrand,Gauteng,House,2.0,1.5,,,79.0,8.0,1300.0,700.0,"2 Bedroom House in Sagewood, 386 minuet and more, 44 mozart lane, We are now offering development packages across Gauteng, No Bond, No Duty and No Transfer Cost, all",10 Mar 2026,2026-03-27T16:01:50.993156+00:00,for-sale,gauteng,johannesburg-metro,midrand,sagewood,699999.0
privateproperty,T5435045,https://www.privateproperty.co.za/for-sale/gauteng/johannesburg-metro/lenasia-to-ennerdale/ennerdale/b26l-jones-street/T5435045,3 Bedroom House in Ennerdale,6999990.0,Ennerdale,Lenasia To Ennerdale,Gauteng,House,3.0,2.0,4.0,1.0,200.0,317.0,397.72727272727275,600.0,"3 Bedroom House in Ennerdale, b26l jones street, Three Bedroom House For Sale In Ennerdale South CHARMING 3 BEDROOM FAMILY HOME | CUL-DE-SAC | SECUR",24 Mar 2026,2026-03-27T16:01:47.170594+00:00,for-sale,gauteng,johannesburg-metro,lenasia-to-ennerdale,ennerdale,699999.0
privateproperty,T4074197,https://www.privateproperty.co.za/for-sale/gauteng/johannesburg-metro/johannesburg-south/turffontein/19-von-brandis/T4074197,2 Bedroom House in Turffontein,6990000.0,Turffontein,Johannesburg South,Gauteng,House,2.0,1.0,,,53.0,183.0,1253.2,417.0,"2 Bedroom House in Turffontein, 19 von brandis, This beautiful well kept home in the heart of Turffontein boasts 2 bedrooms with Bic''s and both fin",4 Jun 2024,2026-03-27T16:01:43.117732+00:00,for-sale,gauteng,johannesburg-metro,johannesburg-south,turffontein,699000.0
privateproperty,T4935562,https://www.privateproperty.co.za/for-sale/gauteng/johannesburg-metro/johannesburg-south/south-hills/3np-arlington-street/T4935562,2 Bedroom House in South Hills,6990000.0,South Hills,Johannesburg South,Gauteng,House,2.0,1.0,8.0,,,495.0,900.0,550.0,"2 Bedroom House in South Hills, 3np arlington street, AFFORDABLE | SPACIOUS YARD| SPACIOUS TWO BEDROOM HOME | SPACIOUS YARDS | FLATLET | OPPORTUNITY KNOC",27 Jan 2025,2026-03-27T16:01:39.092629+00:00,for-sale,gauteng,johannesburg-metro,johannesburg-south,south-hills,699000.0
privateproperty,T5069666,https://www.privateproperty.co.za/for-sale/gauteng/johannesburg-metro/johannesburg-south/kenilworth/67-deiring-street/T5069666,2 Bedroom House in Kenilworth,6990000.0,Kenilworth,Johannesburg South,Gauteng,House,2.0,1.0,,,222.0,222.0,1253.2,510.0,"2 Bedroom House in Kenilworth, 67 deiring street, This well-maintained 2-bedroom, 1-bathroom home offers comfortable living with great extras. The pro",9 May 2025,2026-03-27T16:01:36.185587+00:00,for-sale,gauteng,johannesburg-metro,johannesburg-south,kenilworth,699000.0
privateproperty,T5283863,https://www.privateproperty.co.za/for-sale/gauteng/johannesburg-metro/sandton/bryanston/11-the-lodge-retirement-village/111-grosvenor-rd/T5283863,1 Bedroom House in Bryanston,6990000.0,Bryanston,Sandton,Gauteng,House,1.0,1.0,1.0,,75.0,,9305.0,3250.0,"1 Bedroom House in Bryanston, 11 the lodge retirement village, 111 grosvenor rd, No transfer duties, No conveyancing fees! Discover a carefree lifestyle tailored for the over 55s",28 Oct 2025,2026-03-27T16:01:32.404227+00:00,for-sale,gauteng,johannesburg-metro,sandton,bryanston,699000.0
privateproperty,T5327585,https://www.privateproperty.co.za/for-sale/gauteng/johannesburg-metro/soweto/protea-glen/12-aldo-street/T5327585,3 Bedroom House in Protea Glen,6990000.0,Protea Glen,Soweto,Gauteng,House,3.0,1.0,4.0,1.0,100.0,252.0,521.6666666666666,430.0,"3 Bedroom House in Protea Glen, 12 aldo street, Secure 3-Bedroom Home in Protea Glen, Soweto This inviting 3-bedroom, 1-bathroom home in Protea Gle",6 Dec 2025,2026-03-27T16:01:28.836080+00:00,for-sale,gauteng,johannesburg-metro,soweto,protea-glen,699000.0
privateproperty,T5334665,https://www.privateproperty.co.za/for-sale/gauteng/johannesburg-metro/northcliff/riverlea/lb762-east-street/T5334665,3 Bedroom House in Riverlea,6990000.0,Riverlea,Northcliff,Gauteng,House,3.0,1.0,,,75.0,218.0,2189.946808510638,840.0,"3 Bedroom House in Riverlea, lb#762 east street, Three Bedroom House For Sale In Riverlea NEAT THREE BEDROOM HOME | RIVERLEA | WELL MAINTAINED | ROO",15 Dec 2025,2026-03-27T16:01:26.286713+00:00,for-sale,gauteng,johannesburg-metro,northcliff,riverlea,699000.0
privateproperty,T5341564,https://www.privateproperty.co.za/for-sale/gauteng/johannesburg-metro/soweto/soweto-central/b35l-curro-street/T5341564,2 Bedroom House in Soweto Central,6990000.0,Soweto Central,Soweto,Gauteng,House,2.0,1.0,6.0,1.0,,251.0,50.5,800.0,"2 Bedroom House in Soweto Central, b35l curro street, Two Bedroom House For Sale In Glen Ridge CHARMING TWO BEDROOM HOME | OPEN-PLAN LIVING | DRIVE-THROU",5 Jan 2026,2026-03-27T16:01:22.623454+00:00,for-sale,gauteng,johannesburg-metro,soweto,soweto-central,699000.0
privateproperty,T5086651,https://www.privateproperty.co.za/for-sale/gauteng/johannesburg-metro/lenasia-to-ennerdale/ennerdale/8lmbn-jones-street/T5086651,3 Bedroom House in Ennerdale,6990000.0,Ennerdale,Lenasia To Ennerdale,Gauteng,House,3.0,1.0,5.0,1.0,200.0,317.0,397.72727272727275,495.0,"3 Bedroom House in Ennerdale, 8lmbn jones street, Charming 3-Bedroom Family Home in Ennerdale Cul-de-Sac WHY - 3 Bedrooms, 2 Bathrooms 1 Ensuite - 1",16 Mar 2026,2026-03-27T16:01:18.680140+00:00,for-sale,gauteng,johannesburg-metro,lenasia-to-ennerdale,ennerdale,699000.0
privateproperty,T5072146,https://www.privateproperty.co.za/for-sale/gauteng/johannesburg-metro/johannesburg-south/rosettenville/la-rochelle/7-7th-street/T5072146,4 Bedroom House in La Rochelle,6950000.0,Rosettenville,Johannesburg South,Gauteng,House,4.0,2.0,7.0,1.0,,492.0,400.0,745.0,"4 Bedroom House in La Rochelle, 7 7th street, FOUR BEDROOM FAMILY HOME | FULL FLATLET | GREAT RENTAL POTENTIAL | INVESTMENT Why to Buy? - Four",13 Nov 2025,2026-03-27T16:01:14.982245+00:00,for-sale,gauteng,johannesburg-metro,johannesburg-south,rosettenville,695000.0
privateproperty,T5435189,https://www.privateproperty.co.za/for-sale/gauteng/johannesburg-metro/johannesburg-south/alveda/157-ss-route-82-security-estate-village-3/1-tambotie-street/T5435189,2 Bedroom House in Alveda,6950000.0,Alveda,Johannesburg South,Gauteng,House,2.0,1.0,1.0,,48.0,,1200.0,659.0,"2 Bedroom House in Alveda, 157 ss route 82 security estate village 3, 1 tambotie street, Beautiful ground floor unit Beautiful Ground Floor Apartment in Alveda Step into comfort and conve",24 Mar 2026,2026-03-27T16:01:12.192003+00:00,for-sale,gauteng,johannesburg-metro,johannesburg-south,alveda,695000.0
privateproperty,T5296237,https://www.privateproperty.co.za/for-sale/gauteng/johannesburg-metro/midrand/vorna-valley/villa-montego/24-langevelt-road/T5296237,2 Bedroom House in Vorna Valley,6910000.0,Vorna Valley,Midrand,Gauteng,House,2.0,2.0,2.0,,89.0,,1036.5,545.0,"2 Bedroom House in Vorna Valley, - villa montego, 24 langevelt road, Discover Your Dream Home in Villa Montego! Welcome to your new sanctuary! Nestled within the presti",7 Nov 2025,2026-03-27T16:01:08.625226+00:00,for-sale,gauteng,johannesburg-metro,midrand,vorna-valley,691000.0
privateproperty,T5144289,https://www.privateproperty.co.za/for-sale/gauteng/johannesburg-metro/soweto/diepkloof/3338-talanyane-crescent/T5144289,2 Bedroom House in Diepkloof,6903000.0,Diepkloof,Soweto,Gauteng,House,2.0,1.0,,,52.0,201.0,150.0,600.0,"2 Bedroom House in Diepkloof, 3338 talanyane crescent, Property for sale in Tanganani. NEW Development and bond costs INCLUDED. furniture is for display",8 Jul 2025,2026-03-27T16:01:05.084481+00:00,for-sale,gauteng,johannesburg-metro,soweto,diepkloof,690300.0
privateproperty,T5341515,https://www.privateproperty.co.za/for-sale/gauteng/johannesburg-metro/soweto/protea-glen/18-coconut-crescent/T5341515,2 Bedroom House in Protea Glen,6900000.0,Protea Glen,Soweto,Gauteng,House,2.0,1.0,3.0,,60.0,300.0,521.6666666666666,500.0,"2 Bedroom House in Protea Glen, 18 coconut crescent, Affordable 2-Bedroom Home in Protea Glen with Renovation Potential This inviting 2-bedroom, 1-bathr",4 Jan 2026,2026-03-27T16:01:01.589591+00:00,for-sale,gauteng,johannesburg-metro,soweto,protea-glen,690000.0
privateproperty,T5363588,https://www.privateproperty.co.za/for-sale/gauteng/johannesburg-metro/lenasia-to-ennerdale/lenasia/b22l-azara-street/T5363588,3 Bedroom House in Lenasia,6900000.0,Lenasia,Lenasia To Ennerdale,Gauteng,House,3.0,1.0,7.0,1.0,125.0,315.0,600.0,800.0,"3 Bedroom House in Lenasia, b22l azara street, Three Bedroom House for Sale in Lenasia Ext 13 NEAT THREE BEDROOM HOME | OPEN-PLAN LIVING | GARAGE",25 Jan 2026,2026-03-27T16:00:58.254604+00:00,for-sale,gauteng,johannesburg-metro,lenasia-to-ennerdale,lenasia,690000.0
privateproperty,T5392339,https://www.privateproperty.co.za/for-sale/gauteng/johannesburg-metro/johannesburg-south/kibler-park/75-route-82-security-complex/2-vereeniging-road/T5392339,2 Bedroom House in Kibler Park,6900000.0,Kibler Park,Johannesburg South,Gauteng,House,2.0,1.0,1.0,,48.0,56.0,1759.0,500.0,"2 Bedroom House in Kibler Park, 75 route 82 security complex, 2 vereeniging road, Modern 2 bedroom apartment for sale in Route 82 Kibler park, Security Estate. Offers comfortable liv",17 Feb 2026,2026-03-27T16:00:55.681772+00:00,for-sale,gauteng,johannesburg-metro,johannesburg-south,kibler-park,690000.0
privateproperty,T5408944,https://www.privateproperty.co.za/for-sale/gauteng/johannesburg-metro/johannesburg-south/mulbarton/7-ingwelala/13-vredenhof-road/T5408944,2 Bedroom House in Mulbarton,6900000.0,Mulbarton,Johannesburg South,Gauteng,House,2.0,1.0,1.0,,80.0,,1083.0,340.0,"2 Bedroom House in Mulbarton, 7 ingwelala, 13 vredenhof road, LOVE AT PURSE SIGHT! TWO BEDROOM GROUND FLOOR PET FRIENDLY TOWNHOUSE UP FOR GRABS! Consider these f",2 Mar 2026,2026-03-27T16:00:51.519619+00:00,for-sale,gauteng,johannesburg-metro,johannesburg-south,mulbarton,690000.0
privateproperty,T5436156,https://www.privateproperty.co.za/for-sale/gauteng/johannesburg-metro/sandton/broadacres/23-cara-bianca/2-rosewood/T5436156,1 Bedroom House in Broadacres,6900000.0,Broadacres,Sandton,Gauteng,House,1.0,1.0,,,55.0,,1521.0,631.0,"1 Bedroom House in Broadacres, 23 cara bianca, 2 rosewood, Discover the perfect blend of comfort and convenience in this charming one-bedroom apartment. Ideall",24 Mar 2026,2026-03-27T16:00:47.319312+00:00,for-sale,gauteng,johannesburg-metro,sandton,broadacres,690000.0
privateproperty,T5245897,https://www.privateproperty.co.za/for-sale/gauteng/johannesburg-metro/soweto/protea-glen/9876-circle-street/T5245897,2 Bedroom House in Protea Glen,6800000.0,Protea Glen,Soweto,Gauteng,House,1.0,1.0,8.0,,45.0,300.0,521.6666666666666,500.0,"2 Bedroom House in Protea Glen, 9876 circle street, 2 Bedroom House For Sale in Protea Glen Looking for a lovely place to call home in Protea Glen This",26 Sep 2025,2026-03-27T16:00:43.884081+00:00,for-sale,gauteng,johannesburg-metro,soweto,protea-glen,680000.0
privateproperty,T5363348,https://www.privateproperty.co.za/for-sale/gauteng/johannesburg-metro/soweto/soweto-central/23-masivuke-crescent/T5363348,2 Bedroom House in Soweto Central,6800000.0,Soweto Central,Soweto,Gauteng,House,2.0,1.5,2.0,,45.0,192.0,50.5,350.0,"2 Bedroom House in Soweto Central, 23 masivuke crescent, Secure Doornkop Home: Potential Awaits in Soweto This residential property in Doornkop, Soweto, off",24 Jan 2026,2026-03-27T16:00:41.093130+00:00,for-sale,gauteng,johannesburg-metro,soweto,soweto-central,680000.0
privateproperty,T5305768,https://www.privateproperty.co.za/for-sale/gauteng/johannesburg-metro/soweto/protea-glen/9801-pinnacle-crescent/T5305768,2 Bedroom House in Protea Glen,6799990.0,Protea Glen,Soweto,Gauteng,House,2.0,1.0,3.0,,104.0,250.0,521.6666666666666,400.0,"2 Bedroom House in Protea Glen, 9801 pinnacle crescent, Charming Protea Glen Home with Ample Parking and Modern Kitchen Nestled in the vibrant community of",15 Nov 2025,2026-03-27T16:00:37.844338+00:00,for-sale,gauteng,johannesburg-metro,soweto,protea-glen,679999.0
privateproperty,T5107724,https://www.privateproperty.co.za/for-sale/gauteng/johannesburg-metro/johannesburg-south/mondeor/15-fielding-crescent/T5107724,2 Bedroom House in Mondeor,6700000.0,Mondeor,Johannesburg South,Gauteng,House,2.0,1.0,2.0,1.0,74.0,,1530.0,400.0,"2 Bedroom House in Mondeor, 15 fielding crescent, This property offers a perfect blend of comfortable family living and investment potential. The addi",6 Jun 2025,2026-03-27T16:00:34.517000+00:00,for-sale,gauteng,johannesburg-metro,johannesburg-south,mondeor,670000.0
privateproperty,T5244763,https://www.privateproperty.co.za/for-sale/gauteng/johannesburg-metro/johannesburg-south/naturena/22-barclay-street/T5244763,2 Bedroom House in Naturena,6700000.0,Naturena,Johannesburg South,Gauteng,House,2.0,1.0,2.0,,220.0,220.0,1862.0,384.0,"2 Bedroom House in Naturena, 22 barclay street, 2 BEDROOM HOUSE FOR SALE IN NATURENA EXT 19 Welcome to this charming and affordable home located",26 Sep 2025,2026-03-27T16:00:31.943223+00:00,for-sale,gauteng,johannesburg-metro,johannesburg-south,naturena,670000.0
privateproperty,T5253151,https://www.privateproperty.co.za/for-sale/gauteng/johannesburg-metro/north-riding-to-lanseria/northgate/146-los-alamos/36-montrose-avenue/T5253151,2 Bedroom House in Northgate,6700000.0,Northgate,North Riding To Lanseria,Gauteng,House,2.0,2.0,1.0,,68.0,,1404.0,455.0,"2 Bedroom House in Northgate, 146 los alamos, 36 montrose avenue, Situated in the desirable Los Alamos complex, this beautifully updated 2-bedroom, 2-bathroom ground",3 Oct 2025,2026-03-27T16:00:29.290646+00:00,for-sale,gauteng,johannesburg-metro,north-riding-to-lanseria,northgate,670000.0
privateproperty,T5253810,https://www.privateproperty.co.za/for-sale/gauteng/johannesburg-metro/johannesburg-south/ridgeway/116-leopard-rock/11-hendrina-street/T5253810,3 Bedroom House in Ridgeway,6700000.0,Ridgeway,Johannesburg South,Gauteng,House,3.0,1.0,3.0,1.0,1.0,1.0,733.0,1775.0,"3 Bedroom House in Ridgeway, 116 leopard rock, 11 hendrina street, Welcome to this charming 3-bedroom home, perfect for families looking for comfort and convenience. S",4 Oct 2025,2026-03-27T16:00:25.372093+00:00,for-sale,gauteng,johannesburg-metro,johannesburg-south,ridgeway,670000.0
privateproperty,T5341618,https://www.privateproperty.co.za/for-sale/gauteng/johannesburg-metro/johannesburg-south/south-hills/33-kopane-street/T5341618,2 Bedroom House in South Hills,6700000.0,South Hills,Johannesburg South,Gauteng,House,2.0,1.0,2.0,,56.0,178.0,900.0,492.0,"2 Bedroom House in South Hills, 33 kopane street, This property presents an accessible opportunity for buyers looking to secure a home or investment w",5 Jan 2026,2026-03-27T16:00:22.805502+00:00,for-sale,gauteng,johannesburg-metro,johannesburg-south,south-hills,670000.0
privateproperty,T5374959,https://www.privateproperty.co.za/for-sale/gauteng/johannesburg-metro/johannesburg-south/south-hills/14nk-conebush-street/T5374959,2 Bedroom House in South Hills,6700000.0,South Hills,Johannesburg South,Gauteng,House,2.0,1.0,2.0,,41.0,161.0,900.0,900.0,"2 Bedroom House in South Hills, 14nk conebush street, SECURE ESTATE LIVING TWO BEDROOM HOME | PAVED DRIVEWAY SECURE ESTATE LIVING TWO BEDROOM HOME | PAVE",3 Feb 2026,2026-03-27T16:00:19.363527+00:00,for-sale,gauteng,johannesburg-metro,johannesburg-south,south-hills,670000.0
privateproperty,T5387480,https://www.privateproperty.co.za/for-sale/gauteng/johannesburg-metro/johannesburg-south/naturena/41-macdonald/T5387480,2 Bedroom House in Naturena,6700000.0,Naturena,Johannesburg South,Gauteng,House,2.0,1.0,,,220.0,220.0,1862.0,550.0,"2 Bedroom House in Naturena, 41 macdonald, Here is a current 2-bedroom house in Naturena, Johannesburg, Gauteng, South Africa including price",12 Feb 2026,2026-03-27T16:00:16.404063+00:00,for-sale,gauteng,johannesburg-metro,johannesburg-south,naturena,670000.0
privateproperty,T5393158,https://www.privateproperty.co.za/for-sale/gauteng/johannesburg-metro/midrand/noordwyk/b03-0001-phoenix-regent-2/19-riverside-road/T5393158,1 Bedroom House in Noordwyk,6690000.0,Noordwyk,Midrand,Gauteng,House,1.0,1.0,2.0,,50.0,2.0,932.0,834.0,"1 Bedroom House in Noordwyk, b03 - 0001 phoenix regent 2, 19 riverside road, This stunning, north-facing, sunny, ultra-modern 1-bedroom apartment in the exclusive, well-maintain",17 Feb 2026,2026-03-27T16:00:12.510906+00:00,for-sale,gauteng,johannesburg-metro,midrand,noordwyk,669000.0
privateproperty,T5408975,https://www.privateproperty.co.za/for-sale/gauteng/johannesburg-metro/midrand/noordwyk/c16-02-phoenix-view-estate/14-14th-road/T5408975,1 Bedroom House in Noordwyk,6690000.0,Noordwyk,Midrand,Gauteng,House,1.0,1.0,1.0,,50.0,2.0,1742.5,823.0,"1 Bedroom House in Noordwyk, c16 -02 phoenix view estate, 14 14th road, This charming ground-floor 1 bedroom, 1 bathroom unit in the sought-after Phoenix View Estate offers",2 Mar 2026,2026-03-27T16:00:09.257071+00:00,for-sale,gauteng,johannesburg-metro,midrand,noordwyk,669000.0
privateproperty,T4994426,https://www.privateproperty.co.za/for-sale/gauteng/johannesburg-metro/north-riding-to-lanseria/nooitgedacht/diepsloot/4572-mogwale-crescent/T4994426,2 Bedroom House in Diepsloot,6644000.0,Nooitgedacht,North Riding To Lanseria,Gauteng,House,2.0,1.0,,,52.0,179.0,965.4545454545455,600.0,"2 Bedroom House in Diepsloot, 4572 mogwale crescent, NEW Development ,property for sale in Tanganani. Attorney and bond costs INCLUDED. Centrally situ",7 Mar 2025,2026-03-27T15:59:53.370688+00:00,for-sale,gauteng,johannesburg-metro,north-riding-to-lanseria,nooitgedacht,664400.0
privateproperty,T5306619,https://www.privateproperty.co.za/for-sale/gauteng/johannesburg-metro/midrand/erand-gardens/199-ninth-on-lever/360-9th-road/T5306619,2 Bedroom House in Erand Gardens,6600000.0,Erand Gardens,Midrand,Gauteng,House,2.0,1.0,2.0,,63.0,,2000.0,444.0,"2 Bedroom House in Erand Gardens, 199 ninth on lever, 360 9th road, This trendy,stylish 2 bedroom with 1 bathroom offers practicality,style, comfort,convenience,space a",17 Nov 2025,2026-03-27T15:59:50.740713+00:00,for-sale,gauteng,johannesburg-metro,midrand,erand-gardens,660000.0
privateproperty,T5395863,https://www.privateproperty.co.za/for-sale/gauteng/johannesburg-metro/sandton/paulshof/00-ss-ashwood-manor/110-holkam-raod/T5395863,1 Bedroom House in Paulshof,6600000.0,Paulshof,Sandton,Gauteng,House,1.0,1.0,1.0,,45.0,,1497.0,537.0,"1 Bedroom House in Paulshof, ss ashwood manor, 110 holkam raod, Prime Investment Opportunity in Paulshof Move-In Ready! Situated in the sought-after suburb of Pau",19 Feb 2026,2026-03-27T15:59:46.521621+00:00,for-sale,gauteng,johannesburg-metro,sandton,paulshof,660000.0
privateproperty,T3065217,https://www.privateproperty.co.za/for-sale/gauteng/johannesburg-metro/north-riding-to-lanseria/noordhang/37-telford-court/25-boxer-street/T3065217,2 Bedroom House in Noordhang,6500000.0,Noordhang,North Riding To Lanseria,Gauteng,House,2.0,2.0,1.0,1.0,89.0,,1517.0,365.0,"2 Bedroom House in Noordhang, 37 telford court, 25 boxer street, ON SHOW BY APPOINTMENT ONLY - CONTACT AGENT TO BOOK YOUR TIME SLOT Welcome to this charming third-fl",4 May 2022,2026-03-27T15:59:43.201784+00:00,for-sale,gauteng,johannesburg-metro,north-riding-to-lanseria,noordhang,650000.0
privateproperty,T4820336,https://www.privateproperty.co.za/for-sale/gauteng/johannesburg-metro/soweto/protea-glen/93-igwayigwayi-street/T4820336,2 Bedroom House in Protea Glen,6500000.0,Protea Glen,Soweto,Gauteng,House,2.0,1.0,1.0,,,275.0,521.6666666666666,500.0,"2 Bedroom House in Protea Glen, 93 igwayigwayi street, 2BEDROOM HOUSE. WELL PRICED TO SELL. Introducing a solid investment property located at the heart",10 Oct 2024,2026-03-27T15:59:39.011840+00:00,for-sale,gauteng,johannesburg-metro,soweto,protea-glen,650000.0
privateproperty,T5163829,https://www.privateproperty.co.za/for-sale/gauteng/johannesburg-metro/soweto/diepkloof/116-makhura-drive/T5163829,2 Bedroom House in Diepkloof,6500000.0,Diepkloof,Soweto,Gauteng,House,2.0,1.0,,,53.0,189.0,150.0,449.0,"2 Bedroom House in Diepkloof, 116 makhura drive, Home sweet home ,this lovely property situated in the heart of Diepkloof Soweto, one of the the big",23 Jul 2025,2026-03-27T15:59:35.411737+00:00,for-sale,gauteng,johannesburg-metro,soweto,diepkloof,650000.0
privateproperty,T5306077,https://www.privateproperty.co.za/for-sale/gauteng/johannesburg-metro/soweto/protea-glen/4-mango-street/T5306077,2 Bedroom House in Protea Glen,6500000.0,Protea Glen,Soweto,Gauteng,House,2.0,1.0,2.0,,50.0,300.0,521.6666666666666,524.0,"2 Bedroom House in Protea Glen, 4 mango street, Charming 2-Bedroom Home in Protea Glen, Soweto Discover this two-bedroom residential property locat",16 Nov 2025,2026-03-27T15:59:31.921678+00:00,for-sale,gauteng,johannesburg-metro,soweto,protea-glen,650000.0
privateproperty,T5313741,https://www.privateproperty.co.za/for-sale/gauteng/johannesburg-metro/midrand/ebony-park/ivory-park/62-basambilu-circle/T5313741,7 Bedroom House in Ivory Park,6500000.0,Ebony Park,Midrand,Gauteng,House,7.0,2.0,2.0,,111.0,200.0,2359.2147395833335,400.0,"7 Bedroom House in Ivory Park, 62 basambilu circle, Ivory Park Home: Renovation Opportunity with Potential Discover this residential property in Ivory",22 Nov 2025,2026-03-27T15:59:29.112182+00:00,for-sale,gauteng,johannesburg-metro,midrand,ebony-park,650000.0
privateproperty,T5374452,https://www.privateproperty.co.za/for-sale/gauteng/johannesburg-metro/soweto/pimville/klipspruit/64mm2-nightgale-crescent/T5374452,2 Bedroom House in Klipspruit,6500000.0,Pimville,Soweto,Gauteng,House,2.0,1.0,1.0,1.0,103.0,150.0,560.0,400.0,"2 Bedroom House in Klipspruit, 64mm2 nightgale crescent, CHARMING TWO BEDROOM HOME | FACE BRICK EXTERIOR | FIBRE CONNECTIVITY CHARMING TWO BEDROOM HOME | FA",3 Feb 2026,2026-03-27T15:59:25.098302+00:00,for-sale,gauteng,johannesburg-metro,soweto,pimville,650000.0
privateproperty,T5375870,https://www.privateproperty.co.za/for-sale/gauteng/johannesburg-metro/johannesburg-south/kibler-park/129-route-82-securityu-coplax/3-vereenegen-roud/T5375870,2 Bedroom House in Kibler Park,6500000.0,Kibler Park,Johannesburg South,Gauteng,House,2.0,1.0,1.0,,53.0,56.0,1860.0,596.0,"2 Bedroom House in Kibler Park, 129 route 82 securityu coplax, 3 vereenegen roud, Neat 2bedroom 2nd flour unit in the kibler park. The unit is situated with a well maintained complex",4 Feb 2026,2026-03-27T15:59:21.177665+00:00,for-sale,gauteng,johannesburg-metro,johannesburg-south,kibler-park,650000.0
privateproperty,T5422764,https://www.privateproperty.co.za/for-sale/gauteng/johannesburg-metro/johannesburg-south/mondeor/15-lattergulf-stre/T5422764,2 Bedroom House in Mondeor,6500000.0,Mondeor,Johannesburg South,Gauteng,House,1.0,1.0,4.0,2.0,,600.0,1530.0,560.0,"2 Bedroom House in Mondeor, 15 lattergulf stre, Charming 2-Bedroom Mondeor Home with Communal Pool and Parking Discover this inviting 2-bedroom, 1-",12 Mar 2026,2026-03-27T15:59:17.084045+00:00,for-sale,gauteng,johannesburg-metro,johannesburg-south,mondeor,650000.0
privateproperty,T5225792,https://www.privateproperty.co.za/for-sale/gauteng/johannesburg-metro/lenasia-to-ennerdale/ennerdale/52-apollo-crescent/T5225792,3 Bedroom House in Ennerdale,6499990.0,Ennerdale,Lenasia To Ennerdale,Gauteng,House,3.0,1.0,5.0,1.0,328.0,325.0,397.72727272727275,560.0,"3 Bedroom House in Ennerdale, 52 apollo crescent, Situated in Ennerdale this home features a newly renovated Kithen Cozy home for a growing family or",10 Sep 2025,2026-03-27T15:59:13.923017+00:00,for-sale,gauteng,johannesburg-metro,lenasia-to-ennerdale,ennerdale,649999.0
privateproperty,T5291794,https://www.privateproperty.co.za/for-sale/gauteng/johannesburg-metro/soweto/eldorado-park/4-sneeuberg-street/T5291794,3 Bedroom House in Eldorado Park,6499990.0,Eldorado Park,Soweto,Gauteng,House,1.0,1.0,2.0,2.0,135.0,343.0,461.18666666666667,553.0,"3 Bedroom House in Eldorado Park, 4 sneeuberg street, This 3-bedroom home in Eldorado Park is a straightforward, functional property suited to a family th",4 Nov 2025,2026-03-27T15:59:10.899553+00:00,for-sale,gauteng,johannesburg-metro,soweto,eldorado-park,649999.0
privateproperty,T4808756,https://www.privateproperty.co.za/for-sale/gauteng/johannesburg-metro/johannesburg-south/rosettenville/36-rose-street/T4808756,4 Bedroom House in Rosettenville,6490000.0,Rosettenville,Johannesburg South,Gauteng,House,4.0,4.0,1.0,1.0,87.0,208.0,400.0,509.0,"4 Bedroom House in Rosettenville, 36 rose street, This property was made for keen investors, if you looking for investment you have just found your",2 Oct 2024,2026-03-27T15:59:07.342896+00:00,for-sale,gauteng,johannesburg-metro,johannesburg-south,rosettenville,649000.0
privateproperty,T5171171,https://www.privateproperty.co.za/for-sale/gauteng/johannesburg-metro/soweto/devland/nbl02-ace-street/T5171171,2 Bedroom House in Devland,6490000.0,Devland,Soweto,Gauteng,House,2.0,1.0,,,140.0,156.0,461.18666666666667,250.0,"2 Bedroom House in Devland, nbl02 ace street, INCOME GENERATING TWO BEDROOM HOME | THREE OUTSIDE ROOMS | GREAT LOCATION IN DEVLAND INCOME GENERAT",29 Jul 2025,2026-03-27T15:59:04.542108+00:00,for-sale,gauteng,johannesburg-metro,soweto,devland,649000.0
privateproperty,T5268283,https://www.privateproperty.co.za/for-sale/gauteng/johannesburg-metro/lenasia-to-ennerdale/lenasia-south/33-mt-blanc/T5268283,3 Bedroom House in Lenasia South,6490000.0,Lenasia South,Lenasia To Ennerdale,Gauteng,House,3.0,1.0,2.0,,,465.0,150.0,385.0,"3 Bedroom House in Lenasia South, 33 mt blanc, Step into this beautifully maintained 3-bedroom home, designed for comfort, convenience, and opportu",15 Oct 2025,2026-03-27T15:59:01.955901+00:00,for-sale,gauteng,johannesburg-metro,lenasia-to-ennerdale,lenasia-south,649000.0
privateproperty,T5424332,https://www.privateproperty.co.za/for-sale/gauteng/johannesburg-metro/lenasia-to-ennerdale/ennerdale/b27l-engene-street/T5424332,3 Bedroom House in Ennerdale,6490000.0,Ennerdale,Lenasia To Ennerdale,Gauteng,House,3.0,1.0,12.0,3.0,85.0,572.0,397.72727272727275,800.0,"3 Bedroom House in Ennerdale, b27l engene street, Three Bedroom Face Brick Home For Sale In Mid-Ennerdale SPACIOUS THREE BEDROOM FACE BRICK HOME | SO",13 Mar 2026,2026-03-27T15:58:57.855280+00:00,for-sale,gauteng,johannesburg-metro,lenasia-to-ennerdale,ennerdale,649000.0
privateproperty,T5430773,https://www.privateproperty.co.za/for-sale/gauteng/johannesburg-metro/randburg/ferndale/13-ss-royal-oaks/292-oak-avenue/T5430773,2 Bedroom House in Ferndale,6490000.0,Ferndale,Randburg,Gauteng,House,2.0,1.0,,,64.0,4.0,2114.0,286.0,"2 Bedroom House in Ferndale, 13 ss royal oaks, 292 oak avenue, If youre a first-time buyer or a young couple looking to get into the market at the right price, thi",19 Mar 2026,2026-03-27T15:58:53.806416+00:00,for-sale,gauteng,johannesburg-metro,randburg,ferndale,649000.0
privateproperty,T5426611,https://www.privateproperty.co.za/for-sale/gauteng/johannesburg-metro/soweto/naledi/b28l-point-street/T5426611,2 Bedroom House in Naledi,6300000.0,Naledi,Soweto,Gauteng,House,2.0,1.0,6.0,,55.0,299.0,461.18666666666667,500.0,"2 Bedroom House in Naledi, b28l point street, Two Bedroom With Two Outside Rooms For Sale In Naledi Soweto NEAT TWO BEDROOM HOME | BACK ROOMS | M",17 Mar 2026,2026-03-27T15:58:50.261150+00:00,for-sale,gauteng,johannesburg-metro,soweto,naledi,630000.0
privateproperty,T5095165,https://www.privateproperty.co.za/for-sale/gauteng/johannesburg-metro/soweto/diepkloof/4621-kgogotsadi-crescent/T5095165,2 Bedroom House in Diepkloof,6294000.0,Diepkloof,Soweto,Gauteng,House,2.0,1.0,,,45.0,179.0,150.0,600.0,"2 Bedroom House in Diepkloof, 4621 kgogotsadi crescent, NEW Property for sale in Tanganani. Attorney and bond costs INCLUDED . Ideally situated on Winnie",29 May 2025,2026-03-27T15:58:45.992345+00:00,for-sale,gauteng,johannesburg-metro,soweto,diepkloof,629400.0
privateproperty,T5401626,https://www.privateproperty.co.za/for-sale/gauteng/johannesburg-metro/lenasia-to-ennerdale/ennerdale/bext5l-downtown-street/T5401626,3 Bedroom House in Ennerdale,6290000.0,Ennerdale,Lenasia To Ennerdale,Gauteng,House,3.0,2.0,6.0,1.0,92.0,317.0,397.72727272727275,800.0,"3 Bedroom House in Ennerdale, bext5l downtown street, Three Bedroom House For Sale Ennerdale Ext 5 MODERN THREE BEDROOM HOME | ENSUITE | FULLY PAVED | G",24 Feb 2026,2026-03-27T15:58:41.867971+00:00,for-sale,gauteng,johannesburg-metro,lenasia-to-ennerdale,ennerdale,629000.0
privateproperty,T3659996,https://www.privateproperty.co.za/for-sale/gauteng/johannesburg-metro/lenasia-to-ennerdale/lenasia-south/0014-hindu-kush-place/T3659996,3 Bedroom House in Lenasia South,6250000.0,Lenasia South,Lenasia To Ennerdale,Gauteng,House,3.0,1.5,3.0,3.0,,420.0,150.0,386.0,"3 Bedroom House in Lenasia South, 14 hindu kush place, This 3-bedroom property is situated in the suburb of Lenasia south in Johannesburg. The house boast",11 Feb 2026,2026-03-27T15:58:38.681239+00:00,for-sale,gauteng,johannesburg-metro,lenasia-to-ennerdale,lenasia-south,625000.0
privateproperty,T5069164,https://www.privateproperty.co.za/for-sale/gauteng/johannesburg-metro/soweto/diepkloof/1-eteza-turn/T5069164,2 Bedroom House in Diepkloof,6200000.0,Diepkloof,Soweto,Gauteng,House,2.0,1.0,,,50.0,255.0,150.0,455.0,"2 Bedroom House in Diepkloof, 1 eteza turn, Affordable 2 bedroom Home in Diepkloof Zone 1 This home offers a comfortable and spacious space for",8 May 2025,2026-03-27T15:58:34.968512+00:00,for-sale,gauteng,johannesburg-metro,soweto,diepkloof,620000.0
privateproperty,T5108441,https://www.privateproperty.co.za/for-sale/gauteng/johannesburg-metro/soweto/eldorado-park/16-harvard-road/T5108441,3 Bedroom House in Eldorado Park,6200000.0,Eldorado Park,Soweto,Gauteng,House,3.0,1.0,,,70.0,309.0,461.18666666666667,200.0,"3 Bedroom House in Eldorado Park, 16 harvard road, Welcome to the 3 Bedroom Home thats walking distance to reputable Schools, Religious institutions of",9 Jun 2025,2026-03-27T15:58:31.873576+00:00,for-sale,gauteng,johannesburg-metro,soweto,eldorado-park,620000.0
privateproperty,T5106841,https://www.privateproperty.co.za/for-sale/gauteng/johannesburg-metro/north-riding-to-lanseria/jackal-creek-northriding/jackal-creek-golf-estate/jackal-creek-gold-estate/79-pebble-beach/T5106841,1 Bedroom House in Jackal Creek Golf Estate,6100000.0,Jackal Creek Northriding,North Riding To Lanseria,Gauteng,House,1.0,1.0,1.0,,59.0,,2300.0,480.0,"1 Bedroom House in Jackal Creek Golf Estate, jackal creek gold estate, 79 pebble beach, Modern Spacious ground floor Apartment in Augusta Ground Floor, 1 Bedroom, 1 Bathroom at Augusta E",6 Jun 2025,2026-03-27T15:58:28.742991+00:00,for-sale,gauteng,johannesburg-metro,north-riding-to-lanseria,jackal-creek-northriding,610000.0
privateproperty,T4185488,https://www.privateproperty.co.za/for-sale/gauteng/johannesburg-metro/north-riding-to-lanseria/north-riding/north-riding-ah/70-grand-rapids-complex/476-felstead-road/T4185488,2 Bedroom House in North Riding AH,6100000.0,North Riding,North Riding To Lanseria,Gauteng,House,2.0,2.0,1.0,,75.0,,1401.0,343.0,"2 Bedroom House in North Riding AH, 70 grand rapids complex, 476 felstead road, Lovely 2 bed 2 bath 1st floor apartment in 70 Grand Rapids Complex on 476 Felstead Road North Riding",10 Jun 2025,2026-03-27T15:58:24.674467+00:00,for-sale,gauteng,johannesburg-metro,north-riding-to-lanseria,north-riding,610000.0
privateproperty,T5263811,https://www.privateproperty.co.za/for-sale/gauteng/johannesburg-metro/northcliff/westbury/167-ruben-avenue/T5263811,3 Bedroom House in Westbury,6000000.0,Westbury,Northcliff,Gauteng,House,3.0,2.0,1.0,1.0,188.0,188.0,2189.946808510638,1320.0,"3 Bedroom House in Westbury, 167 ruben avenue, Spacious Corner Stand Home in Westbury Secure and Well-Maintained This well-positioned corner stan",13 Oct 2025,2026-03-27T15:58:21.596542+00:00,for-sale,gauteng,johannesburg-metro,northcliff,westbury,600000.0
privateproperty,T5202039,https://www.privateproperty.co.za/for-sale/gauteng/johannesburg-metro/northcliff/brixton/jan-hofmeyer/12-suikerbos-street/T5202039,2 Bedroom House in Jan Hofmeyer,5999990.0,Brixton,Northcliff,Gauteng,House,2.0,1.0,4.0,,,297.0,2189.946808510638,470.0,"2 Bedroom House in Jan Hofmeyer, 12 suikerbos street, 2 Bedroom House Negotiating offers from R 599 999 Seller Asking R 950 000 Centrally located in Job",22 Aug 2025,2026-03-27T15:58:18.080592+00:00,for-sale,gauteng,johannesburg-metro,northcliff,brixton,599999.0
privateproperty,T4677890,https://www.privateproperty.co.za/for-sale/gauteng/johannesburg-metro/randburg/ferndale/2-montego/431-cork-avenue/T4677890,2 Bedroom House in Ferndale,5999990.0,Ferndale,Randburg,Gauteng,House,2.0,1.0,,,68.0,,2373.0,198.0,"2 Bedroom House in Ferndale, 2 montego, 431 cork avenue, Priced To Sell!Regretfully: NO PETSExperience tranquillity and spaciousness at Montego Complex, wher",14 Nov 2025,2026-03-27T15:58:14.455242+00:00,for-sale,gauteng,johannesburg-metro,randburg,ferndale,599999.0
privateproperty,T5338106,https://www.privateproperty.co.za/for-sale/gauteng/johannesburg-metro/randburg/ferndale/23-zianetta/344-kent/T5338106,2 Bedroom House in Ferndale,5999990.0,Ferndale,Randburg,Gauteng,House,2.0,1.0,1.0,,84.0,84.0,1394.0,239.0,"2 Bedroom House in Ferndale, 23 zianetta, 344 kent, Spacious Living in Secure Complex. Forget cramped apartment living. This massive 2-bedroom sanctua",19 Dec 2025,2026-03-27T15:58:10.525255+00:00,for-sale,gauteng,johannesburg-metro,randburg,ferndale,599999.0
privateproperty,T5252216,https://www.privateproperty.co.za/for-sale/gauteng/johannesburg-metro/johannesburg-south/kibler-park/284-route-82/1-tamboti/T5252216,2 Bedroom House in Kibler Park,5700000.0,Kibler Park,Johannesburg South,Gauteng,House,2.0,1.0,1.0,,42.0,42.0,1814.5,1638.0,"2 Bedroom House in Kibler Park, 284 route 82, 1 tamboti, 2bed room apartment for sale in kibler park this 2bedroom aprtment has open plan kitchen and lounge",2 Oct 2025,2026-03-27T15:58:07.726902+00:00,for-sale,gauteng,johannesburg-metro,johannesburg-south,kibler-park,570000.0
privateproperty,T5379887,https://www.privateproperty.co.za/for-sale/gauteng/johannesburg-metro/randburg/ferndale/17-silver-oaks/296-oak-avenue/T5379887,2 Bedroom House in Ferndale,5700000.0,Ferndale,Randburg,Gauteng,House,1.0,1.0,1.0,,62.0,978.0,2300.0,343.0,"2 Bedroom House in Ferndale, 17 silver oaks, 296 oak avenue, Welcome to this bright and modern 2-bedroom upstairs corner apartment, perfectly designed for comfor",6 Feb 2026,2026-03-27T15:58:03.996475+00:00,for-sale,gauteng,johannesburg-metro,randburg,ferndale,570000.0
privateproperty,T5112830,https://www.privateproperty.co.za/for-sale/gauteng/johannesburg-metro/sandton/morningside/13-nerina/3-east-road/T5112830,1 Bedroom House in Morningside,5600000.0,Morningside,Sandton,Gauteng,House,1.0,1.0,1.0,,41.0,,900.0,350.0,"1 Bedroom House in Morningside, 13 nerina, 3 east road, - One laminated bedroomliving area that opens onto a Juliet balcony. - Tiled kitchen featuring a Cae",11 Jun 2025,2026-03-27T15:58:00.453113+00:00,for-sale,gauteng,johannesburg-metro,sandton,morningside,560000.0
privateproperty,T5433412,https://www.privateproperty.co.za/for-sale/gauteng/johannesburg-metro/lenasia-to-ennerdale/ennerdale/b28l-zirconium-street/T5433412,3 Bedroom House in Ennerdale,5600000.0,Ennerdale,Lenasia To Ennerdale,Gauteng,House,3.0,2.0,3.0,1.0,85.0,350.0,397.72727272727275,700.0,"3 Bedroom House in Ennerdale, b28l zirconium street, Three Bedroom House For Sale In Ennerdale 3 BEDROOM FAMILY HOME | SPACIOUS STAND | GREAT VALUE Enne",23 Mar 2026,2026-03-27T15:57:56.344122+00:00,for-sale,gauteng,johannesburg-metro,lenasia-to-ennerdale,ennerdale,560000.0
privateproperty,T3939399,https://www.privateproperty.co.za/for-sale/gauteng/johannesburg-metro/north-riding-to-lanseria/noordhang/184-ss-canvas-eighty2/924-witkoppen-road/T3939399,2 Bedroom House in Noordhang,5500000.0,Noordhang,North Riding To Lanseria,Gauteng,House,2.0,1.0,1.0,,60.0,,900.0,400.0,"2 Bedroom House in Noordhang, 184 ss canvas eighty2, 924 witkoppen road, A very neat 2 fitted bedrooms house is for sale in a secured estate in Oasis Palms, Randfontein, w",30 Sep 2025,2026-03-27T15:57:52.278774+00:00,for-sale,gauteng,johannesburg-metro,north-riding-to-lanseria,noordhang,550000.0
privateproperty,T5334656,https://www.privateproperty.co.za/for-sale/gauteng/johannesburg-metro/northcliff/riverlea/bl123-south-street/T5334656,2 Bedroom House in Riverlea,5500000.0,Riverlea,Northcliff,Gauteng,House,2.0,1.0,6.0,1.0,79.0,228.0,2189.946808510638,800.0,"2 Bedroom House in Riverlea, bl#123 south street, SOLID FACE BRICK TWO BEDROOM HOME | RIVERLEA EXT 10 | ROOM TO GROW SOLID FACE BRICK TWO BEDROOM HOM",14 Dec 2025,2026-03-27T15:57:48.535309+00:00,for-sale,gauteng,johannesburg-metro,northcliff,riverlea,550000.0
privateproperty,T5289395,https://www.privateproperty.co.za/for-sale/gauteng/johannesburg-metro/north-riding-to-lanseria/northgate/39-los-alamos/170-montrose-avenue/T5289395,2 Bedroom House in Northgate,5400000.0,Northgate,North Riding To Lanseria,Gauteng,House,2.0,1.0,2.0,,61.0,,1955.0,441.0,"2 Bedroom House in Northgate, 39 los alamos, 170 montrose avenue, Spacious 2-Bedroom and 1 bath Apartment in Secure Northgate Estate This well-appointed apartment of",3 Nov 2025,2026-03-27T15:57:45.596060+00:00,for-sale,gauteng,johannesburg-metro,north-riding-to-lanseria,northgate,540000.0
privateproperty,T5316812,https://www.privateproperty.co.za/for-sale/gauteng/johannesburg-metro/midrand/riverside-view/155-ss-heronsriverside/36-porcupine-park-avenue/T5316812,2 Bedroom House in Riverside View,5300000.0,Riverside View,Midrand,Gauteng,House,2.0,1.0,1.0,,41.0,,1644.0,358.0,"2 Bedroom House in Riverside View, 155 ss herons@riverside, 36 porcupine park avenue, Charming Two Bedroom One Bathroom Home for Sale in Riverside View, Midrand Situated in the vibrant",25 Nov 2025,2026-03-27T15:57:42.391996+00:00,for-sale,gauteng,johannesburg-metro,midrand,riverside-view,530000.0
privateproperty,T5382745,https://www.privateproperty.co.za/for-sale/gauteng/johannesburg-metro/north-riding-to-lanseria/sundowner/123-the-bridles/778-douglas-crescent/T5382745,1 Bedroom House in Sundowner,5300000.0,Sundowner,North Riding To Lanseria,Gauteng,House,1.0,1.0,2.0,,56.0,,1011.0,140.0,"1 Bedroom House in Sundowner, 123 the bridles, 778 douglas crescent, Charming 1 Bedroom and 1 bathroom Apartment for Sale at The Bridles Complex, Sundowner, Randburg. D",10 Feb 2026,2026-03-27T15:57:38.140514+00:00,for-sale,gauteng,johannesburg-metro,north-riding-to-lanseria,sundowner,530000.0
privateproperty,T5100786,https://www.privateproperty.co.za/for-sale/gauteng/johannesburg-metro/lenasia-to-ennerdale/ennerdale/19-jadeite-crescent/T5100786,3 Bedroom House in Ennerdale,5200000.0,Ennerdale,Lenasia To Ennerdale,Gauteng,House,1.0,1.0,,,70.0,250.0,397.72727272727275,200.0,"3 Bedroom House in Ennerdale, 19 jadeite crescent, Situated just off 1st Agaat. Awesome neighborhood situated within walking distance to all schools, r",3 Jun 2025,2026-03-27T15:57:34.641310+00:00,for-sale,gauteng,johannesburg-metro,lenasia-to-ennerdale,ennerdale,520000.0
privateproperty,T5347434,https://www.privateproperty.co.za/for-sale/gauteng/johannesburg-metro/johannesburg-south/elandspark/55-jackson-cove/14a-reedbuck-road/T5347434,2 Bedroom House in Elandspark,5000000.0,Elandspark,Johannesburg South,Gauteng,House,2.0,1.0,2.0,,53.0,,1170.0,494.0,"2 Bedroom House in Elandspark, 55 jackson cove, 14a reedbuck road, Jacksons Cove is a modern, secure residential development offering affordable 2-bedroom, 1-bathroom",12 Jan 2026,2026-03-27T15:57:18.755185+00:00,for-sale,gauteng,johannesburg-metro,johannesburg-south,elandspark,500000.0
privateproperty,T5440101,https://www.privateproperty.co.za/for-sale/gauteng/johannesburg-metro/randburg/ferndale/187-brushwood/505-west-avenue/T5440101,1 Bedroom House in Ferndale,4790000.0,Ferndale,Randburg,Gauteng,House,1.0,1.0,2.0,,33.0,2.0,900.0,393.0,"1 Bedroom House in Ferndale, 187 brushwood, 505 west avenue, Step into a beautifully designed bachelorstudio apartment that perfectly blends comfort, style, and",27 Mar 2026,2026-03-27T15:57:14.770366+00:00,for-sale,gauteng,johannesburg-metro,randburg,ferndale,479000.0
privateproperty,T5204206,https://www.privateproperty.co.za/for-sale/gauteng/johannesburg-metro/randburg/windsor-west/6-rosdin/20-alexander-street/T5204206,2 Bedroom House in Windsor West,4750000.0,Windsor West,Randburg,Gauteng,House,2.0,2.0,1.0,1.0,92.0,988.0,960.0,471.0,"2 Bedroom House in Windsor West, 6 rosdin, 20 alexander street, 2 bedroom. 1,5 bathrooms. Large open plan lounge/ diningroom & kitchen. Lock up Hollywood garage. Ve",25 Aug 2025,2026-03-27T15:57:10.591947+00:00,for-sale,gauteng,johannesburg-metro,randburg,windsor-west,475000.0
privateproperty,T5419782,https://www.privateproperty.co.za/for-sale/gauteng/johannesburg-metro/north-riding-to-lanseria/sharonlea/56-royal-palms/673-suikerbossie/T5419782,1 Bedroom House in Sharonlea,4700000.0,Sharonlea,North Riding To Lanseria,Gauteng,House,1.0,1.0,1.0,,38.0,,1023.0,547.0,"1 Bedroom House in Sharonlea, 56 royal palms, 673 suikerbossie, 1 bedroom and 1 bathroom apartment on the top floor featuring an open-plan kitchen leading into a l",11 Mar 2026,2026-03-27T15:57:08.011997+00:00,for-sale,gauteng,johannesburg-metro,north-riding-to-lanseria,sharonlea,470000.0
privateproperty,T5432545,https://www.privateproperty.co.za/for-sale/gauteng/johannesburg-metro/randburg/ferndale/103-cypress/456-cypress-avenue/T5432545,1 Bedroom House in Ferndale,4600000.0,Ferndale,Randburg,Gauteng,House,1.0,1.0,1.0,,34.0,,1829.0,167.0,"1 Bedroom House in Ferndale, 103 cypress, 456 cypress avenue, 1 bedroom apartment for sale at Cypress Complex in Ferndale. This studio apartment is situated in t",20 Mar 2026,2026-03-27T15:57:05.325882+00:00,for-sale,gauteng,johannesburg-metro,randburg,ferndale,460000.0
privateproperty,T4887216,https://www.privateproperty.co.za/for-sale/gauteng/johannesburg-metro/johannesburg-central/yeoville/5-ss-highlands-ridge/10-highlands-street/T4887216,2 Bedroom House in Yeoville,4500000.0,Yeoville,Johannesburg Central,Gauteng,House,2.0,1.5,2.0,,85.0,85.0,1335.0,307.0,"2 Bedroom House in Yeoville, 5 ss highlands ridge, 10 highlands street, UNDER OFFER This well-designed 2-bedroom duplex offers comfortable living with a spacious layout and",29 Nov 2024,2026-03-27T15:57:01.094073+00:00,for-sale,gauteng,johannesburg-metro,johannesburg-central,yeoville,450000.0
privateproperty,T5439180,https://www.privateproperty.co.za/for-sale/gauteng/johannesburg-metro/randburg/ferndale/randburg-central/108-rainy-hills/163-bram-fischer-drive/T5439180,2 Bedroom House in Randburg Central,4200000.0,Ferndale,Randburg,Gauteng,House,2.0,1.0,,,68.0,,2361.0,201.0,"2 Bedroom House in Randburg Central, 108 rainy hills, 163 bram fischer drive, This spacious 2-bedroom, 1-bathroom apartment in Rainy Hill, Randburg offers an exceptional opportun",26 Mar 2026,2026-03-27T15:56:57.684749+00:00,for-sale,gauteng,johannesburg-metro,randburg,ferndale,420000.0
privateproperty,T5298741,https://www.privateproperty.co.za/for-sale/gauteng/johannesburg-metro/randburg/ferndale/30-colorado/38-basil-street/T5298741,1 Bedroom House in Ferndale,4000000.0,Ferndale,Randburg,Gauteng,House,1.0,1.0,1.0,,49.0,,1736.0,350.0,"1 Bedroom House in Ferndale, 30 colorado, 38 basil street, Discover this neat and well-maintained 1-bedroom, 1-bathroom apartment located in the secure and pea",10 Nov 2025,2026-03-27T15:56:53.718764+00:00,for-sale,gauteng,johannesburg-metro,randburg,ferndale,400000.0
privateproperty,T5202419,https://www.privateproperty.co.za/for-sale/gauteng/johannesburg-metro/lenasia-to-ennerdale/lawley/5-dalmore-road/T5202419,3 Bedroom House in Lawley,3990000.0,Lawley,Lenasia To Ennerdale,Gauteng,House,3.0,2.0,2.0,,89.0,200.0,500.0,791.1851851851852,"3 Bedroom House in Lawley, 5 dalmore road, CUSTOM PLOT AND PLAN PACKAGES AVAILABLE IN ESTATE - 3 BEDROOM FREESTANDING HOMES Spacious Estate Li",22 Aug 2025,2026-03-27T15:56:49.597480+00:00,for-sale,gauteng,johannesburg-metro,lenasia-to-ennerdale,lawley,399000.0
privateproperty,T5202440,https://www.privateproperty.co.za/for-sale/gauteng/johannesburg-metro/lenasia-to-ennerdale/lawley/6-dalmore-road/T5202440,3 Bedroom House in Lawley,3990000.0,Lawley,Lenasia To Ennerdale,Gauteng,House,3.0,1.0,2.0,,73.0,200.0,500.0,791.1851851851852,"3 Bedroom House in Lawley, 6 dalmore road, CUSTOM PLOT AND PLAN PACKAGES AVAILABLE IN ESTATE - 3 BEDROOM FREESTANDING HOMES Spacious Estate Li",22 Aug 2025,2026-03-27T15:56:45.346127+00:00,for-sale,gauteng,johannesburg-metro,lenasia-to-ennerdale,lawley,399000.0
privateproperty,T5254900,https://www.privateproperty.co.za/for-sale/gauteng/johannesburg-metro/lenasia-to-ennerdale/lawley/6dt-dalmore/T5254900,3 Bedroom House in Lawley,3990000.0,Lawley,Lenasia To Ennerdale,Gauteng,House,3.0,2.0,,,73.0,200.0,500.0,791.1851851851852,"3 Bedroom House in Lawley, 6#dt dalmore, MAGNIFICENT NEW DEVELOPMENT FOR SALE | THREE BEDROOM PACKAGE AVAILABLE | VALUE FOR MONEY| FLEXIBLE P",6 Oct 2025,2026-03-27T15:56:41.534647+00:00,for-sale,gauteng,johannesburg-metro,lenasia-to-ennerdale,lawley,399000.0
privateproperty,T5431571,https://www.privateproperty.co.za/for-sale/gauteng/johannesburg-metro/north-riding-to-lanseria/nooitgedacht/diepsloot/1061-tlou-street/T5431571,2 Bedroom House in Diepsloot,3600000.0,Nooitgedacht,North Riding To Lanseria,Gauteng,House,2.0,1.0,,,,253.0,965.4545454545455,240.0,"2 Bedroom House in Diepsloot, 1061 tlou street, Modern 2-Bedroom Family Home in Diepsloot Great Value! Price: R360,000 Erf Size: 253 m² Discover",20 Mar 2026,2026-03-27T15:56:38.592507+00:00,for-sale,gauteng,johannesburg-metro,north-riding-to-lanseria,nooitgedacht,360000.0
privateproperty,T5225590,https://www.privateproperty.co.za/for-sale/gauteng/johannesburg-metro/north-riding-to-lanseria/lanseria-and-surrounds/bm69-sizwe-street/T5225590,4 Bedroom House in Lanseria and surrounds,3490000.0,Lanseria And Surrounds,North Riding To Lanseria,Gauteng,House,4.0,1.0,1.0,1.0,200.0,275.0,1940.6062460267005,300.0,"4 Bedroom House in Lanseria and surrounds, bm#69 sizwe street, A Corner RDP Home For Sale In Vlakfontein CORNER RDP HOME | BUSINESS OPPORTUNITY | EXTRA ROOMS | GR",10 Sep 2025,2026-03-27T15:56:34.607924+00:00,for-sale,gauteng,johannesburg-metro,north-riding-to-lanseria,lanseria-and-surrounds,349000.0
privateproperty,T5269460,https://www.privateproperty.co.za/for-sale/gauteng/johannesburg-metro/randburg/windsor-east/9-hill-manor/63-dukes-avenue/T5269460,0.5 Bedroom House in Windsor East,3171250.0,Windsor East,Randburg,Gauteng,House,0.5,1.0,1.0,,49.0,49.0,940.0,331.0,"0.5 Bedroom House in Windsor East, 9 hill manor, 63 dukes avenue, his bachelor unit will surprise with the space it has available. Great location, up the mountain, an",16 Oct 2025,2026-03-27T15:56:30.795055+00:00,for-sale,gauteng,johannesburg-metro,randburg,windsor-east,317125.0
privateproperty,T5159282,https://www.privateproperty.co.za/for-sale/gauteng/johannesburg-metro/johannesburg-south/rosettenville/2-calter-court/12-julius-street/T5159282,1 Bedroom House in Rosettenville,2990000.0,Rosettenville,Johannesburg South,Gauteng,House,1.0,1.0,1.0,1.0,58.0,812.0,400.0,300.0,"1 Bedroom House in Rosettenville, 2 calter court, 12 julius street, This charming 1-bedroom apartment is the perfect blend of comfort and functionality, ideal for those",20 Jul 2025,2026-03-27T15:56:26.972044+00:00,for-sale,gauteng,johannesburg-metro,johannesburg-south,rosettenville,299000.0
privateproperty,T5202408,https://www.privateproperty.co.za/for-sale/gauteng/johannesburg-metro/lenasia-to-ennerdale/lawley/4-dalmore-road/T5202408,2 Bedroom House in Lawley,2750000.0,Lawley,Lenasia To Ennerdale,Gauteng,House,2.0,1.0,2.0,,48.0,200.0,500.0,791.1851851851852,"2 Bedroom House in Lawley, 4 dalmore road, CUSTOM PLOT AND PLAN PACKAGES AVAILABLE IN ESTATE - 2 BEDROOM FREESTANDING HOMES Affordable Estate",22 Aug 2025,2026-03-27T15:56:24.250872+00:00,for-sale,gauteng,johannesburg-metro,lenasia-to-ennerdale,lawley,275000.0
privateproperty,T12195,https://www.privateproperty.co.za/for-sale/gauteng/johannesburg-metro/sandton/craigavon/craigavon-ah/T12195,5 Bedroom House in Craigavon AH,70000000.0,Craigavon,Sandton,Gauteng,House,5.0,5.0,5.0,2.0,,,2491.2,1300.0,"5 Bedroom House in Craigavon AH, Nestled in the leafy Craigavon AH, this masterpiece offers 4 bedrooms and 3 bathrooms of unparallele",13 Mar 2026,2026-03-27T15:56:17.247033+00:00,for-sale,gauteng,johannesburg-metro,sandton,craigavon,7000000.0
privateproperty,T4687771,https://www.privateproperty.co.za/for-sale/gauteng/johannesburg-metro/midrand/kyalami-ah/T4687771,4 Bedroom House in Kyalami AH,64000000.0,Kyalami Ah,Midrand,Gauteng,House,4.0,2.0,2.0,2.0,900.0,,3900.0,2908.0,"4 Bedroom House in Kyalami AH, If you''re seeking a spacious plot to develop into your equestrian dream, consider this property. Lo",26 Jun 2024,2026-03-27T15:56:13.829047+00:00,for-sale,gauteng,johannesburg-metro,midrand,kyalami-ah,6400000.0
privateproperty,T4497265,https://www.privateproperty.co.za/for-sale/gauteng/johannesburg-metro/johannesburg-south/aspen-hills/T4497265,5 Bedroom House in Aspen Hills,45990000.0,Aspen Hills,Johannesburg South,Gauteng,House,5.0,5.0,2.0,2.0,,,2800.0,2800.0,"5 Bedroom House in Aspen Hills, Welcome to your new home in the tranquil and secure Aspen Hills Nature Estate. This magnificent pro",21 Jan 2026,2026-03-27T15:56:10.774604+00:00,for-sale,gauteng,johannesburg-metro,johannesburg-south,aspen-hills,4599000.0
privateproperty,T3486415,https://www.privateproperty.co.za/for-sale/gauteng/johannesburg-metro/randburg/ferndale/T3486415,5 Bedroom House in Ferndale,39500000.0,Ferndale,Randburg,Gauteng,House,5.0,4.5,2.0,2.0,,1.0,1751.8,343.0,"5 Bedroom House in Ferndale, Magnificently appointed home on the border of Bryanston! This substantial property is undoubtedly th",27 Jan 2026,2026-03-27T15:56:06.322694+00:00,for-sale,gauteng,johannesburg-metro,randburg,ferndale,3950000.0
privateproperty,T5307214,https://www.privateproperty.co.za/for-sale/gauteng/johannesburg-metro/randburg/blairgowrie/T5307214,4 Bedroom House in Blairgowrie,39000000.0,Blairgowrie,Randburg,Gauteng,House,4.0,2.0,12.0,,,1.0,1801.9241935483872,1580.0,"4 Bedroom House in Blairgowrie, High Visibility with Income-Generating Cottages & Swim School Potential Perfectly positioned on the",17 Nov 2025,2026-03-27T15:56:03.017484+00:00,for-sale,gauteng,johannesburg-metro,randburg,blairgowrie,3900000.0
privateproperty,T4792485,https://www.privateproperty.co.za/for-sale/gauteng/johannesburg-metro/johannesburg-south/glenvista/T4792485,4 Bedroom House in Glenvista,26990000.0,Glenvista,Johannesburg South,Gauteng,House,4.0,3.0,3.0,3.0,,1.0,1253.2,2175.5,"4 Bedroom House in Glenvista, Dream Home Alert in Glenvista! Dream Home Alert in Glenvista! Discover the perfect blend of luxury",17 Sep 2024,2026-03-27T15:55:58.981539+00:00,for-sale,gauteng,johannesburg-metro,johannesburg-south,glenvista,2699000.0
privateproperty,T4983188,https://www.privateproperty.co.za/for-sale/gauteng/johannesburg-metro/midrand/kyalami-ah/T4983188,5 Bedroom House in Kyalami AH,240000000.0,Kyalami Ah,Midrand,Gauteng,House,5.0,5.0,5.0,3.0,824.0,,3900.0,2908.0,"5 Bedroom House in Kyalami AH, Kincardine Exclusive Lifestyle Country Estate encapsulates the best of both worlds a quiet, peacefu",28 Feb 2025,2026-03-27T15:55:54.793964+00:00,for-sale,gauteng,johannesburg-metro,midrand,kyalami-ah,24000000.0
privateproperty,T4936552,https://www.privateproperty.co.za/for-sale/gauteng/johannesburg-metro/midrand/blue-hills/blue-hills-equestrian-estate/T4936552,5 Bedroom House in Blue Hills Equestrian Estate,189000000.0,Blue Hills,Midrand,Gauteng,House,5.0,5.5,4.0,4.0,840.0,5.0,4300.0,5027.0,"5 Bedroom House in Blue Hills Equestrian Estate, Inviting buyers from R17,999,000 to R18,900,000. This immaculate modern 5-bedroom house for sale in",28 Jan 2025,2026-03-27T15:55:51.404852+00:00,for-sale,gauteng,johannesburg-metro,midrand,blue-hills,18900000.0
privateproperty,T4923906,https://www.privateproperty.co.za/for-sale/gauteng/johannesburg-metro/midrand/blue-hills/blue-hills-equestrian-estate/T4923906,5 Bedroom House in Blue Hills Equestrian Estate,184990000.0,Blue Hills,Midrand,Gauteng,House,5.0,5.5,4.0,4.0,980.0,5.0,4300.0,9733.0,"5 Bedroom House in Blue Hills Equestrian Estate, Serious seller inviting buyers from R16,500,000 to view and negotiate! Welcome to this breathtaking",19 Jan 2025,2026-03-27T15:55:47.432739+00:00,for-sale,gauteng,johannesburg-metro,midrand,blue-hills,18499000.0
privateproperty,T4131314,https://www.privateproperty.co.za/for-sale/gauteng/johannesburg-metro/midrand/kyalami/sun-valley/T4131314,9 Bedroom House in Sun Valley,160000000.0,Kyalami,Midrand,Gauteng,House,9.0,8.5,3.0,3.0,400.0,,1500.0,5000.0,"9 Bedroom House in Sun Valley, This 9,5ha property is ideally located close to many major show venues in the heart of the horsey co",14 Apr 2023,2026-03-27T15:55:44.800357+00:00,for-sale,gauteng,johannesburg-metro,midrand,kyalami,16000000.0
privateproperty,T5053740,https://www.privateproperty.co.za/for-sale/gauteng/johannesburg-metro/midrand/saddlebrook-estate/T5053740,7 Bedroom House in Saddlebrook Estate,152500000.0,Saddlebrook Estate,Midrand,Gauteng,House,7.0,4.5,3.0,3.0,,,7200.0,4500.0,"7 Bedroom House in Saddlebrook Estate, A winding driveway welcomes you to this country-style beauty nestled in a cul-de-sac in Saddlebrook,",24 Apr 2025,2026-03-27T15:55:40.543336+00:00,for-sale,gauteng,johannesburg-metro,midrand,saddlebrook-estate,15250000.0
privateproperty,T3732652,https://www.privateproperty.co.za/for-sale/gauteng/johannesburg-metro/midrand/blue-hills/blue-hills-equestrian-estate/T3732652,5 Bedroom House in Blue Hills Equestrian Estate,150000000.0,Blue Hills,Midrand,Gauteng,House,5.0,4.5,4.0,4.0,694.0,,4300.0,2500.0,"5 Bedroom House in Blue Hills Equestrian Estate, Situated on 10 000sqm of property is this stunning North facing house with the most stunning views.",30 May 2022,2026-03-27T15:55:37.827104+00:00,for-sale,gauteng,johannesburg-metro,midrand,blue-hills,15000000.0
privateproperty,T3963259,https://www.privateproperty.co.za/for-sale/gauteng/johannesburg-metro/midrand/blue-hills/blue-hills-equestrian-estate/T3963259,4 Bedroom House in Blue Hills Equestrian Estate,149990000.0,Blue Hills,Midrand,Gauteng,House,4.0,5.5,4.0,4.0,701.0,,5500.0,4500.0,"4 Bedroom House in Blue Hills Equestrian Estate, Inviting buyers to view and negotiate from R13,999,000. 4-bedroom modern house for sale in the soug",23 Nov 2022,2026-03-27T15:55:34.129368+00:00,for-sale,gauteng,johannesburg-metro,midrand,blue-hills,14999000.0
privateproperty,T5031438,https://www.privateproperty.co.za/for-sale/gauteng/johannesburg-metro/midrand/steyn-city/T5031438,5 Bedroom House in Steyn City,149950000.0,Steyn City,Midrand,Gauteng,House,5.0,5.0,4.0,4.0,430.0,1.0,5500.0,8269.0,"5 Bedroom House in Steyn City, Welcome to a Masterpiece of Luxury Living Nestled within an exclusive golf, lagoon, and nature esta",4 Apr 2025,2026-03-27T15:55:31.261983+00:00,for-sale,gauteng,johannesburg-metro,midrand,steyn-city,14995000.0
privateproperty,T4704658,https://www.privateproperty.co.za/for-sale/gauteng/johannesburg-metro/midrand/kyalami-ah/T4704658,5 Bedroom House in Kyalami AH,129990000.0,Kyalami Ah,Midrand,Gauteng,House,5.0,5.0,4.0,4.0,780.0,,3900.0,2908.0,"5 Bedroom House in Kyalami AH, Sole Mandate Inviting buyers to view and negotiate Looking for your dream family home Look no fur",10 Jul 2024,2026-03-27T15:55:27.432730+00:00,for-sale,gauteng,johannesburg-metro,midrand,kyalami-ah,12999000.0
privateproperty,T4126722,https://www.privateproperty.co.za/for-sale/gauteng/johannesburg-metro/midrand/saddlebrook-estate/T4126722,6 Bedroom House in Saddlebrook Estate,129990000.0,Saddlebrook Estate,Midrand,Gauteng,House,6.0,6.0,6.0,6.0,850.0,,7500.0,4500.0,"6 Bedroom House in Saddlebrook Estate, SOLE MANDATE Inviting buyers to view and negotiate from R12 199 000 Situated in the heart of the s",12 Mar 2026,2026-03-27T15:55:24.305003+00:00,for-sale,gauteng,johannesburg-metro,midrand,saddlebrook-estate,12999000.0
privateproperty,T5356887,https://www.privateproperty.co.za/for-sale/gauteng/johannesburg-metro/sandton/river-club/T5356887,7 Bedroom House in River Club,129500000.0,River Club,Sandton,Gauteng,House,7.0,8.0,13.0,3.0,1.0,1.0,5312.0,7890.0,"7 Bedroom House in River Club, Set within one of Sandtons most exclusive and secure enclaves, this master-crafted residence is a st",20 Jan 2026,2026-03-27T15:55:21.107574+00:00,for-sale,gauteng,johannesburg-metro,sandton,river-club,12950000.0
privateproperty,T5343897,https://www.privateproperty.co.za/for-sale/gauteng/johannesburg-metro/north-riding-to-lanseria/blair-atholl-estate/T5343897,6 Bedroom House in Blair Atholl Estate,117500000.0,Blair Atholl Estate,North Riding To Lanseria,Gauteng,House,6.0,7.0,2.0,2.0,1.0,3.0,15000.0,6000.0,"6 Bedroom House in Blair Atholl Estate, Timeless Elegance in South Africas Premier Golf and Equestrian Address Nestled within the esteemed",7 Jan 2026,2026-03-27T15:55:17.446982+00:00,for-sale,gauteng,johannesburg-metro,north-riding-to-lanseria,blair-atholl-estate,11750000.0
privateproperty,T4996518,https://www.privateproperty.co.za/for-sale/gauteng/johannesburg-metro/north-riding-to-lanseria/chartwell/T4996518,4 Bedroom House in Chartwell,116999900.0,Chartwell,North Riding To Lanseria,Gauteng,House,4.0,4.5,3.0,3.0,800.0,8.0,1938.0,2800.0,"4 Bedroom House in Chartwell, A bespoke architectural masterpiece designed by the owners for elegant entertaining and comfortable",10 Mar 2025,2026-03-27T15:55:14.193926+00:00,for-sale,gauteng,johannesburg-metro,north-riding-to-lanseria,chartwell,11699990.0
privateproperty,T4547735,https://www.privateproperty.co.za/for-sale/gauteng/johannesburg-metro/midrand/waterfall-estate/waterfall-country-estate/T4547735,4 Bedroom House in Waterfall Country Estate,115000000.0,Waterfall Estate,Midrand,Gauteng,House,4.0,4.5,3.0,3.0,800.0,1.0,5055.0,7663.0,"4 Bedroom House in Waterfall Country Estate, Nestled in a serene neighborhood of Waterfall Country Estate, this spacious abode boasts three gener",6 Mar 2024,2026-03-27T15:55:10.986863+00:00,for-sale,gauteng,johannesburg-metro,midrand,waterfall-estate,11500000.0
privateproperty,T5241291,https://www.privateproperty.co.za/for-sale/gauteng/johannesburg-metro/midrand/blue-hills/T5241291,5 Bedroom House in Blue Hills,110000000.0,Blue Hills,Midrand,Gauteng,House,5.0,3.5,2.0,2.0,356.0,,3314.0,1500.0,"5 Bedroom House in Blue Hills, This property holds excellent development potential, with the possibility to apply for rezoning to a",23 Sep 2025,2026-03-27T15:55:07.999394+00:00,for-sale,gauteng,johannesburg-metro,midrand,blue-hills,11000000.0
privateproperty,T3728161,https://www.privateproperty.co.za/for-sale/gauteng/johannesburg-metro/midrand/saddlebrook-estate/T3728161,3 Bedroom House in Saddlebrook Estate,79500000.0,Saddlebrook Estate,Midrand,Gauteng,House,3.0,2.5,3.0,3.0,461.0,,7200.0,4500.0,"3 Bedroom House in Saddlebrook Estate, Ornate front gates immediately give you a sense of what awaits you. Upon entering this home, you are",26 May 2022,2026-03-27T15:55:05.087950+00:00,for-sale,gauteng,johannesburg-metro,midrand,saddlebrook-estate,7950000.0
privateproperty,T5414016,https://www.privateproperty.co.za/for-sale/gauteng/johannesburg-metro/sandton/bryanston/T5414016,6 Bedroom House in Bryanston,76000000.0,Bryanston,Sandton,Gauteng,House,6.0,6.0,4.0,2.0,800.0,1.0,5156.928571428572,3261.0,"6 Bedroom House in Bryanston, Welcome to this spectacular home located in the sought-after Mount Street within the secure, boomed",5 Mar 2026,2026-03-27T15:55:02.421633+00:00,for-sale,gauteng,johannesburg-metro,sandton,bryanston,7600000.0
privateproperty,T4940696,https://www.privateproperty.co.za/for-sale/gauteng/johannesburg-metro/midrand/summerset/T4940696,5 Bedroom House in Summerset,75000000.0,Summerset,Midrand,Gauteng,House,5.0,5.5,2.0,2.0,672.2,897.0,2500.0,3200.0,"5 Bedroom House in Summerset, Inviting buyers to view & negotiate from R5 800 000 to R7 500 000 This 672.22m2 masterpiece is a ce",30 Jan 2025,2026-03-27T15:54:47.662378+00:00,for-sale,gauteng,johannesburg-metro,midrand,summerset,7500000.0
privateproperty,T5040787,https://www.privateproperty.co.za/for-sale/gauteng/johannesburg-metro/midrand/kyalami/sun-valley/T5040787,5 Bedroom House in Sun Valley,69999990.0,Kyalami,Midrand,Gauteng,House,2.0,5.0,2.0,2.0,656.0,,2860.0,3050.0,"5 Bedroom House in Sun Valley, Spacious, airy farmhouse with equestrian facilities, designed for easy family living and entertainin",11 Apr 2025,2026-03-27T15:54:44.386704+00:00,for-sale,gauteng,johannesburg-metro,midrand,kyalami,6999999.0
privateproperty,T4898006,https://www.privateproperty.co.za/for-sale/gauteng/johannesburg-metro/sandton/bryanston/T4898006,5 Bedroom House in Bryanston,69950000.0,Bryanston,Sandton,Gauteng,House,5.0,5.0,2.0,2.0,510.0,1.0,5700.0,3250.0,"5 Bedroom House in Bryanston, Situated in an upmarket and secure estate on Mandeville road, this cluster home is the epitome of sp",10 Dec 2024,2026-03-27T15:54:41.495029+00:00,for-sale,gauteng,johannesburg-metro,sandton,bryanston,6995000.0
privateproperty,T4644603,https://www.privateproperty.co.za/for-sale/gauteng/johannesburg-metro/bedfordview/bedfordview/T4644603,4 Bedroom House in Bedfordview,65000000.0,Bedfordview,Bedfordview,Gauteng,House,4.0,3.5,4.0,2.0,,2.0,3000.0,3110.0,"4 Bedroom House in Bedfordview, This spacious home is cloistered in a well-located boomed area of upper Bedfordview and has it all.",22 May 2024,2026-03-27T15:54:38.487494+00:00,for-sale,gauteng,johannesburg-metro,bedfordview,bedfordview,6500000.0
privateproperty,T5272260,https://www.privateproperty.co.za/for-sale/gauteng/johannesburg-metro/sandton/bryanston/T5272260,4 Bedroom House in Bryanston,63900000.0,Bryanston,Sandton,Gauteng,House,4.0,3.5,10.0,2.0,600.0,3.0,5156.928571428572,6152.0,"4 Bedroom House in Bryanston, Escape to Your Bryanston Oasis! Tucked away down a private panhandle in one of Bryanstons most excl",20 Oct 2025,2026-03-27T15:54:35.445056+00:00,for-sale,gauteng,johannesburg-metro,sandton,bryanston,6390000.0
privateproperty,T4587878,https://www.privateproperty.co.za/for-sale/gauteng/johannesburg-metro/midrand/kyalami/bridle-park-ah/T4587878,4 Bedroom House in Bridle Park AH,62000000.0,Kyalami,Midrand,Gauteng,House,4.0,3.5,2.0,2.0,800.0,,2850.0,5500.0,"4 Bedroom House in Bridle Park AH, SUN VALLEY | BRIDLE PARK A rare opportunity to own a beautifully designed home with two income-gene",8 Apr 2024,2026-03-27T15:54:31.988818+00:00,for-sale,gauteng,johannesburg-metro,midrand,kyalami,6200000.0
privateproperty,T4140759,https://www.privateproperty.co.za/for-sale/gauteng/johannesburg-metro/sandton/woodmead/T4140759,16 Bedroom House in Woodmead,60000000.0,Woodmead,Sandton,Gauteng,House,16.0,10.0,13.0,,660.0,4.0,3593.091126135769,2898.0,"16 Bedroom House in Woodmead, Income Generating Property! Welcome to this incredible income-generating property located in the pr",14 Feb 2025,2026-03-27T15:54:28.749086+00:00,for-sale,gauteng,johannesburg-metro,sandton,woodmead,6000000.0
privateproperty,T5306162,https://www.privateproperty.co.za/for-sale/gauteng/johannesburg-metro/northcliff/northcliff/T5306162,5 Bedroom House in Northcliff,59900000.0,Northcliff,Northcliff,Gauteng,House,5.0,5.0,10.0,3.0,578.0,1.0,3150.0,2486.0,"5 Bedroom House in Northcliff, Spacious home with cottage, office and breath-taking northern views This elegant family residence,",17 Nov 2025,2026-03-27T15:54:24.486346+00:00,for-sale,gauteng,johannesburg-metro,northcliff,northcliff,5990000.0
privateproperty,T5352808,https://www.privateproperty.co.za/for-sale/gauteng/johannesburg-metro/randburg/cedar-creek/T5352808,4 Bedroom House in Cedar Creek,59000000.0,Cedar Creek,Randburg,Gauteng,House,4.0,3.5,4.0,4.0,,1.0,2860.0,3605.0,"4 Bedroom House in Cedar Creek, We are proud to present this home on an exclusive mandate. Modern Family home with solar, study and",16 Jan 2026,2026-03-27T15:54:20.391486+00:00,for-sale,gauteng,johannesburg-metro,randburg,cedar-creek,5900000.0
privateproperty,T5404366,https://www.privateproperty.co.za/for-sale/gauteng/johannesburg-metro/northcliff/quellerina/T5404366,4 Bedroom House in Quellerina,56990000.0,Quellerina,Northcliff,Gauteng,House,2.0,3.0,3.0,3.0,637.0,1.0,3083.0,2900.0,"4 Bedroom House in Quellerina, Immaculate Family home with stunning views!!! This lovely triple storey home with 180 degrees pa",26 Feb 2026,2026-03-27T15:54:17.053843+00:00,for-sale,gauteng,johannesburg-metro,northcliff,quellerina,5699000.0
privateproperty,T5405290,https://www.privateproperty.co.za/for-sale/gauteng/johannesburg-metro/sandton/fourways/T5405290,5 Bedroom House in Fourways,56000000.0,Fourways,Sandton,Gauteng,House,5.0,5.5,3.0,3.0,,1.0,4859.0,6662.0,"5 Bedroom House in Fourways, This grand 5-bedroom residence in the exclusive Saranton Estate offers exceptional space, impressive",26 Feb 2026,2026-03-27T15:54:12.581958+00:00,for-sale,gauteng,johannesburg-metro,sandton,fourways,5600000.0
privateproperty,T5435846,https://www.privateproperty.co.za/for-sale/gauteng/johannesburg-metro/northcliff/greenside/T5435846,6 Bedroom House in Greenside,55000000.0,Greenside,Northcliff,Gauteng,House,6.0,3.0,6.0,2.0,,1.0,2189.946808510638,4690.0,"6 Bedroom House in Greenside, This stunning property in Greenside, Johannesburg, offers an extraordinary living experience with it",24 Mar 2026,2026-03-27T15:54:09.507956+00:00,for-sale,gauteng,johannesburg-metro,northcliff,greenside,5500000.0
privateproperty,T5036613,https://www.privateproperty.co.za/for-sale/gauteng/johannesburg-metro/midrand/kyalami/sun-valley/T5036613,4 Bedroom House in Sun Valley,54990000.0,Kyalami,Midrand,Gauteng,House,4.0,4.0,,,400.0,,2534.75,1688.0,"4 Bedroom House in Sun Valley, Four-bedroom house for sale in Sun ValleyBridle Park AH This property is located in the peaceful su",9 Apr 2025,2026-03-27T15:54:06.600450+00:00,for-sale,gauteng,johannesburg-metro,midrand,kyalami,5499000.0
privateproperty,T5389587,https://www.privateproperty.co.za/for-sale/gauteng/johannesburg-metro/sandton/fourways/fernbrook-estate/T5389587,5 Bedroom House in Fernbrook Estate,54500000.0,Fourways,Sandton,Gauteng,House,4.0,4.0,2.0,2.0,421.0,802.0,3224.0,3467.0,"5 Bedroom House in Fernbrook Estate, As you walk through the front door, you are welcomed by a grand yet inviting entrance that introduce",14 Feb 2026,2026-03-27T15:54:03.248053+00:00,for-sale,gauteng,johannesburg-metro,sandton,fourways,5450000.0
privateproperty,T4644618,https://www.privateproperty.co.za/for-sale/gauteng/johannesburg-metro/bedfordview/bedfordview/T4644618,4 Bedroom House in Bedfordview,50000000.0,Bedfordview,Bedfordview,Gauteng,House,4.0,4.5,2.0,2.0,,500.0,3000.0,3300.0,"4 Bedroom House in Bedfordview, This luxurious cluster is located in a 24-hour secured complex in the heart of Bedfordview. This bra",22 May 2024,2026-03-27T15:54:00.079247+00:00,for-sale,gauteng,johannesburg-metro,bedfordview,bedfordview,5000000.0
privateproperty,T4966649,https://www.privateproperty.co.za/for-sale/gauteng/johannesburg-metro/sandton/hurlingham/00-kildare-road/T4966649,3 Bedroom House in Hurlingham,49999990.0,Hurlingham,Sandton,Gauteng,House,2.0,3.0,8.0,4.0,500.0,1.0,3593.091126135769,6000.0,"3 Bedroom House in Hurlingham, kildare road, Design your forever home to your own style and tastes. Expansive 3-bedroom home, plus an additional",17 Feb 2025,2026-03-27T15:53:55.777068+00:00,for-sale,gauteng,johannesburg-metro,sandton,hurlingham,4999999.0
privateproperty,T5365449,https://www.privateproperty.co.za/for-sale/gauteng/johannesburg-metro/sandton/edenburg/T5365449,3 Bedroom House in Edenburg,49995000.0,Edenburg,Sandton,Gauteng,House,3.0,2.0,4.0,2.0,432.0,1.0,2550.0,2264.0,"3 Bedroom House in Edenburg, Set on an expansive 1,984m² stand with 432m² under roof, this impeccably designed residence offers r",27 Jan 2026,2026-03-27T15:53:53.164409+00:00,for-sale,gauteng,johannesburg-metro,sandton,edenburg,4999500.0
privateproperty,T4734385,https://www.privateproperty.co.za/for-sale/gauteng/johannesburg-metro/midrand/glenferness-ah/T4734385,3 Bedroom House in Glenferness AH,49990000.0,Glenferness Ah,Midrand,Gauteng,House,3.0,2.5,,,320.0,,2359.2147395833335,2600.0,"3 Bedroom House in Glenferness AH, If you are looking for a property with easy access to central roads, a prime location, and the poten",2 Aug 2024,2026-03-27T15:53:49.529898+00:00,for-sale,gauteng,johannesburg-metro,midrand,glenferness-ah,4999000.0
privateproperty,T4674588,https://www.privateproperty.co.za/for-sale/gauteng/johannesburg-metro/north-riding-to-lanseria/lanseria-and-surrounds/T4674588,2 Bedroom House in Lanseria and surrounds,48000000.0,Lanseria And Surrounds,North Riding To Lanseria,Gauteng,House,2.0,2.0,4.0,4.0,300.0,,1940.6062460267005,1500.0,"2 Bedroom House in Lanseria and surrounds, Nestled in the breathtaking Crocodile River Reserve, this extraordinary property offers an unparalle",14 Jun 2024,2026-03-27T15:53:45.748956+00:00,for-sale,gauteng,johannesburg-metro,north-riding-to-lanseria,lanseria-and-surrounds,4800000.0
privateproperty,T5414726,https://www.privateproperty.co.za/for-sale/gauteng/johannesburg-metro/sandton/petervale/klevehill-park/T5414726,4 Bedroom House in Klevehill Park,46500000.0,Petervale,Sandton,Gauteng,House,4.0,2.0,2.0,2.0,393.0,2.0,2000.0,2315.0,"4 Bedroom House in Klevehill Park, Tucked away in the sought-after boomed-off enclave of Kleve Hill Park just off Mount Street, this ex",6 Mar 2026,2026-03-27T15:53:42.397318+00:00,for-sale,gauteng,johannesburg-metro,sandton,petervale,4650000.0
privateproperty,T5235488,https://www.privateproperty.co.za/for-sale/gauteng/johannesburg-metro/randburg/cedar-lakes/T5235488,4 Bedroom House in Cedar Lakes,45000000.0,Cedar Lakes,Randburg,Gauteng,House,4.0,2.5,5.0,2.0,392.0,853.0,3670.0,2968.0,"4 Bedroom House in Cedar Lakes, New Listing... Absolute Gem. Versatility for your familys needs to use as a 3 or 4 bedroomed home! T",18 Sep 2025,2026-03-27T15:53:38.120830+00:00,for-sale,gauteng,johannesburg-metro,randburg,cedar-lakes,4500000.0
privateproperty,T5144412,https://www.privateproperty.co.za/for-sale/gauteng/johannesburg-metro/sandton/lonehill/T5144412,3 Bedroom House in Lonehill,44990000.0,Lonehill,Sandton,Gauteng,House,3.0,3.0,2.0,2.0,302.0,451.0,3042.0,2827.0,"3 Bedroom House in Lonehill, One of the Larger Ultra Contemporary Homes in Hildays Estate in Lonehill Experience secure, upmarke",8 Jul 2025,2026-03-27T15:53:34.933246+00:00,for-sale,gauteng,johannesburg-metro,sandton,lonehill,4499000.0
privateproperty,T5420859,https://www.privateproperty.co.za/for-sale/gauteng/johannesburg-metro/sandton/bryanston/T5420859,3 Bedroom House in Bryanston,44500000.0,Bryanston,Sandton,Gauteng,House,2.5,2.5,2.0,2.0,380.0,380.0,1900.0,2410.0,"3 Bedroom House in Bryanston, This modern home is located in St. James Crescent in Bryanston East. The property offers three bedro",11 Mar 2026,2026-03-27T15:53:31.664196+00:00,for-sale,gauteng,johannesburg-metro,sandton,bryanston,4450000.0
privateproperty,T5111007,https://www.privateproperty.co.za/for-sale/gauteng/johannesburg-metro/lenasia-to-ennerdale/lenasia/T5111007,House in Lenasia,40000000.0,Lenasia,Lenasia To Ennerdale,Gauteng,House,0.0,3.0,,,,1.0,600.0,3810.0,"House in Lenasia, Prime Property for Prime Operations !!!! A Well Located Warehouse The Foundation For Success 1076",10 Jun 2025,2026-03-27T15:53:28.605658+00:00,for-sale,gauteng,johannesburg-metro,lenasia-to-ennerdale,lenasia,4000000.0
privateproperty,T5316834,https://www.privateproperty.co.za/for-sale/gauteng/johannesburg-metro/sandton/fourways/fernbrook-estate/T5316834,3 Bedroom House in Fernbrook Estate,39990000.0,Fourways,Sandton,Gauteng,House,2.5,1.0,2.0,2.0,380.0,1.0,3224.0,1906.0,"3 Bedroom House in Fernbrook Estate, Spacious family home with study and domestic quarter in secure lifestyle estate. Approach this Fernb",25 Nov 2025,2026-03-27T15:53:25.971453+00:00,for-sale,gauteng,johannesburg-metro,sandton,fourways,3999000.0
privateproperty,T5360831,https://www.privateproperty.co.za/for-sale/gauteng/johannesburg-metro/sandton/parkmore/T5360831,4 Bedroom House in Parkmore,39990000.0,Parkmore,Sandton,Gauteng,House,4.0,3.0,6.0,2.0,352.0,991.0,2766.5,3421.0,"4 Bedroom House in Parkmore, Exquisite 4-Bedroom Family Home in Prime Sandton Location Set in the heart of sought-after Parkmore",22 Jan 2026,2026-03-27T15:53:22.045669+00:00,for-sale,gauteng,johannesburg-metro,sandton,parkmore,3999000.0
privateproperty,T4887145,https://www.privateproperty.co.za/for-sale/gauteng/johannesburg-metro/sandton/lonehill/T4887145,3 Bedroom House in Lonehill,38500000.0,Lonehill,Sandton,Gauteng,House,3.0,3.0,4.0,2.0,245.0,418.0,3200.0,2700.0,"3 Bedroom House in Lonehill, Hildays Estate ON SHOW DAILY - View by Appointment The essence of luxury, sophistication and styl",29 Nov 2024,2026-03-27T15:53:18.541731+00:00,for-sale,gauteng,johannesburg-metro,sandton,lonehill,3850000.0
privateproperty,T5373251,https://www.privateproperty.co.za/for-sale/gauteng/johannesburg-metro/northcliff/northcliff/T5373251,3 Bedroom House in Northcliff,36500000.0,Northcliff,Northcliff,Gauteng,House,3.0,3.5,8.0,4.0,,1.0,3150.0,2750.0,"3 Bedroom House in Northcliff, SOLE MANDATE Welcome to this stunning house for sale in the desirable Northcliff area of Randburg,",2 Feb 2026,2026-03-27T15:53:14.287047+00:00,for-sale,gauteng,johannesburg-metro,northcliff,northcliff,3650000.0
privateproperty,T5436565,https://www.privateproperty.co.za/for-sale/gauteng/johannesburg-metro/northcliff/roosevelt-park/waterval-estate/T5436565,3 Bedroom House in Waterval Estate,36500000.0,Roosevelt Park,Northcliff,Gauteng,House,3.0,4.0,6.0,2.0,,1.0,2189.946808510638,1627.0,"3 Bedroom House in Waterval Estate, Welcome to this stunning house for sale in the desirable Waterval Estate, Johannesburg, Gauteng. Thi",25 Mar 2026,2026-03-27T15:53:09.931508+00:00,for-sale,gauteng,johannesburg-metro,northcliff,roosevelt-park,3650000.0
privateproperty,T4690617,https://www.privateproperty.co.za/for-sale/gauteng/johannesburg-metro/midrand/kyalami-hills/T4690617,4 Bedroom House in Kyalami Hills,35950000.0,Kyalami Hills,Midrand,Gauteng,House,4.0,3.0,2.0,2.0,310.0,803.0,1250.0,1724.0,"4 Bedroom House in Kyalami Hills, Genuine seller, inviting buyers to view and negotiate! A modern lifestyle home.... homes like this",28 Jun 2024,2026-03-27T15:53:06.303243+00:00,for-sale,gauteng,johannesburg-metro,midrand,kyalami-hills,3595000.0
privateproperty,T4846186,https://www.privateproperty.co.za/for-sale/gauteng/johannesburg-metro/sandton/lonehill/T4846186,3 Bedroom House in Lonehill,35000000.0,Lonehill,Sandton,Gauteng,House,3.0,3.0,2.0,2.0,360.0,1.0,2243.6363636363635,2500.0,"3 Bedroom House in Lonehill, A Feel Good Family Home Amongst Leafy Serenity Experience luxurious family living in this meticulou",30 Oct 2024,2026-03-27T15:53:02.063094+00:00,for-sale,gauteng,johannesburg-metro,sandton,lonehill,3500000.0
privateproperty,T5387030,https://www.privateproperty.co.za/for-sale/gauteng/johannesburg-metro/north-riding-to-lanseria/jackal-creek-northriding/jackal-creek-golf-estate/T5387030,4 Bedroom House in Jackal Creek Golf Estate,35000000.0,Jackal Creek Northriding,North Riding To Lanseria,Gauteng,House,4.0,2.0,4.0,2.0,256.0,636.0,1150.0,3150.0,"4 Bedroom House in Jackal Creek Golf Estate, Solar-Powered 4-Bed Home Pool Double Garage Royal Troon ON SHOW DAILY - VIEW BY APPOINTMENT ONLY",12 Feb 2026,2026-03-27T15:52:59.386791+00:00,for-sale,gauteng,johannesburg-metro,north-riding-to-lanseria,jackal-creek-northriding,3500000.0
privateproperty,T4905380,https://www.privateproperty.co.za/for-sale/gauteng/johannesburg-metro/midrand/vorna-valley/T4905380,3 Bedroom House in Vorna Valley,34000000.0,Vorna Valley,Midrand,Gauteng,House,3.0,2.0,2.0,2.0,407.0,1.0,800.0,2500.0,"3 Bedroom House in Vorna Valley, Inviting Buyers between R2,799 mill and R3,4 mill to view and negotiate!! SANGIRO STREET SECURITY",20 Dec 2024,2026-03-27T15:52:55.100723+00:00,for-sale,gauteng,johannesburg-metro,midrand,vorna-valley,3400000.0
privateproperty,T5412025,https://www.privateproperty.co.za/for-sale/gauteng/johannesburg-metro/sandton/lonehill/T5412025,3 Bedroom House in Lonehill,34000000.0,Lonehill,Sandton,Gauteng,House,3.5,3.5,2.0,2.0,,560.0,2280.0,2013.0,"3 Bedroom House in Lonehill, Greek-Inspired Living in Mykonos Estate, Lonehill Situated in the highly sought-after Mykonos Estate",4 Mar 2026,2026-03-27T15:52:51.424586+00:00,for-sale,gauteng,johannesburg-metro,sandton,lonehill,3400000.0
privateproperty,T5085625,https://www.privateproperty.co.za/for-sale/gauteng/johannesburg-metro/randburg/maroeladal/needwood/T5085625,3 Bedroom House in Needwood,32000000.0,Maroeladal,Randburg,Gauteng,House,3.0,3.0,4.0,4.0,281.0,,2007.0,2109.0,"3 Bedroom House in Needwood, ESTATE IN NEEDWOOD, RANDBURG FOR SALE LUXURY AT IT''S BEST IN THE EXCLUSIVE MONT TREMBLANT ESTATE",21 May 2025,2026-03-27T15:52:47.112971+00:00,for-sale,gauteng,johannesburg-metro,randburg,maroeladal,3200000.0
privateproperty,T5070157,https://www.privateproperty.co.za/for-sale/gauteng/johannesburg-metro/northcliff/northcliff/T5070157,5 Bedroom House in Northcliff,32000000.0,Northcliff,Northcliff,Gauteng,House,5.0,4.0,15.0,3.0,,1.0,3150.0,2516.0,"5 Bedroom House in Northcliff, Triple storey home with beautiful northern views Tucked away in a tranquil cul-de-sac in the prest",9 May 2025,2026-03-27T15:52:44.057433+00:00,for-sale,gauteng,johannesburg-metro,northcliff,northcliff,3200000.0
privateproperty,T5426656,https://www.privateproperty.co.za/for-sale/gauteng/johannesburg-metro/sandton/bryanston/T5426656,3 Bedroom House in Bryanston,31500000.0,Bryanston,Sandton,Gauteng,House,3.0,2.0,4.0,2.0,,1.0,200.0,1225.0,"3 Bedroom House in Bryanston, Exclusive Mandate Experience the perfect blend of space, comfort, and low-maintenance living in thi",17 Mar 2026,2026-03-27T15:52:39.912151+00:00,for-sale,gauteng,johannesburg-metro,sandton,bryanston,3150000.0
privateproperty,T4973012,https://www.privateproperty.co.za/for-sale/gauteng/johannesburg-metro/sandton/beverley/T4973012,3 Bedroom House in Beverley,30990000.0,Beverley,Sandton,Gauteng,House,3.0,2.5,2.0,2.0,240.0,576.0,1250.0,1903.0,"3 Bedroom House in Beverley, Stunning 3-Bedroom Home with Modern Amenities in Lonehill Nestled in the heart of Lonehill, this e",20 Feb 2025,2026-03-27T15:52:36.193333+00:00,for-sale,gauteng,johannesburg-metro,sandton,beverley,3099000.0
privateproperty,T4878662,https://www.privateproperty.co.za/for-sale/gauteng/johannesburg-metro/midrand/vorna-valley/T4878662,3 Bedroom House in Vorna Valley,29950000.0,Vorna Valley,Midrand,Gauteng,House,3.0,3.0,2.0,2.0,261.0,1.0,500.0,1800.0,"3 Bedroom House in Vorna Valley, For the artistic temperament a HOME to steal your HEART The kiss of the sun for pardon, the song o",22 Nov 2024,2026-03-27T15:52:33.055494+00:00,for-sale,gauteng,johannesburg-metro,midrand,vorna-valley,2995000.0
privateproperty,T5265009,https://www.privateproperty.co.za/for-sale/gauteng/johannesburg-metro/sandton/paulshof/T5265009,3 Bedroom House in Paulshof,29950000.0,Paulshof,Sandton,Gauteng,House,3.0,2.0,2.0,2.0,315.0,1.0,2001.6666666666667,2626.0,"3 Bedroom House in Paulshof, Inviting serious buyers to view and negoiate from R2,795,000 Situated in the heart of a secure, sou",14 Oct 2025,2026-03-27T15:52:30.378692+00:00,for-sale,gauteng,johannesburg-metro,sandton,paulshof,2995000.0
privateproperty,T5293801,https://www.privateproperty.co.za/for-sale/gauteng/johannesburg-metro/midrand/vorna-valley/T5293801,3 Bedroom House in Vorna Valley,29950000.0,Vorna Valley,Midrand,Gauteng,House,3.0,2.0,4.0,2.0,181.0,1.0,1036.5,2000.0,"3 Bedroom House in Vorna Valley, LWP proudly presents this magnificent family Home in the heart of Vorna Valley Inviting Buyers betw",6 Nov 2025,2026-03-27T15:52:13.893314+00:00,for-sale,gauteng,johannesburg-metro,midrand,vorna-valley,2995000.0
privateproperty,T5293319,https://www.privateproperty.co.za/for-sale/gauteng/johannesburg-metro/sandton/craigavon/T5293319,3 Bedroom House in Craigavon,29790000.0,Craigavon,Sandton,Gauteng,House,3.0,2.5,2.0,2.0,265.0,280.0,2040.0,3300.0,"3 Bedroom House in Craigavon, This is 265 m2 of spacious and secure urban living. Experience the perfect blend of comfort and styl",5 Nov 2025,2026-03-27T15:52:10.050916+00:00,for-sale,gauteng,johannesburg-metro,sandton,craigavon,2979000.0
privateproperty,T4931890,https://www.privateproperty.co.za/for-sale/gauteng/johannesburg-metro/sandton/rivonia/T4931890,4 Bedroom House in Rivonia,29000000.0,Rivonia,Sandton,Gauteng,House,3.0,3.0,3.0,2.0,350.0,2.0,2072.8333333333335,2828.0,"4 Bedroom House in Rivonia, Spacious Panhandle Home in a Secure Boomed-Off Area with 2 cottages! This stunning property is set",18 Feb 2026,2026-03-27T15:52:05.778868+00:00,for-sale,gauteng,johannesburg-metro,sandton,rivonia,2900000.0
privateproperty,T5233932,https://www.privateproperty.co.za/for-sale/gauteng/johannesburg-metro/sandton/paulshof/T5233932,3 Bedroom House in Paulshof,28500000.0,Paulshof,Sandton,Gauteng,House,3.0,2.0,2.0,2.0,285.0,1.0,2001.6666666666667,2400.0,"3 Bedroom House in Paulshof, NEW RELEASE - EXCLUSIVE SOLE MANDATE Inviting serious buyers to view and negotiate from R2,650,000.",17 Sep 2025,2026-03-27T15:52:02.520311+00:00,for-sale,gauteng,johannesburg-metro,sandton,paulshof,2850000.0
privateproperty,T4740973,https://www.privateproperty.co.za/for-sale/gauteng/johannesburg-metro/randburg/blairgowrie/T4740973,4 Bedroom House in Blairgowrie,27500000.0,Blairgowrie,Randburg,Gauteng,House,4.0,3.0,12.0,2.0,250.0,1.0,1801.9241935483872,1580.0,"4 Bedroom House in Blairgowrie, Sustainability, efficiency and space for the family! Offers from R2 750 000.00 Asking R2 990 000.00",19 Mar 2026,2026-03-27T15:51:58.487887+00:00,for-sale,gauteng,johannesburg-metro,randburg,blairgowrie,2750000.0
privateproperty,T5437341,https://www.privateproperty.co.za/for-sale/gauteng/johannesburg-metro/sandton/fourways/T5437341,4 Bedroom House in Fourways,27500000.0,Fourways,Sandton,Gauteng,House,4.0,3.5,5.0,2.0,189.0,374.0,2550.0,3063.0,"4 Bedroom House in Fourways, Exclusive Mandate Gracefully nestled within a highly sought-after estate in Fourways, this enchanti",25 Mar 2026,2026-03-27T15:51:55.624085+00:00,for-sale,gauteng,johannesburg-metro,sandton,fourways,2750000.0
privateproperty,T5142455,https://www.privateproperty.co.za/for-sale/gauteng/johannesburg-metro/midrand/halfway-gardens/T5142455,3 Bedroom House in Halfway Gardens,27000000.0,Halfway Gardens,Midrand,Gauteng,House,3.0,2.0,5.0,2.0,,1.0,2227.5,921.0,"3 Bedroom House in Halfway Gardens, This modern home is well located with a safe and secure security boomed area. The home has 3 spacio",7 Jul 2025,2026-03-27T15:51:52.987463+00:00,for-sale,gauteng,johannesburg-metro,midrand,halfway-gardens,2700000.0
privateproperty,T5133511,https://www.privateproperty.co.za/for-sale/gauteng/johannesburg-metro/northcliff/quellerina/T5133511,4 Bedroom House in Quellerina,25990000.0,Quellerina,Northcliff,Gauteng,House,4.0,2.0,5.0,3.0,355.0,1.0,3083.0,3500.0,"4 Bedroom House in Quellerina, Versatile 4 bedroom house in Quellerina Welcome to this charming 4 bedroom, 2.5-bathroom house nest",30 Jun 2025,2026-03-27T15:51:49.815406+00:00,for-sale,gauteng,johannesburg-metro,northcliff,quellerina,2599000.0
privateproperty,T5428326,https://www.privateproperty.co.za/for-sale/gauteng/johannesburg-metro/northcliff/montgomery-park/T5428326,3 Bedroom House in Montgomery Park,25000000.0,Montgomery Park,Northcliff,Gauteng,House,3.0,2.0,2.0,1.0,,744.0,1061.0,1000.0,"3 Bedroom House in Montgomery Park, Discover this charming home for sale in the desirable Montgomery Park area of Johannesburg, Gauteng.",18 Mar 2026,2026-03-27T15:51:47.124124+00:00,for-sale,gauteng,johannesburg-metro,northcliff,montgomery-park,2500000.0
privateproperty,T12053,https://www.privateproperty.co.za/for-sale/gauteng/johannesburg-metro/midrand/blue-hills/T12053,3 Bedroom House in Blue Hills,23500000.0,Blue Hills,Midrand,Gauteng,House,3.0,2.0,4.0,2.0,178.0,402.0,1826.0,1200.0,"3 Bedroom House in Blue Hills, Modern 3-Bedroom, 2-Bathroom Freestanding Home in Secure Estate Step into comfort and style with thi",2 Sep 2025,2026-03-27T15:51:43.347024+00:00,for-sale,gauteng,johannesburg-metro,midrand,blue-hills,2350000.0
privateproperty,T5399603,https://www.privateproperty.co.za/for-sale/gauteng/johannesburg-metro/north-riding-to-lanseria/jackal-creek-northriding/jackal-creek-golf-estate/T5399603,4 Bedroom House in Jackal Creek Golf Estate,22990000.0,Jackal Creek Northriding,North Riding To Lanseria,Gauteng,House,4.0,3.0,4.0,2.0,144.0,232.0,2591.0,1900.0,"4 Bedroom House in Jackal Creek Golf Estate, Turnberry Discover the ultimate in luxury living at Turnberry, the latest development in the pres",23 Feb 2026,2026-03-27T15:51:39.479686+00:00,for-sale,gauteng,johannesburg-metro,north-riding-to-lanseria,jackal-creek-northriding,2299000.0
privateproperty,T5420774,https://www.privateproperty.co.za/for-sale/gauteng/johannesburg-metro/midrand/erand-gardens/T5420774,3 Bedroom House in Erand Gardens,22950000.0,Erand Gardens,Midrand,Gauteng,House,3.0,2.0,2.0,2.0,,287.0,1698.0,1800.0,"3 Bedroom House in Erand Gardens, From the moment you enter the foyer of this beautiful double-storey home, youll notice the gleaming",11 Mar 2026,2026-03-27T15:51:36.629010+00:00,for-sale,gauteng,johannesburg-metro,midrand,erand-gardens,2295000.0
privateproperty,T4729229,https://www.privateproperty.co.za/for-sale/gauteng/johannesburg-metro/midrand/willaway/T4729229,3 Bedroom House in Willaway,22900000.0,Willaway,Midrand,Gauteng,House,3.0,2.5,2.0,2.0,219.0,,3769.0,1354.0,"3 Bedroom House in Willaway, Genuine sellers Inviting buyers from R2,000,000 to R2,350,000 to view and negotiate!! Downstairs:",29 Jul 2024,2026-03-27T15:51:33.042428+00:00,for-sale,gauteng,johannesburg-metro,midrand,willaway,2290000.0
privateproperty,T5153686,https://www.privateproperty.co.za/for-sale/gauteng/johannesburg-metro/northcliff/quellerina/T5153686,4 Bedroom House in Quellerina,22800000.0,Quellerina,Northcliff,Gauteng,House,4.0,2.0,10.0,2.0,426.0,1.0,3083.0,1218.0,"4 Bedroom House in Quellerina, Charming 4 bedroom family home with pool and views in Quellerina Welcome to your ideal family have",15 Jul 2025,2026-03-27T15:51:29.657740+00:00,for-sale,gauteng,johannesburg-metro,northcliff,quellerina,2280000.0
privateproperty,T5024550,https://www.privateproperty.co.za/for-sale/gauteng/johannesburg-metro/midrand/vorna-valley/T5024550,3 Bedroom House in Vorna Valley,22000000.0,Vorna Valley,Midrand,Gauteng,House,3.0,2.0,2.0,2.0,255.0,315.0,700.0,908.0,"3 Bedroom House in Vorna Valley, Modern, charming and bursting with character - Starting out or winding down, this stunning high-fash",31 Mar 2025,2026-03-27T15:51:25.511177+00:00,for-sale,gauteng,johannesburg-metro,midrand,vorna-valley,2200000.0
privateproperty,T5002769,https://www.privateproperty.co.za/for-sale/gauteng/johannesburg-metro/sandton/lonehill/T5002769,3 Bedroom House in Lonehill,19990000.0,Lonehill,Sandton,Gauteng,House,2.0,2.0,2.0,1.0,90.0,250.0,1704.0,1218.0,"3 Bedroom House in Lonehill, Discover this stunning 3-bedroom, 2-bathroom home nestled in a sought-after secure estate in Lonehil",13 Mar 2025,2026-03-27T15:51:21.394156+00:00,for-sale,gauteng,johannesburg-metro,sandton,lonehill,1999000.0
privateproperty,T5437971,https://www.privateproperty.co.za/for-sale/gauteng/johannesburg-metro/randburg/jukskei-park/T5437971,3 Bedroom House in Jukskei Park,19500000.0,Jukskei Park,Randburg,Gauteng,House,3.0,2.0,3.0,2.0,,854.0,1711.0,2761.0,"3 Bedroom House in Jukskei Park, Looking for a pet-friendly, free-standing full title home with a spacious garden This property in Ju",26 Mar 2026,2026-03-27T15:51:17.156416+00:00,for-sale,gauteng,johannesburg-metro,randburg,jukskei-park,1950000.0
privateproperty,T5402800,https://www.privateproperty.co.za/for-sale/gauteng/johannesburg-metro/sandton/fourways/T5402800,3 Bedroom House in Fourways,17450000.0,Fourways,Sandton,Gauteng,House,3.0,2.0,4.0,2.0,166.0,319.0,2300.0,1725.0,"3 Bedroom House in Fourways, Positioned within the highly desirable Plantation club estate, this stylish single-level, free-stand",25 Feb 2026,2026-03-27T15:51:13.197298+00:00,for-sale,gauteng,johannesburg-metro,sandton,fourways,1745000.0
privateproperty,T5242443,https://www.privateproperty.co.za/for-sale/gauteng/johannesburg-metro/midrand/carlswald/T5242443,3 Bedroom House in Carlswald,14500000.0,Carlswald,Midrand,Gauteng,House,3.0,2.0,1.0,,101.0,101.0,1600.0,600.0,"3 Bedroom House in Carlswald, Calling serious buyers to view and negotiate from R 1 250 000 Nestled in Halfway Gardens, Midrand,",23 Sep 2025,2026-03-27T15:51:09.907246+00:00,for-sale,gauteng,johannesburg-metro,midrand,carlswald,1450000.0
privateproperty,T5237933,https://www.privateproperty.co.za/for-sale/gauteng/johannesburg-metro/johannesburg-central/kensington/T5237933,3 Bedroom House in Kensington,13000000.0,Kensington,Johannesburg Central,Gauteng,House,3.0,2.0,1.0,1.0,230.0,1.0,2500.0,2190.0,"3 Bedroom House in Kensington, TRANQUIL 3 BEDROOM PROPERTY IN KENSINGTON FOR SALE The property offers the following: Three genero",19 Sep 2025,2026-03-27T15:51:06.988682+00:00,for-sale,gauteng,johannesburg-metro,johannesburg-central,kensington,1300000.0
privateproperty,T5343296,https://www.privateproperty.co.za/for-sale/gauteng/johannesburg-metro/northcliff/sophiatown/T5343296,3 Bedroom House in Sophiatown,12700000.0,Sophiatown,Northcliff,Gauteng,House,3.0,2.0,,,136.0,495.0,815.0,1243.0,"3 Bedroom House in Sophiatown, Stylish, spacious, and perfect for family living! This well-presented modern family home offers th",6 Jan 2026,2026-03-27T15:51:02.706408+00:00,for-sale,gauteng,johannesburg-metro,northcliff,sophiatown,1270000.0
privateproperty,T12142,https://www.privateproperty.co.za/for-sale/gauteng/johannesburg-metro/sandton/hurlingham/18b-balmoral-ave/T12142,6 Bedroom House in Hurlingham,98000000.0,Hurlingham,Sandton,Gauteng,House,6.0,2.0,12.0,,,,3593.091126135769,5000.0,"6 Bedroom House in Hurlingham, 18b balmoral ave, This property consists of a double-story multi-purpose house with attached double-storey cottage tot",20 Jan 2026,2026-03-27T15:50:59.046505+00:00,for-sale,gauteng,johannesburg-metro,sandton,hurlingham,9800000.0
privateproperty,T5137445,https://www.privateproperty.co.za/for-sale/gauteng/johannesburg-metro/sandton/bryanston/8-berkeley-heights/3-berkeley-road/T5137445,4 Bedroom House in Bryanston,61000000.0,Bryanston,Sandton,Gauteng,House,4.0,3.5,5.0,3.0,,992.0,3000.0,2200.0,"4 Bedroom House in Bryanston, 8 berkeley heights, 3 berkeley road, Ideally positioned within the sought-after Berkeley Heights Estate, this immaculate residence offers",2 Jul 2025,2026-03-27T15:50:56.123803+00:00,for-sale,gauteng,johannesburg-metro,sandton,bryanston,6100000.0
privateproperty,T5054218,https://www.privateproperty.co.za/for-sale/gauteng/johannesburg-metro/johannesburg-south/bassonia/115-pieter-ackroyd/T5054218,5 Bedroom House in Bassonia,29500000.0,Bassonia,Johannesburg South,Gauteng,House,5.0,2.5,4.0,4.0,403.0,1.0,1253.2,2115.0,"5 Bedroom House in Bassonia, 115 pieter ackroyd, An Opportunity not to be missed. Step into a world of luxury and convenience with this stunning home",24 Apr 2025,2026-03-27T15:50:52.936720+00:00,for-sale,gauteng,johannesburg-metro,johannesburg-south,bassonia,2950000.0
privateproperty,T5400295,https://www.privateproperty.co.za/for-sale/gauteng/johannesburg-metro/randburg/bordeaux/5-janet-rd/T5400295,3 Bedroom House in Bordeaux,22000000.0,Bordeaux,Randburg,Gauteng,House,3.0,2.0,8.0,2.0,255.0,942.0,1801.9241935483872,1073.0,"3 Bedroom House in Bordeaux, 5 janet rd, Beautiful Home in Lush surrounding Situated within a secure boomed-off enclosure in the sought-afte",23 Feb 2026,2026-03-27T15:50:50.007107+00:00,for-sale,gauteng,johannesburg-metro,randburg,bordeaux,2200000.0
privateproperty,T5375819,https://www.privateproperty.co.za/for-sale/gauteng/johannesburg-metro/northcliff/florida-glen/8-ackryod-avenue/T5375819,4 Bedroom House in Florida Glen,19000000.0,Florida Glen,Northcliff,Gauteng,House,4.0,2.0,2.0,,329.0,1.0,2259.0,1800.0,"4 Bedroom House in Florida Glen, 8 ackryod avenue, FAMILY HOME UP FOR GRABS! This residence offers open living areas and additional accommodation, per",4 Feb 2026,2026-03-27T15:50:47.269556+00:00,for-sale,gauteng,johannesburg-metro,northcliff,florida-glen,1900000.0
privateproperty,T5385133,https://www.privateproperty.co.za/for-sale/gauteng/johannesburg-metro/sandton/dainfern/dainfern-golf-estate/864-cottonwood-estae/T5385133,3 Bedroom House in Dainfern Golf Estate,159950000.0,Dainfern,Sandton,Gauteng,House,3.0,5.0,8.0,2.0,600.0,1.0,3988.0,900.0,"3 Bedroom House in Dainfern Golf Estate, 864 cottonwood estae, Extraordinary pedigree and architectural vision, set within the prestigious Dainfern Golf Estate, of",11 Feb 2026,2026-03-27T15:50:43.049816+00:00,for-sale,gauteng,johannesburg-metro,sandton,dainfern,15995000.0
privateproperty,T4969147,https://www.privateproperty.co.za/for-sale/gauteng/johannesburg-metro/sandton/bryanston/5-108-on-mount/108-mount-street/T4969147,5 Bedroom House in Bryanston,200000000.0,Bryanston,Sandton,Gauteng,House,5.0,5.5,16.0,6.0,1.0,2.0,10000.0,9500.0,"5 Bedroom House in Bryanston, 5 108 on mount, 108 mount street, Discover a home where grandeur meets perfection, set in an exclusive estate of just six prestigious",18 Feb 2025,2026-03-27T15:50:39.289719+00:00,for-sale,gauteng,johannesburg-metro,sandton,bryanston,20000000.0
privateproperty,T4873286,https://www.privateproperty.co.za/for-sale/gauteng/johannesburg-metro/sandton/bryanston/999-curzon-road/T4873286,5 Bedroom House in Bryanston,174990000.0,Bryanston,Sandton,Gauteng,House,5.0,5.5,13.0,3.0,,1.0,5156.928571428572,9650.0,"5 Bedroom House in Bryanston, 999 curzon road, Luxurious Off-the-Grid Home in Bryanston Step into an extraordinary world of style and sophisticati",27 Sep 2025,2026-03-27T15:50:35.435483+00:00,for-sale,gauteng,johannesburg-metro,sandton,bryanston,17499000.0
privateproperty,T4769196,https://www.privateproperty.co.za/for-sale/gauteng/johannesburg-metro/sandton/bryanston/100-curzon-road/T4769196,5 Bedroom House in Bryanston,174990000.0,Bryanston,Sandton,Gauteng,House,5.0,5.0,9.0,3.0,800.0,1.0,5156.928571428572,9650.0,"5 Bedroom House in Bryanston, 100 curzon road, Grand Bryanston Estate Living: Luxury, Space, and Security Discover an exceptional residence within",27 Sep 2025,2026-03-27T15:50:31.273667+00:00,for-sale,gauteng,johannesburg-metro,sandton,bryanston,17499000.0
privateproperty,T5300781,https://www.privateproperty.co.za/for-sale/gauteng/johannesburg-metro/sandton/bryanston/14-devonshire-avenue/T5300781,5 Bedroom House in Bryanston,120000000.0,Bryanston,Sandton,Gauteng,House,5.0,5.0,2.0,2.0,500.0,,5156.928571428572,5520.0,"5 Bedroom House in Bryanston, 14 devonshire avenue, Step into a world of contemporary sophistication with this newly crafted, double-storey cluster home",12 Nov 2025,2026-03-27T15:50:27.865546+00:00,for-sale,gauteng,johannesburg-metro,sandton,bryanston,12000000.0
privateproperty,T5001012,https://www.privateproperty.co.za/for-sale/gauteng/johannesburg-metro/sandton/bryanston/14-devonshire-avenue/T5001012,5 Bedroom House in Bryanston,105000000.0,Bryanston,Sandton,Gauteng,House,5.0,5.5,2.0,2.0,449.0,994.0,5156.928571428572,6740.0,"5 Bedroom House in Bryanston, 14 devonshire avenue, An Exceptional Opportunity to Complete a Contemporary Masterpiece in Bryanston East Set in one of Br",12 Mar 2025,2026-03-27T15:50:24.114137+00:00,for-sale,gauteng,johannesburg-metro,sandton,bryanston,10500000.0
privateproperty,T12141,https://www.privateproperty.co.za/for-sale/gauteng/johannesburg-metro/sandton/hurlingham/25-stirling-road/T12141,5 Bedroom House in Hurlingham,88000000.0,Hurlingham,Sandton,Gauteng,House,5.0,4.5,4.0,2.0,450.0,2.0,3593.091126135769,6500.0,"5 Bedroom House in Hurlingham, 25 stirling road,, This property consists of a large multi-purpose home 450 m2 with 5 to 6 bedrooms, 4 bathrooms, 3 re",20 Jan 2026,2026-03-27T15:50:20.978941+00:00,for-sale,gauteng,johannesburg-metro,sandton,hurlingham,8800000.0
privateproperty,T4222809,https://www.privateproperty.co.za/for-sale/gauteng/johannesburg-metro/sandton/khyber-rock/11-khyber-fountains/4-lincoln-street/T4222809,4 Bedroom House in Khyber Rock,85000000.0,Khyber Rock,Sandton,Gauteng,House,4.0,3.5,3.0,3.0,600.0,740.0,6900.0,3036.0,"4 Bedroom House in Khyber Rock, 11 khyber fountains, 4 lincoln street, Magnificent home in the sought after exclusive Khyber Fountains estate This family home offers elega",22 Jun 2023,2026-03-27T15:50:18.190219+00:00,for-sale,gauteng,johannesburg-metro,sandton,khyber-rock,8500000.0
privateproperty,T5269684,https://www.privateproperty.co.za/for-sale/gauteng/johannesburg-metro/northcliff/northcliff/24-ebony-drive/T5269684,11 Bedroom House in Northcliff,75000000.0,Northcliff,Northcliff,Gauteng,House,11.0,12.0,11.0,3.0,,1.0,3150.0,2845.0,"11 Bedroom House in Northcliff, 24 ebony drive, Magnificent - Masterpiece - Opulent - Classic Sophistication SERIOUS SELLER ! ! ! The magnificent",16 Oct 2025,2026-03-27T15:50:14.935355+00:00,for-sale,gauteng,johannesburg-metro,northcliff,northcliff,7500000.0
privateproperty,T5423955,https://www.privateproperty.co.za/for-sale/gauteng/johannesburg-metro/northcliff/northcliff/7-joseph-avenue/T5423955,6 Bedroom House in Northcliff,69990000.0,Northcliff,Northcliff,Gauteng,House,2.5,7.5,11.0,5.0,,1.0,3150.0,3575.0,"6 Bedroom House in Northcliff, 7 joseph avenue, Only Considering BEST Offers Above: R6,999,000 Owner Asking More. - Lets Negotiate! Luxury Off-G",13 Mar 2026,2026-03-27T15:50:11.122216+00:00,for-sale,gauteng,johannesburg-metro,northcliff,northcliff,6999000.0
privateproperty,T5431084,https://www.privateproperty.co.za/for-sale/gauteng/johannesburg-metro/sandton/bryanston/46-pont-road/T5431084,7 Bedroom House in Bryanston,69990000.0,Bryanston,Sandton,Gauteng,House,7.0,6.0,10.0,4.0,,4.0,5156.928571428572,4572.0,"7 Bedroom House in Bryanston, 46 pont road, TWO HOUSES FOR THE PRICE OF ONE IN THE DEVONSHIRE PARK ESTATE BOOM CONSIDERING BEST OFFER ABOVE R",19 Mar 2026,2026-03-27T15:50:07.995134+00:00,for-sale,gauteng,johannesburg-metro,sandton,bryanston,6999000.0
privateproperty,T4992128,https://www.privateproperty.co.za/for-sale/gauteng/johannesburg-metro/johannesburg-south/aspen-hills/366-honeybush-crescent/T4992128,4 Bedroom House in Aspen Hills,69950000.0,Aspen Hills,Johannesburg South,Gauteng,House,4.0,3.5,2.0,2.0,493.0,531.0,1689.0,3381.0,"4 Bedroom House in Aspen Hills, 366 honeybush crescent, Experience a vibrant lifestyle in this exceptional property, offering paddle courts, indoor/outdoor",6 Mar 2025,2026-03-27T15:50:04.289411+00:00,for-sale,gauteng,johannesburg-metro,johannesburg-south,aspen-hills,6995000.0
privateproperty,T4878252,https://www.privateproperty.co.za/for-sale/gauteng/johannesburg-metro/northcliff/northcliff/94-maluti-avenue/T4878252,7 Bedroom House in Northcliff,59990000.0,Northcliff,Northcliff,Gauteng,House,7.0,6.5,8.0,4.0,,1.0,3150.0,4590.0,"7 Bedroom House in Northcliff, 94 maluti avenue, Experience Unmatched Elegance in Northcliff A Masterpiece of Modern Luxury Owner Asking R8499 000",22 Nov 2024,2026-03-27T15:50:00.327870+00:00,for-sale,gauteng,johannesburg-metro,northcliff,northcliff,5999000.0
privateproperty,T4766494,https://www.privateproperty.co.za/for-sale/gauteng/johannesburg-metro/midrand/waterfall-estate/waterfall-country-estate/1-zambezi-drive/T4766494,3 Bedroom House in Waterfall Country Estate,58500000.0,Waterfall Estate,Midrand,Gauteng,House,3.0,2.0,2.0,2.0,270.0,621.0,3356.0,5968.0,"3 Bedroom House in Waterfall Country Estate, 1 zambezi drive, SOLE MANDATE! Taking offers from R5,500,000! Ideally located in the safe and sought-after Waterfal",11 Sep 2025,2026-03-27T15:49:57.007301+00:00,for-sale,gauteng,johannesburg-metro,midrand,waterfall-estate,5850000.0
privateproperty,T12147,https://www.privateproperty.co.za/for-sale/gauteng/johannesburg-metro/sandton/khyber-rock/11-khyber-crescent/T12147,3 Bedroom House in Khyber Rock,51950000.0,Khyber Rock,Sandton,Gauteng,House,3.0,3.5,5.0,3.0,475.0,467.0,2660.0,3315.0,"3 Bedroom House in Khyber Rock, 11 khyber crescent, Deliberate 3 Bed en-suite cluster home in exclusive sought-after Khyber Rock. The suburb, Khyber Ro",23 Jan 2026,2026-03-27T15:49:42.250065+00:00,for-sale,gauteng,johannesburg-metro,sandton,khyber-rock,5195000.0
privateproperty,T5374408,https://www.privateproperty.co.za/for-sale/gauteng/johannesburg-metro/sandton/fourways/fernbrook-estate/1-stagfern-close/T5374408,4 Bedroom House in Fernbrook Estate,49950000.0,Fourways,Sandton,Gauteng,House,3.0,2.0,3.0,3.0,447.0,853.0,3224.0,2744.0,"4 Bedroom House in Fernbrook Estate, 1 stagfern close, This spacious four-bedroom family home is set within the sought-after Fernbrook Estate and offers ge",3 Feb 2026,2026-03-27T15:49:38.407373+00:00,for-sale,gauteng,johannesburg-metro,sandton,fourways,4995000.0
privateproperty,T12148,https://www.privateproperty.co.za/for-sale/gauteng/johannesburg-metro/sandton/beverley/rockvale-estate/7-riverside-road/T12148,3 Bedroom House in Beverley,47500000.0,Beverley,Sandton,Gauteng,House,3.0,2.5,3.0,2.0,450.0,888.0,4440.0,2800.0,"3 Bedroom House in Beverley, . rockvale estate, 7 riverside road, NO AGENTS - PRIVATE SALE. Looking for privacy in an exclusive secure estate This north facing spaci",13 Jan 2026,2026-03-27T15:49:35.188432+00:00,for-sale,gauteng,johannesburg-metro,sandton,beverley,4750000.0
privateproperty,T5278886,https://www.privateproperty.co.za/for-sale/gauteng/johannesburg-metro/sandton/bryanston/8-bryanston-country-estate/78-bryanston-drive/T5278886,4 Bedroom House in Bryanston,46350000.0,Bryanston,Sandton,Gauteng,House,4.0,3.5,2.0,2.0,251.3,,3395.0,3250.0,"4 Bedroom House in Bryanston, 8 bryanston country estate, 78 bryanston drive, A rare new opportunity in one of Johannesburgs most established suburbs. Choose between spacious fre",24 Oct 2025,2026-03-27T15:49:31.455418+00:00,for-sale,gauteng,johannesburg-metro,sandton,bryanston,4635000.0
privateproperty,T5289529,https://www.privateproperty.co.za/for-sale/gauteng/johannesburg-metro/sandton/gallo-manor/37-tugela-crescent/T5289529,4 Bedroom House in Gallo Manor,46000000.0,Gallo Manor,Sandton,Gauteng,House,4.0,2.0,6.0,4.0,394.0,1.0,3593.091126135769,2441.0,"4 Bedroom House in Gallo Manor, 37 tugela crescent, Luxury redefined contemporary elegance in Gallo Manor Step into a world of sophisticated comfort wi",3 Nov 2025,2026-03-27T15:49:27.235592+00:00,for-sale,gauteng,johannesburg-metro,sandton,gallo-manor,4600000.0
privateproperty,T3330855,https://www.privateproperty.co.za/for-sale/gauteng/johannesburg-metro/midrand/glen-austin/9-willow-residence-nb/60-stag-road/T3330855,4 Bedroom House in Glen Austin,41000000.0,Glen Austin,Midrand,Gauteng,House,4.0,4.5,2.0,2.0,373.0,339.0,5045.0,974.0,"4 Bedroom House in Glen Austin, 9 willow residence-nb, 60 stag road, This recently developed home is located in Glen Austin in close proximity to the Turkish Mosque. It",30 Jan 2026,2026-03-27T15:49:23.636720+00:00,for-sale,gauteng,johannesburg-metro,midrand,glen-austin,4100000.0
privateproperty,T5370451,https://www.privateproperty.co.za/for-sale/gauteng/johannesburg-metro/randburg/randpark/15-dunford-road/T5370451,3 Bedroom House in Randpark,39990000.0,Randpark,Randburg,Gauteng,House,3.0,3.0,10.0,3.0,361.0,1.0,1801.9241935483872,631.0,"3 Bedroom House in Randpark, 15 dunford road, European elegance meets secure living with cottage and pool. On Show View by Appointment 28th Febr",30 Jan 2026,2026-03-27T15:49:21.055012+00:00,for-sale,gauteng,johannesburg-metro,randburg,randpark,3999000.0
privateproperty,T4332375,https://www.privateproperty.co.za/for-sale/gauteng/johannesburg-metro/sandton/lonehill/7-silverbirch-estate/20-sceales/T4332375,4 Bedroom House in Lonehill,38490000.0,Lonehill,Sandton,Gauteng,House,4.0,3.0,2.0,2.0,350.0,492.0,750.0,2200.0,"4 Bedroom House in Lonehill, 7 silverbirch estate, 20 sceales, SOLE AND EXCLUSIVE MANDATE Location, location, location'' is always true and none more so than thi",12 Sep 2023,2026-03-27T15:49:17.770509+00:00,for-sale,gauteng,johannesburg-metro,sandton,lonehill,3849000.0
privateproperty,T5196949,https://www.privateproperty.co.za/for-sale/gauteng/johannesburg-metro/midrand/halfway-house/2222-royal-palm-estate-nb/1-cupid-street/T5196949,4 Bedroom House in Halfway House,38000000.0,Halfway House,Midrand,Gauteng,House,4.0,4.5,2.0,2.0,256.0,705.0,1342.0,2466.0,"4 Bedroom House in Halfway House, 2222 royal palm estate-nb, 1 cupid street, This modern family home boasts 4 spacious bedrooms with 4 bathrooms en-suite plus an additional gues",19 Aug 2025,2026-03-27T15:49:15.162854+00:00,for-sale,gauteng,johannesburg-metro,midrand,halfway-house,3800000.0
privateproperty,T5423574,https://www.privateproperty.co.za/for-sale/gauteng/johannesburg-metro/northcliff/victory-park/109-road-no-3/T5423574,4 Bedroom House in Victory Park,37990000.0,Victory Park,Northcliff,Gauteng,House,4.0,3.0,10.0,4.0,,1.0,2189.946808510638,2387.0,"4 Bedroom House in Victory Park, 109 road no 3, Architectural Masterpiece Meets Modern Luxury in Victory Park Owner Asking: R4 499 000.00 Only Co",13 Mar 2026,2026-03-27T15:49:12.222503+00:00,for-sale,gauteng,johannesburg-metro,northcliff,victory-park,3799000.0
privateproperty,T4738325,https://www.privateproperty.co.za/for-sale/gauteng/johannesburg-metro/sandton/bryanston/7a-fleming-street/T4738325,5 Bedroom House in Bryanston,37490000.0,Bryanston,Sandton,Gauteng,House,5.0,4.0,2.0,2.0,688.0,,5156.928571428572,4200.0,"5 Bedroom House in Bryanston, 7a fleming street, Welcome to this stunning and spacious three-storey house located in a serene, boomed-off area in a s",6 Aug 2024,2026-03-27T15:49:09.122099+00:00,for-sale,gauteng,johannesburg-metro,sandton,bryanston,3749000.0
privateproperty,T5076854,https://www.privateproperty.co.za/for-sale/gauteng/johannesburg-metro/johannesburg-south/glenvista/10-dorothea-place/T5076854,3 Bedroom House in Glenvista,34750000.0,Glenvista,Johannesburg South,Gauteng,House,3.0,3.0,6.0,2.0,384.0,1.0,1253.2,2235.0,"3 Bedroom House in Glenvista, 10 dorothea place, Effortless Living, Elegant Spaces & Endless Comfort Step Into A Warm And Inviting Sanctuary Where",14 May 2025,2026-03-27T15:49:05.122360+00:00,for-sale,gauteng,johannesburg-metro,johannesburg-south,glenvista,3475000.0
privateproperty,T5221647,https://www.privateproperty.co.za/for-sale/gauteng/johannesburg-metro/northcliff/northcliff/127-juniper-street/T5221647,4 Bedroom House in Northcliff,34500000.0,Northcliff,Northcliff,Gauteng,House,4.0,2.5,4.0,2.0,,1.0,3150.0,2200.0,"4 Bedroom House in Northcliff, 127 juniper street, This hidden gem must be experienced. Step into a piece of Northcliff history - a gracious, character",8 Sep 2025,2026-03-27T15:49:01.911047+00:00,for-sale,gauteng,johannesburg-metro,northcliff,northcliff,3450000.0
privateproperty,T12159,https://www.privateproperty.co.za/for-sale/gauteng/johannesburg-metro/northcliff/northcliff/152-elm-street/T12159,3 Bedroom House in Northcliff,34500000.0,Northcliff,Northcliff,Gauteng,House,3.0,2.0,5.0,2.0,326.0,2.0,3150.0,3500.0,"3 Bedroom House in Northcliff, 152 elm street, Exclusive Family Home in Northcliff Presenting a beautiful family home in the quiet suburb of Northc",3 Feb 2026,2026-03-27T15:48:57.564980+00:00,for-sale,gauteng,johannesburg-metro,northcliff,northcliff,3450000.0
privateproperty,T5128758,https://www.privateproperty.co.za/for-sale/gauteng/johannesburg-metro/sandton/hurlingham/1-chardonnay/T5128758,3 Bedroom House in Hurlingham,31000000.0,Hurlingham,Sandton,Gauteng,House,3.0,3.0,2.0,2.0,,606.0,3593.091126135769,2013.0,"3 Bedroom House in Hurlingham, 1 chardonnay, Stylish and Modern 3 Bedroom home in secure boomed off area in Hurlingham Manor. Step into luxury w",25 Jun 2025,2026-03-27T15:48:54.130199+00:00,for-sale,gauteng,johannesburg-metro,sandton,hurlingham,3100000.0
privateproperty,T12156,https://www.privateproperty.co.za/for-sale/gauteng/johannesburg-metro/northcliff/auckland-park/47-hampton-avenue/T12156,8 Bedroom House in Auckland Park,30000000.0,Auckland Park,Northcliff,Gauteng,House,8.0,8.0,8.0,,284.0,740.0,1815.5,4200.0,"8 Bedroom House in Auckland Park, 47 hampton avenue, An immaculate 8-bedroom house for sale in Aucklandpark, Johannesburg. This double-storey home prese",6 Feb 2026,2026-03-27T15:48:50.126411+00:00,for-sale,gauteng,johannesburg-metro,northcliff,auckland-park,3000000.0
privateproperty,T12157,https://www.privateproperty.co.za/for-sale/gauteng/johannesburg-metro/randburg/ferndale/6-short/T12157,5 Bedroom House in Ferndale,29999990.0,Ferndale,Randburg,Gauteng,House,5.0,2.0,5.0,2.0,308.0,2.0,1751.8,1575.0,"5 Bedroom House in Ferndale, 6 short, LOCATION and SAFTETY! NO agents, private sale via owners. Owner will start negotiating offers abov",2 Feb 2026,2026-03-27T15:48:47.194363+00:00,for-sale,gauteng,johannesburg-metro,randburg,ferndale,2999999.0
privateproperty,T4981649,https://www.privateproperty.co.za/for-sale/gauteng/johannesburg-metro/sandton/paulshof/59-isipingo-avenue/T4981649,4 Bedroom House in Paulshof,29990000.0,Paulshof,Sandton,Gauteng,House,4.0,3.0,2.0,2.0,449.0,1.0,2001.6666666666667,2850.0,"4 Bedroom House in Paulshof, 59 isipingo avenue, NEW RELEASE - SOLE MANDATE Inviting serious buyers to view and negotiate from R2,750,000 Located",27 Feb 2025,2026-03-27T15:48:43.914109+00:00,for-sale,gauteng,johannesburg-metro,sandton,paulshof,2999000.0
privateproperty,T5427573,https://www.privateproperty.co.za/for-sale/gauteng/johannesburg-metro/northcliff/linden/46-3rd-street/T5427573,3 Bedroom House in Linden,29990000.0,Linden,Northcliff,Gauteng,House,3.0,3.0,8.0,2.0,,1.0,1389.0,1886.0,"3 Bedroom House in Linden, 46 3rd street, Owner Asking: R3 499 000.00 Only Considering Offers Above: R2 999 000.00 Welcome to your new home",17 Mar 2026,2026-03-27T15:48:40.044682+00:00,for-sale,gauteng,johannesburg-metro,northcliff,linden,2999000.0
privateproperty,T5290642,https://www.privateproperty.co.za/for-sale/gauteng/johannesburg-metro/lenasia-to-ennerdale/lenasia-south/444-petrea-street/T5290642,12 Bedroom House in Lenasia South,29950000.0,Lenasia South,Lenasia To Ennerdale,Gauteng,House,12.0,6.0,,,,690.0,150.0,1447.0,"12 Bedroom House in Lenasia South, 444 petrea street, An exceptional opportunity awaits investors in Lenasia South Ext 1. This 690 m2, well-maintained",4 Nov 2025,2026-03-27T15:48:35.673427+00:00,for-sale,gauteng,johannesburg-metro,lenasia-to-ennerdale,lenasia-south,2995000.0
privateproperty,T5403722,https://www.privateproperty.co.za/for-sale/gauteng/johannesburg-metro/northcliff/roosevelt-park/franklin-roosevelt-park/169-john-adamson-drive/T5403722,4 Bedroom House in Franklin Roosevelt Park,29950000.0,Roosevelt Park,Northcliff,Gauteng,House,4.0,2.0,16.0,2.0,342.0,1.0,2189.946808510638,1456.0,"4 Bedroom House in Franklin Roosevelt Park, 169 john adamson drive, A Home That Gives Back Borehole, Solar & So Much More This unassuming home reveals its true beauty",25 Feb 2026,2026-03-27T15:48:32.918004+00:00,for-sale,gauteng,johannesburg-metro,northcliff,roosevelt-park,2995000.0
privateproperty,T4810766,https://www.privateproperty.co.za/for-sale/gauteng/johannesburg-metro/sandton/lonehill/1001-fountain-road/T4810766,3 Bedroom House in Lonehill,27999990.0,Lonehill,Sandton,Gauteng,House,3.0,2.0,2.0,2.0,250.0,532.0,2350.0,2116.0,"3 Bedroom House in Lonehill, 1001 fountain road, Exquisite 3-Bedroom Home for Sale in Upmarket Estate Beverley/Lonehill Nestled in an exclusive est",3 Oct 2024,2026-03-27T15:48:28.828801+00:00,for-sale,gauteng,johannesburg-metro,sandton,lonehill,2799999.0
privateproperty,T5427098,https://www.privateproperty.co.za/for-sale/gauteng/johannesburg-metro/northcliff/northcliff/8-hilltop-place/T5427098,5 Bedroom House in Northcliff,27990000.0,Northcliff,Northcliff,Gauteng,House,5.0,3.5,10.0,3.0,,2.0,3150.0,3865.0,"5 Bedroom House in Northcliff, 8 hilltop place, Elevated Living with Privacy, Space & Spectacular Views Owner asking R3 799 999 Willing to negoti",17 Mar 2026,2026-03-27T15:48:24.878508+00:00,for-sale,gauteng,johannesburg-metro,northcliff,northcliff,2799000.0
privateproperty,T11954,https://www.privateproperty.co.za/for-sale/gauteng/johannesburg-metro/midrand/halfway-gardens/18-san-vincenzo/164-fifth-road/T11954,3 Bedroom House in Halfway Gardens,27950000.0,Halfway Gardens,Midrand,Gauteng,House,3.0,2.5,4.0,2.0,230.0,380.0,2035.0,1406.0,"3 Bedroom House in Halfway Gardens, 18 san vincenzo, 164 fifth road, Immaculate FULL TITLE, modern, 3-BED Home This home comes equipped with a power backup inverter syst",12 May 2025,2026-03-27T15:48:20.923882+00:00,for-sale,gauteng,johannesburg-metro,midrand,halfway-gardens,2795000.0
privateproperty,T4687248,https://www.privateproperty.co.za/for-sale/gauteng/johannesburg-metro/sandton/lonehill/1001-sceales-road/T4687248,3 Bedroom House in Lonehill,26490000.0,Lonehill,Sandton,Gauteng,House,3.0,2.0,2.0,2.0,,579.0,675.0,1750.0,"3 Bedroom House in Lonehill, 1001 sceales road, Nestled within a prestigious estate, this fully renovated 3-bed house offers the perfect blend of mo",26 Jun 2024,2026-03-27T15:48:18.255797+00:00,for-sale,gauteng,johannesburg-metro,sandton,lonehill,2649000.0
privateproperty,T5207168,https://www.privateproperty.co.za/for-sale/gauteng/johannesburg-metro/northcliff/bergbron/1356-verona-drive/T5207168,3 Bedroom House in Bergbron,26490000.0,Bergbron,Northcliff,Gauteng,House,3.0,2.0,5.0,2.0,432.0,1.0,2189.946808510638,1718.0,"3 Bedroom House in Bergbron, 1356 verona drive, Dream location, double the value live, work or earn from home This sought-after family home offers",27 Aug 2025,2026-03-27T15:48:15.446313+00:00,for-sale,gauteng,johannesburg-metro,northcliff,bergbron,2649000.0
privateproperty,T4806140,https://www.privateproperty.co.za/for-sale/gauteng/johannesburg-metro/sandton/lonehill/1001-aston-road/T4806140,4 Bedroom House in Lonehill,24990000.0,Lonehill,Sandton,Gauteng,House,4.0,2.5,2.0,2.0,280.0,508.0,2600.0,1713.0,"4 Bedroom House in Lonehill, 1001 aston road, Nestled in the sought-after, secure, and well-maintained Monte Solo Estate, this elegant double-stor",30 Sep 2024,2026-03-27T15:48:08.686902+00:00,for-sale,gauteng,johannesburg-metro,sandton,lonehill,2499000.0
privateproperty,T5354395,https://www.privateproperty.co.za/for-sale/gauteng/johannesburg-metro/northcliff/montgomery-park/19-von-desin-street/T5354395,3 Bedroom House in Montgomery Park,23490000.0,Montgomery Park,Northcliff,Gauteng,House,3.0,2.0,10.0,2.0,346.0,744.0,1061.0,1505.0,"3 Bedroom House in Montgomery Park, 19 von desin street, 3-Bedroom, 2-Bath Home with Large Kitchen & Income-Generating Cottage This spacious and well-appoin",17 Jan 2026,2026-03-27T15:48:04.404448+00:00,for-sale,gauteng,johannesburg-metro,northcliff,montgomery-park,2349000.0
privateproperty,T5365325,https://www.privateproperty.co.za/for-sale/gauteng/johannesburg-metro/north-riding-to-lanseria/north-riding/36-olivenhout-manor/T5365325,3 Bedroom House in North Riding,22500000.0,North Riding,North Riding To Lanseria,Gauteng,House,3.0,2.0,2.0,2.0,223.0,449.0,1980.0,1136.0,"3 Bedroom House in North Riding, 36 olivenhout manor, Starting Out or Slowing Down This is for You. Rare Find- Single Storey. One Level ,Immaculate, Full",27 Jan 2026,2026-03-27T15:48:00.422336+00:00,for-sale,gauteng,johannesburg-metro,north-riding-to-lanseria,north-riding,2250000.0
privateproperty,T5374336,https://www.privateproperty.co.za/for-sale/gauteng/johannesburg-metro/north-riding-to-lanseria/north-riding/17-baltimore-estate/17-congo-street/T5374336,3 Bedroom House in North Riding,20500000.0,North Riding,North Riding To Lanseria,Gauteng,House,3.0,2.0,2.0,,108.0,265.0,1500.0,1152.0,"3 Bedroom House in North Riding, 17 baltimore estate, 17 congo street, Exclusive Mandate This modern and beautiful home is situated in a secure gated lifestyle community,",3 Feb 2026,2026-03-27T15:47:56.602061+00:00,for-sale,gauteng,johannesburg-metro,north-riding-to-lanseria,north-riding,2050000.0
privateproperty,T5011196,https://www.privateproperty.co.za/for-sale/gauteng/johannesburg-metro/midrand/barbeque-downs/42-montrose-road/T5011196,3 Bedroom House in Barbeque Downs,19990000.0,Barbeque Downs,Midrand,Gauteng,House,3.0,2.0,2.0,2.0,143.0,491.0,2300.0,1900.0,"3 Bedroom House in Barbeque Downs, 42 montrose road, This three-bed home offers a perfect blend of comfort and functionality. It features a dedicated stu",19 Mar 2025,2026-03-27T15:47:53.714927+00:00,for-sale,gauteng,johannesburg-metro,midrand,barbeque-downs,1999000.0
privateproperty,T5415870,https://www.privateproperty.co.za/for-sale/gauteng/johannesburg-metro/north-riding-to-lanseria/north-riding/160-derby/T5415870,3 Bedroom House in North Riding,19700000.0,North Riding,North Riding To Lanseria,Gauteng,House,3.0,3.0,3.0,2.0,210.0,319.0,1568.0,1168.0,"3 Bedroom House in North Riding, 160 derby, Full title property with low levies in complex. Exclusive Mandate in place. - Formal entrance in",7 Mar 2026,2026-03-27T15:47:51.147396+00:00,for-sale,gauteng,johannesburg-metro,north-riding-to-lanseria,north-riding,1970000.0
privateproperty,T12120,https://www.privateproperty.co.za/for-sale/gauteng/johannesburg-metro/sandton/craigavon/15-elm-avenue/T12120,3 Bedroom House in Craigavon,18500000.0,Craigavon,Sandton,Gauteng,House,1.0,2.5,3.0,2.0,151.0,200.0,3275.0,2257.0,"3 Bedroom House in Craigavon, 15 elm avenue, !!! VIEW BY APPOINTMENT !!!. !!! NO ESTATE AGENTS PLEASE !!! Modern 3-bedroom, 2.5-bathroom home,",26 Nov 2025,2026-03-27T15:47:47.910885+00:00,for-sale,gauteng,johannesburg-metro,sandton,craigavon,1850000.0
privateproperty,T5122029,https://www.privateproperty.co.za/for-sale/gauteng/johannesburg-metro/midrand/kyalami-hills/222-princeton-nb/79-albertyn-street/T5122029,3 Bedroom House in Kyalami Hills,18500000.0,Kyalami Hills,Midrand,Gauteng,House,3.0,2.0,2.0,2.0,138.0,,1561.0,979.0,"3 Bedroom House in Kyalami Hills, 222 princeton-nb, 79 albertyn street, This townhouse has 3 bedrooms with 2 bathrooms main en-suite. It has a kitchen with an open plan liv",19 Jun 2025,2026-03-27T15:47:44.440609+00:00,for-sale,gauteng,johannesburg-metro,midrand,kyalami-hills,1850000.0
privateproperty,T5390069,https://www.privateproperty.co.za/for-sale/gauteng/johannesburg-metro/johannesburg-central/observatory/17-urania/T5390069,8 Bedroom House in Observatory,17200000.0,Observatory,Johannesburg Central,Gauteng,House,8.0,4.0,6.0,4.0,250.0,2.0,1938.8333333333333,1300.0,"8 Bedroom House in Observatory, 17 urania, Investment Property Observatory, Johannesburg This estate property at 17 Urania Street offers multi",16 Feb 2026,2026-03-27T15:47:41.594438+00:00,for-sale,gauteng,johannesburg-metro,johannesburg-central,observatory,1720000.0
privateproperty,T5386192,https://www.privateproperty.co.za/for-sale/gauteng/johannesburg-metro/johannesburg-south/naturena/0-naturena/34-van-deventer-avenue/T5386192,5 Bedroom House in Naturena,15000000.0,Naturena,Johannesburg South,Gauteng,House,5.0,2.0,3.0,2.0,325.0,854.0,1862.0,2740.0,"5 Bedroom House in Naturena, naturena, 34 van deventer avenue, Discover the perfect family oasis with this stunning 5-bedroom home, thoughtfully designed for comfo",11 Feb 2026,2026-03-27T15:47:37.703126+00:00,for-sale,gauteng,johannesburg-metro,johannesburg-south,naturena,1500000.0
privateproperty,T5271475,https://www.privateproperty.co.za/for-sale/gauteng/johannesburg-metro/north-riding-to-lanseria/noordhang/42-hampstead-gardens/79-hyperion-drive/T5271475,3 Bedroom House in Noordhang,14950000.0,Noordhang,North Riding To Lanseria,Gauteng,House,3.0,2.0,3.0,2.0,148.0,315.0,1534.25,754.0,"3 Bedroom House in Noordhang, 42 hampstead gardens, 79 hyperion drive, EXCLUSIVE MANDATE IN PLACE : Positioned well in the estate this immaculate home offers safe liv",17 Oct 2025,2026-03-27T15:47:33.457967+00:00,for-sale,gauteng,johannesburg-metro,north-riding-to-lanseria,noordhang,1495000.0
privateproperty,T5282358,https://www.privateproperty.co.za/for-sale/gauteng/johannesburg-metro/north-riding-to-lanseria/noordhang/53-hampstead-gardens/79-hyperion-drive/T5282358,3 Bedroom House in Noordhang,14950000.0,Noordhang,North Riding To Lanseria,Gauteng,House,3.0,2.0,2.0,2.0,153.0,306.0,1208.0,894.0,"3 Bedroom House in Noordhang, 53 hampstead gardens, 79 hyperion drive, Low Maintenance Cluster Home neat as a pin - Just move in . Special feature include - - 5kva Invert",27 Oct 2025,2026-03-27T15:47:30.363278+00:00,for-sale,gauteng,johannesburg-metro,north-riding-to-lanseria,noordhang,1495000.0
privateproperty,T5172449,https://www.privateproperty.co.za/for-sale/gauteng/johannesburg-metro/lenasia-to-ennerdale/lenasia-south/111-milkwood/T5172449,4 Bedroom House in Lenasia South,13490000.0,Lenasia South,Lenasia To Ennerdale,Gauteng,House,4.0,3.0,2.0,2.0,320.0,600.0,150.0,400.0,"4 Bedroom House in Lenasia South, 111 milkwood, Nestled in a secure boomed area in Ext 1 Lenasia South, this beautifully maintained home offers a pe",30 Jul 2025,2026-03-27T15:47:26.266706+00:00,for-sale,gauteng,johannesburg-metro,lenasia-to-ennerdale,lenasia-south,1349000.0
privateproperty,T5396971,https://www.privateproperty.co.za/for-sale/gauteng/johannesburg-metro/north-riding-to-lanseria/north-riding/north-riding-ah/298b-537-boundary-road-olievenhout/T5396971,1 Bedroom House in North Riding AH,12980000.0,North Riding,North Riding To Lanseria,Gauteng,House,1.0,1.0,2.0,,,536.0,1612.25,1777.0,"1 Bedroom House in North Riding AH, 298b 537 boundary road, olievenhout, Unique 1-bedroom home with multi-use space and private access This unique freestanding home in a sm",20 Feb 2026,2026-03-27T15:47:10.890809+00:00,for-sale,gauteng,johannesburg-metro,north-riding-to-lanseria,north-riding,1298000.0
privateproperty,T5382851,https://www.privateproperty.co.za/for-sale/gauteng/johannesburg-metro/northcliff/bosmont/85-hexrivierberg-street/T5382851,3 Bedroom House in Bosmont,8500000.0,Bosmont,Northcliff,Gauteng,House,3.0,1.0,5.0,,120.0,564.0,2189.946808510638,680.0,"3 Bedroom House in Bosmont, 85 hexrivierberg street, Discover incredible value and endless potential with this well located freehold property in the hear",10 Feb 2026,2026-03-27T15:47:08.082185+00:00,for-sale,gauteng,johannesburg-metro,northcliff,bosmont,850000.0
privateproperty,T5373726,https://www.privateproperty.co.za/for-sale/gauteng/johannesburg-metro/soweto/eldorado-park/39-tieroog-street/T5373726,3 Bedroom House in Eldorado Park,8200000.0,Eldorado Park,Soweto,Gauteng,House,3.0,1.0,4.0,1.0,150.0,357.0,461.18666666666667,680.0,"3 Bedroom House in Eldorado Park, 39 tieroog street, Welcome to this well positioned home located on a 357m² freehold stand in Eldorado Park a vibrant,",3 Feb 2026,2026-03-27T15:47:04.607940+00:00,for-sale,gauteng,johannesburg-metro,soweto,eldorado-park,820000.0
privateproperty,T4869514,https://www.privateproperty.co.za/for-sale/gauteng/johannesburg-metro/sandton/bryanston/6-the-lodge-retirement-village/111-grosvenor-road/T4869514,2 Bedroom House in Bryanston,7990000.0,Bryanston,Sandton,Gauteng,House,2.0,1.0,,,93.0,,9305.0,3250.0,"2 Bedroom House in Bryanston, 6 the lodge retirement village, 111 grosvenor road, Highly Negotiable! All reasonable offers will be considered! Discover a carefree lifestyle tailored",16 Nov 2024,2026-03-27T15:47:00.315091+00:00,for-sale,gauteng,johannesburg-metro,sandton,bryanston,799000.0
privateproperty,T5309809,https://www.privateproperty.co.za/for-sale/gauteng/johannesburg-metro/north-riding-to-lanseria/nooitgedacht/nietgedacht-ah/T5309809,3 Bedroom House in Nietgedacht AH,17800000.0,Nooitgedacht,North Riding To Lanseria,Gauteng,House,3.0,2.0,1.0,,,,965.4545454545455,1000.0,"3 Bedroom House in Nietgedacht AH, Welcome to your new home in Lion Pride Lifestyle Estate. This sleek and stylish 3-bedroom, 2-bathroo",19 Nov 2025,2026-03-27T15:46:53.291454+00:00,for-sale,gauteng,johannesburg-metro,north-riding-to-lanseria,nooitgedacht,1780000.0
privateproperty,T5435966,https://www.privateproperty.co.za/for-sale/gauteng/johannesburg-metro/soweto/pimville/klipspruit/T5435966,2 Bedroom House in Klipspruit,8500000.0,Pimville,Soweto,Gauteng,House,2.0,1.0,1.0,,,,560.0,675.0,"2 Bedroom House in Klipspruit, Home with income potential Here is a property situated in Klipsruit closer to all amenitie",24 Mar 2026,2026-03-27T15:46:50.202836+00:00,for-sale,gauteng,johannesburg-metro,soweto,pimville,850000.0
privateproperty,T5391316,https://www.privateproperty.co.za/for-sale/gauteng/johannesburg-metro/soweto/protea-glen/T5391316,2 Bedroom House in Protea Glen,8000000.0,Protea Glen,Soweto,Gauteng,House,1.0,1.0,1.0,,,,521.6666666666666,520.0,"2 Bedroom House in Protea Glen, Move in ready home for sale in Protea Glen. This home is situated in an upside of Protea Glen. The a",16 Feb 2026,2026-03-27T15:46:46.988598+00:00,for-sale,gauteng,johannesburg-metro,soweto,protea-glen,800000.0
privateproperty,T5051450,https://www.privateproperty.co.za/for-sale/gauteng/johannesburg-metro/soweto/protea-glen/T5051450,2 Bedroom House in Protea Glen,7800000.0,Protea Glen,Soweto,Gauteng,House,2.0,1.0,,,,,521.6666666666666,520.0,"2 Bedroom House in Protea Glen, Beautiful 2 Bedroom house With separate bathroom Separate Toilet Spacious Lounge Kitchen 4 Spaciou",22 Apr 2025,2026-03-27T15:46:43.610332+00:00,for-sale,gauteng,johannesburg-metro,soweto,protea-glen,780000.0
privateproperty,T5424596,https://www.privateproperty.co.za/for-sale/gauteng/johannesburg-metro/soweto/soweto-central/lufhereng/T5424596,3 Bedroom House in Lufhereng,7500000.0,Soweto Central,Soweto,Gauteng,House,3.0,1.0,,,,,50.5,495.0,"3 Bedroom House in Lufhereng, 3 bedroom, 1 bathroom house in Lufereng 3 bedrooms All bedrooms with built-in cupboards Separate to",14 Mar 2026,2026-03-27T15:46:40.255739+00:00,for-sale,gauteng,johannesburg-metro,soweto,soweto-central,750000.0
privateproperty,T5345328,https://www.privateproperty.co.za/for-sale/gauteng/johannesburg-metro/lenasia-to-ennerdale/lenasia/T5345328,2 Bedroom House in Lenasia,5550000.0,Lenasia,Lenasia To Ennerdale,Gauteng,House,2.0,1.0,1.0,1.0,,,600.0,850.0,"2 Bedroom House in Lenasia, Welcome to this charming and well-maintained 2-bedroom, 1-bathroom home located in the heart of Lena",8 Jan 2026,2026-03-27T15:46:35.955819+00:00,for-sale,gauteng,johannesburg-metro,lenasia-to-ennerdale,lenasia,555000.0
privateproperty,T5439215,https://www.privateproperty.co.za/for-sale/gauteng/johannesburg-metro/johannesburg-south/ridgeway/T5439215,4 Bedroom House in Ridgeway,19750000.0,Ridgeway,Johannesburg South,Gauteng,House,4.0,1.0,2.0,2.0,,,900.0,900.0,"4 Bedroom House in Ridgeway, Pre-Launch Special Limited Availability Be among the first to own in this exciting new development",26 Mar 2026,2026-03-27T15:46:32.271783+00:00,for-sale,gauteng,johannesburg-metro,johannesburg-south,ridgeway,1975000.0
privateproperty,T5317997,https://www.privateproperty.co.za/for-sale/gauteng/johannesburg-metro/johannesburg-south/turffontein/T5317997,2 Bedroom House in Turffontein,8600000.0,Turffontein,Johannesburg South,Gauteng,House,2.0,1.0,,,,261.0,1253.2,471.0,"2 Bedroom House in Turffontein, This secure, fully-walled property offers comfortable family living with the added benefit of an out",26 Nov 2025,2026-03-27T15:46:29.072903+00:00,for-sale,gauteng,johannesburg-metro,johannesburg-south,turffontein,860000.0
privateproperty,T5378470,https://www.privateproperty.co.za/for-sale/gauteng/johannesburg-metro/lenasia-to-ennerdale/lenasia-south/T5378470,2 Bedroom House in Lenasia South,6900000.0,Lenasia South,Lenasia To Ennerdale,Gauteng,House,2.0,1.0,,,,254.0,150.0,393.0,"2 Bedroom House in Lenasia South, Charming 2-Bedroom Home Great Value! Discover this cozy and well-maintained home, perfect for smal",5 Feb 2026,2026-03-27T15:46:25.400503+00:00,for-sale,gauteng,johannesburg-metro,lenasia-to-ennerdale,lenasia-south,690000.0
privateproperty,T5285826,https://www.privateproperty.co.za/for-sale/gauteng/johannesburg-metro/midrand/ebony-park/ivory-park/T5285826,2 Bedroom House in Ivory Park,4500000.0,Ebony Park,Midrand,Gauteng,House,2.0,1.0,,,,200.0,2359.2147395833335,400.0,"2 Bedroom House in Ivory Park, This property offers: Two bedrooms Open plan living space Two outside rooms Need TLC Sitting on a 2",30 Oct 2025,2026-03-27T15:46:21.540145+00:00,for-sale,gauteng,johannesburg-metro,midrand,ebony-park,450000.0
privateproperty,T5219224,https://www.privateproperty.co.za/for-sale/gauteng/johannesburg-metro/sandton/lonehill/T5219224,3 Bedroom House in Lonehill,23000000.0,Lonehill,Sandton,Gauteng,House,3.0,2.0,2.0,2.0,240.0,355.0,2500.0,1500.0,"3 Bedroom House in Lonehill, Price: R2,299,000 | R2,399,000 |R2,499,000. Bank preapproval or proof of funds required. Virtual Sho",5 Sep 2025,2026-03-27T15:46:17.618413+00:00,for-sale,gauteng,johannesburg-metro,sandton,lonehill,2300000.0
privateproperty,T5219350,https://www.privateproperty.co.za/for-sale/gauteng/johannesburg-metro/sandton/sunninghill/T5219350,4 Bedroom House in Sunninghill,20990000.0,Sunninghill,Sandton,Gauteng,House,4.0,3.0,,,220.0,440.0,2500.0,2000.0,"4 Bedroom House in Sunninghill, Price: R2,099,000 | R2,199,000 |R2,299,000. Bank preapproval or proof of funds and authority of Buye",5 Sep 2025,2026-03-27T15:46:14.397753+00:00,for-sale,gauteng,johannesburg-metro,sandton,sunninghill,2099000.0
privateproperty,T5415271,https://www.privateproperty.co.za/for-sale/gauteng/johannesburg-metro/north-riding-to-lanseria/nooitgedacht/lion-pride/T5415271,3 Bedroom House in Lion Pride,18044030.0,Nooitgedacht,North Riding To Lanseria,Gauteng,House,3.0,2.0,2.0,,100.0,240.0,910.0,1100.0,"3 Bedroom House in Lion Pride, Experience the perfect combination of space, modern design, and secure estate living with this 100sq",6 Mar 2026,2026-03-27T15:46:10.556119+00:00,for-sale,gauteng,johannesburg-metro,north-riding-to-lanseria,nooitgedacht,1804403.0
privateproperty,T5437888,https://www.privateproperty.co.za/for-sale/gauteng/johannesburg-metro/midrand/kyalami/T5437888,3 Bedroom House in Kyalami,17822380.0,Kyalami,Midrand,Gauteng,House,2.0,2.0,2.0,,89.0,240.0,900.0,1100.0,"3 Bedroom House in Kyalami, If youre ready for a bigger home but want to keep your finances under control, this is the kind of o",26 Mar 2026,2026-03-27T15:46:07.679206+00:00,for-sale,gauteng,johannesburg-metro,midrand,kyalami,1782238.0
privateproperty,T5383562,https://www.privateproperty.co.za/for-sale/gauteng/johannesburg-metro/north-riding-to-lanseria/cosmo-city/zandspruit/T5383562,4 Bedroom House in Zandspruit,17800000.0,Cosmo City,North Riding To Lanseria,Gauteng,House,4.0,2.0,2.0,,91.0,290.0,1440.0,1800.0,"4 Bedroom House in Zandspruit, Work in Sandton. Live in Style. Baltimore Lifestyle Estate offers the best of both worlds city conv",10 Feb 2026,2026-03-27T15:46:04.671677+00:00,for-sale,gauteng,johannesburg-metro,north-riding-to-lanseria,cosmo-city,1780000.0
privateproperty,T5415241,https://www.privateproperty.co.za/for-sale/gauteng/johannesburg-metro/north-riding-to-lanseria/nooitgedacht/lion-pride/T5415241,3 Bedroom House in Lion Pride,17288400.0,Nooitgedacht,North Riding To Lanseria,Gauteng,House,3.0,2.0,2.0,,89.0,240.0,910.0,1100.0,"3 Bedroom House in Lion Pride, Enjoy the perfect combination of modern comfort, secure estate living, and strong long-term value wi",6 Mar 2026,2026-03-27T15:46:01.739365+00:00,for-sale,gauteng,johannesburg-metro,north-riding-to-lanseria,nooitgedacht,1728840.0
privateproperty,T5383511,https://www.privateproperty.co.za/for-sale/gauteng/johannesburg-metro/north-riding-to-lanseria/cosmo-city/zandspruit/T5383511,3 Bedroom House in Zandspruit,16800000.0,Cosmo City,North Riding To Lanseria,Gauteng,House,3.0,2.0,2.0,,81.0,280.0,1440.0,1500.0,"3 Bedroom House in Zandspruit, Prime location. Premium returns. Baltimore Lifestyle Estate is more than just a home its an opportu",10 Feb 2026,2026-03-27T15:45:57.727657+00:00,for-sale,gauteng,johannesburg-metro,north-riding-to-lanseria,cosmo-city,1680000.0
privateproperty,T5384201,https://www.privateproperty.co.za/for-sale/gauteng/johannesburg-metro/north-riding-to-lanseria/cosmo-city/zandspruit/T5384201,3 Bedroom House in Zandspruit,16800000.0,Cosmo City,North Riding To Lanseria,Gauteng,House,3.0,2.0,2.0,,80.0,260.0,1400.0,1800.0,"3 Bedroom House in Zandspruit, Baltimore is a stunning and an exquisite lifestyle estate which is situated in the heart of North Ri",10 Feb 2026,2026-03-27T15:45:54.960788+00:00,for-sale,gauteng,johannesburg-metro,north-riding-to-lanseria,cosmo-city,1680000.0
privateproperty,T5219122,https://www.privateproperty.co.za/for-sale/gauteng/johannesburg-metro/randburg/bordeaux/T5219122,3 Bedroom House in Bordeaux,16500000.0,Bordeaux,Randburg,Gauteng,House,3.0,3.0,2.0,2.0,,500.0,1801.9241935483872,1500.0,"3 Bedroom House in Bordeaux, Bank preapproval or proof of funds required. Virtual Showday available. Spacious free hold 3 bed hom",5 Sep 2025,2026-03-27T15:45:52.108627+00:00,for-sale,gauteng,johannesburg-metro,randburg,bordeaux,1650000.0
privateproperty,T5415521,https://www.privateproperty.co.za/for-sale/gauteng/johannesburg-metro/johannesburg-south/oakdene/T5415521,4 Bedroom House in Oakdene,16001050.0,Oakdene,Johannesburg South,Gauteng,House,4.0,2.0,2.0,,91.0,240.0,900.0,1300.0,"4 Bedroom House in Oakdene, Upgrade your lifestyle with a freestanding home in Sapphire Estate, one of the Souths most thoughtfu",6 Mar 2026,2026-03-27T15:45:47.801394+00:00,for-sale,gauteng,johannesburg-metro,johannesburg-south,oakdene,1600105.0
privateproperty,T5415118,https://www.privateproperty.co.za/for-sale/gauteng/johannesburg-metro/north-riding-to-lanseria/kya-sands/T5415118,3 Bedroom House in Kya Sands,15950000.0,Kya Sands,North Riding To Lanseria,Gauteng,House,3.0,2.0,2.0,,71.0,263.0,1500.0,1800.0,"3 Bedroom House in Kya Sands, Discover comfortable and secure estate living with this modern 71m² home in the sought-after Baltimo",6 Mar 2026,2026-03-27T15:45:44.086807+00:00,for-sale,gauteng,johannesburg-metro,north-riding-to-lanseria,kya-sands,1595000.0
privateproperty,T5424565,https://www.privateproperty.co.za/for-sale/gauteng/johannesburg-metro/soweto/protea-glen/T5424565,3 Bedroom House in Protea Glen,12980000.0,Protea Glen,Soweto,Gauteng,House,3.0,2.0,,,84.0,300.0,650.0,560.0,"3 Bedroom House in Protea Glen, Emperors Security Estate is the first real, full-title security estate located in Protea Glen, Sowet",14 Mar 2026,2026-03-27T15:45:41.367617+00:00,for-sale,gauteng,johannesburg-metro,soweto,protea-glen,1298000.0
privateproperty,T5302051,https://www.privateproperty.co.za/for-sale/gauteng/johannesburg-metro/soweto/protea-glen/T5302051,2 Bedroom House in Protea Glen,8500000.0,Protea Glen,Soweto,Gauteng,House,2.0,1.0,2.0,,51.0,157.0,521.6666666666666,600.0,"2 Bedroom House in Protea Glen, Charming Starter Home in a Peaceful Neighbourhood Great Value! Discover this delightful 2-bedroom h",12 Nov 2025,2026-03-27T15:45:37.316744+00:00,for-sale,gauteng,johannesburg-metro,soweto,protea-glen,850000.0
privateproperty,T5318885,https://www.privateproperty.co.za/for-sale/gauteng/johannesburg-metro/johannesburg-south/naturena/T5318885,2 Bedroom House in Naturena,6800000.0,Naturena,Johannesburg South,Gauteng,House,2.0,1.0,3.0,,,163.0,1862.0,800.0,"2 Bedroom House in Naturena, This simple, 2-bedroom property in the heart of Naturena is ideal for a small family or investors lo",27 Nov 2025,2026-03-27T15:45:33.621560+00:00,for-sale,gauteng,johannesburg-metro,johannesburg-south,naturena,680000.0
privateproperty,T5416796,https://www.privateproperty.co.za/for-sale/gauteng/johannesburg-metro/lenasia-to-ennerdale/lenasia/lehae/T5416796,1 Bedroom House in Lehae,3800000.0,Lenasia,Lenasia To Ennerdale,Gauteng,House,1.0,1.0,4.0,,50.0,290.0,300.0,300.0,"1 Bedroom House in Lehae, West Lehae phase 1. 1 bedroom . Big corner house on Tire road. Very clean. Fully walled with ga",9 Mar 2026,2026-03-27T15:45:30.454209+00:00,for-sale,gauteng,johannesburg-metro,lenasia-to-ennerdale,lenasia,380000.0
privateproperty,T3912234,https://www.privateproperty.co.za/for-sale/gauteng/johannesburg-metro/northcliff/northcliff/T3912234,6 Bedroom House in Northcliff,299990000.0,Northcliff,Northcliff,Gauteng,House,6.0,7.5,4.0,4.0,,,3150.0,2743.0,"6 Bedroom House in Northcliff, Undeniably Northcliff Hills most outstanding offering! This extraordinary property is a true lifesty",1 Nov 2024,2026-03-27T15:45:26.568309+00:00,for-sale,gauteng,johannesburg-metro,northcliff,northcliff,29999000.0
privateproperty,T5315174,https://www.privateproperty.co.za/for-sale/gauteng/johannesburg-metro/sandton/morningside/T5315174,3 Bedroom House in Morningside,60000000.0,Morningside,Sandton,Gauteng,House,3.0,3.0,2.0,2.0,,,8450.0,4004.0,"3 Bedroom House in Morningside, R6 000 000 3 Bed, 3 Bath House Double Garage 152 Coleraine Dr, Morningside This spacious 3-bedro",24 Nov 2025,2026-03-27T15:45:22.597277+00:00,for-sale,gauteng,johannesburg-metro,sandton,morningside,6000000.0
privateproperty,T5318043,https://www.privateproperty.co.za/for-sale/gauteng/johannesburg-metro/sandton/morningside/T5318043,3 Bedroom House in Morningside,52000000.0,Morningside,Sandton,Gauteng,House,3.0,3.0,2.0,2.0,,,8450.0,4004.0,"3 Bedroom House in Morningside, Sale Price: R5 200 000 No transfer costs new developments This beautiful 3-bedroom, 3-bathroom home",26 Nov 2025,2026-03-27T15:45:19.423387+00:00,for-sale,gauteng,johannesburg-metro,sandton,morningside,5200000.0
privateproperty,T5287249,https://www.privateproperty.co.za/for-sale/gauteng/johannesburg-metro/midrand/crowthorne/T5287249,4 Bedroom House in Crowthorne,30950000.0,Crowthorne,Midrand,Gauteng,House,4.0,3.5,3.0,2.0,,,2359.2147395833335,1965.3437627811861,"4 Bedroom House in Crowthorne, This beautiful 4-bedroom, 3.5-bathroom residence is perfectly situated in a secure, well-maintained",31 Oct 2025,2026-03-27T15:45:16.578856+00:00,for-sale,gauteng,johannesburg-metro,midrand,crowthorne,3095000.0
privateproperty,T5426085,https://www.privateproperty.co.za/for-sale/gauteng/johannesburg-metro/northcliff/brixton/hurst-hill/T5426085,13 Bedroom House in Hurst Hill,18500000.0,Brixton,Northcliff,Gauteng,House,13.0,2.0,,,,,2189.946808510638,470.0,"13 Bedroom House in Hurst Hill, This spacious double-storey property in prime Hursthill presents a rare opportunity for investors or",16 Mar 2026,2026-03-27T15:45:13.335757+00:00,for-sale,gauteng,johannesburg-metro,northcliff,brixton,1850000.0
privateproperty,T5364776,https://www.privateproperty.co.za/for-sale/gauteng/johannesburg-metro/johannesburg-south/naturena/T5364776,3 Bedroom House in Naturena,16990000.0,Naturena,Johannesburg South,Gauteng,House,3.0,3.0,2.0,2.0,,,1862.0,550.0,"3 Bedroom House in Naturena, Property for sale in Naturena, Johannesburg. The property offers: -3 bedroom -3 Bathroom One Ensui",26 Jan 2026,2026-03-27T15:45:10.262480+00:00,for-sale,gauteng,johannesburg-metro,johannesburg-south,naturena,1699000.0
privateproperty,T5315002,https://www.privateproperty.co.za/for-sale/gauteng/johannesburg-metro/johannesburg-south/turffontein/T5315002,3 Bedroom House in Turffontein,12990000.0,Turffontein,Johannesburg South,Gauteng,House,3.0,2.0,2.0,2.0,,,1253.2,471.0,"3 Bedroom House in Turffontein, If you are searching for a ready-to -move-in family home, that combines space comfort and convenienc",24 Nov 2025,2026-03-27T15:45:06.163766+00:00,for-sale,gauteng,johannesburg-metro,johannesburg-south,turffontein,1299000.0
privateproperty,T5147331,https://www.privateproperty.co.za/for-sale/gauteng/johannesburg-metro/johannesburg-central/orange-grove/T5147331,3 Bedroom House in Orange Grove,12500000.0,Orange Grove,Johannesburg Central,Gauteng,House,3.0,1.0,,,,,1938.8333333333333,954.7727272727273,"3 Bedroom House in Orange Grove, CHARMING 3-BEDROOM HOME WITH A SWIMMING POOL IN ORANGE GROOVE Welcome to this 3bedroom house locate",10 Jul 2025,2026-03-27T15:45:02.243062+00:00,for-sale,gauteng,johannesburg-metro,johannesburg-central,orange-grove,1250000.0
privateproperty,T5398508,https://www.privateproperty.co.za/for-sale/gauteng/johannesburg-metro/north-riding-to-lanseria/kya-sands/T5398508,3 Bedroom House in Kya Sands,12000000.0,Kya Sands,North Riding To Lanseria,Gauteng,House,3.0,2.0,1.0,,,,1470.0,1650.0,"3 Bedroom House in Kya Sands, For Sale: 3-Bedroom Home in Tirong Estate, Kya Sands, Randburg R1 300 000 Discover your dream home",22 Feb 2026,2026-03-27T15:44:59.173527+00:00,for-sale,gauteng,johannesburg-metro,north-riding-to-lanseria,kya-sands,1200000.0
privateproperty,T5300355,https://www.privateproperty.co.za/for-sale/gauteng/johannesburg-metro/northcliff/bosmont/T5300355,3 Bedroom House in Bosmont,10300000.0,Bosmont,Northcliff,Gauteng,House,3.0,2.0,3.0,3.0,,,2189.946808510638,680.0,"3 Bedroom House in Bosmont, Spacious, well-kept home. 3 Bedrooms, 2 Bathrooms Main bedroom with modern ensuite Open plan lounge",11 Nov 2025,2026-03-27T15:44:55.721780+00:00,for-sale,gauteng,johannesburg-metro,northcliff,bosmont,1030000.0
privateproperty,T5039738,https://www.privateproperty.co.za/for-sale/gauteng/johannesburg-metro/midrand/clayville/T5039738,2 Bedroom House in Clayville,9500000.0,Clayville,Midrand,Gauteng,House,2.0,1.0,,,,,795.0,850.0,"2 Bedroom House in Clayville, This property consist of 3 bedrooms, 2 bathroom,separate toilet, lounge open plan,fitted kitchen, ou",10 Apr 2025,2026-03-27T15:44:40.545864+00:00,for-sale,gauteng,johannesburg-metro,midrand,clayville,950000.0
privateproperty,T5406991,https://www.privateproperty.co.za/for-sale/gauteng/johannesburg-metro/soweto/protea-glen/T5406991,3 Bedroom House in Protea Glen,8000000.0,Protea Glen,Soweto,Gauteng,House,3.0,2.0,2.0,,,,521.6666666666666,520.0,"3 Bedroom House in Protea Glen, This home has beautiful finishes. It comprises of 3 bedrooms, 2 bath, modern kitchen and lounge tha",27 Feb 2026,2026-03-27T15:44:37.699467+00:00,for-sale,gauteng,johannesburg-metro,soweto,protea-glen,800000.0
privateproperty,T5028563,https://www.privateproperty.co.za/for-sale/gauteng/johannesburg-metro/soweto/protea-glen/T5028563,2 Bedroom House in Protea Glen,7000000.0,Protea Glen,Soweto,Gauteng,House,2.0,1.0,,,,,521.6666666666666,520.0,"2 Bedroom House in Protea Glen, Lovely 2 bedrooms home available for sale in Protea South This home is well situated surrounded by",2 Apr 2025,2026-03-27T15:44:34.984993+00:00,for-sale,gauteng,johannesburg-metro,soweto,protea-glen,700000.0
privateproperty,T5309783,https://www.privateproperty.co.za/for-sale/gauteng/johannesburg-metro/northcliff/riverlea/T5309783,2 Bedroom House in Riverlea,6950000.0,Riverlea,Northcliff,Gauteng,House,2.0,1.0,,,,,2189.946808510638,290.0,"2 Bedroom House in Riverlea, Beautifully renovated 2-Bedroom Home with porcelain tiles throughout the home. Features - Extended",19 Nov 2025,2026-03-27T15:44:30.899285+00:00,for-sale,gauteng,johannesburg-metro,northcliff,riverlea,695000.0
privateproperty,T5386065,https://www.privateproperty.co.za/for-sale/gauteng/johannesburg-metro/lenasia-to-ennerdale/lenasia-south/T5386065,3 Bedroom House in Lenasia South,6500000.0,Lenasia South,Lenasia To Ennerdale,Gauteng,House,3.0,1.0,1.0,1.0,,,150.0,393.0,"3 Bedroom House in Lenasia South, This property is based in Lenasia South ext4 main house: 3 bedrooms with bic fully fitted kitchen",11 Feb 2026,2026-03-27T15:44:27.707021+00:00,for-sale,gauteng,johannesburg-metro,lenasia-to-ennerdale,lenasia-south,650000.0
privateproperty,T5356441,https://www.privateproperty.co.za/for-sale/gauteng/johannesburg-metro/midrand/sagewood/T5356441,1 Bedroom House in Sagewood,5990000.0,Sagewood,Midrand,Gauteng,House,1.0,1.0,1.0,,,,1010.6666666666666,700.0,"1 Bedroom House in Sagewood, This cozy first-floor apartment is perfect for first-time buyers or investors looking for convenienc",20 Jan 2026,2026-03-27T15:44:24.256839+00:00,for-sale,gauteng,johannesburg-metro,midrand,sagewood,599000.0
privateproperty,T5272705,https://www.privateproperty.co.za/for-sale/gauteng/johannesburg-metro/soweto/sol-plaatjie/T5272705,2 Bedroom House in Sol Plaatjie,3200000.0,Sol Plaatjie,Soweto,Gauteng,House,2.0,1.0,,,,,461.18666666666667,535.9565217391304,"2 Bedroom House in Sol Plaatjie, House For Sale in Sol Plaatjie Durban Deep 2 Bedroom Toilet Bathroom Lounge Kitchen Big Outside",20 Oct 2025,2026-03-27T15:44:20.504029+00:00,for-sale,gauteng,johannesburg-metro,soweto,sol-plaatjie,320000.0
privateproperty,T5210199,https://www.privateproperty.co.za/for-sale/gauteng/johannesburg-metro/sandton/morningside/T5210199,5 Bedroom House in Morningside,69990000.0,Morningside,Sandton,Gauteng,House,5.0,5.5,3.0,3.0,,1.0,8450.0,4004.0,"5 Bedroom House in Morningside, Offers from R6 999 million. Asking R7.2 million. We are proud to present you with this spectacular r",29 Aug 2025,2026-03-27T15:44:16.639947+00:00,for-sale,gauteng,johannesburg-metro,sandton,morningside,6999000.0
privateproperty,T5342883,https://www.privateproperty.co.za/for-sale/gauteng/johannesburg-metro/north-riding-to-lanseria/lanseria-and-surrounds/T5342883,3 Bedroom House in Lanseria and surrounds,62000000.0,Lanseria And Surrounds,North Riding To Lanseria,Gauteng,House,3.0,2.5,2.0,2.0,,,1940.6062460267005,900.0,"3 Bedroom House in Lanseria and surrounds, This exceptional home offers the perfect blend of modern comfort, sustainable living, and breathtaki",6 Jan 2026,2026-03-27T15:44:12.525339+00:00,for-sale,gauteng,johannesburg-metro,north-riding-to-lanseria,lanseria-and-surrounds,6200000.0
privateproperty,T5265036,https://www.privateproperty.co.za/for-sale/gauteng/johannesburg-metro/bedfordview/bedfordview/T5265036,4 Bedroom House in Bedfordview,53500000.0,Bedfordview,Bedfordview,Gauteng,House,4.0,3.5,8.0,2.0,,,3000.0,3500.0,"4 Bedroom House in Bedfordview, Situated in a secure and highly sought-after estate, this exquisite triple-storey cluster showcases",14 Oct 2025,2026-03-27T15:44:09.363224+00:00,for-sale,gauteng,johannesburg-metro,bedfordview,bedfordview,5350000.0
privateproperty,T5032810,https://www.privateproperty.co.za/for-sale/gauteng/johannesburg-metro/sandton/morningside/T5032810,7 Bedroom House in Morningside,52500000.0,Morningside,Sandton,Gauteng,House,7.0,6.0,4.0,2.0,800.0,1.0,8450.0,4004.0,"7 Bedroom House in Morningside, UNPARALLELED INVESTMENT IN MORNINGSIDE, SANDTON - Guest house potential or extra large family! Des",6 Apr 2025,2026-03-27T15:44:06.589813+00:00,for-sale,gauteng,johannesburg-metro,sandton,morningside,5250000.0
privateproperty,T5273008,https://www.privateproperty.co.za/for-sale/gauteng/johannesburg-metro/johannesburg-south/eye-of-africa/T5273008,3 Bedroom House in Eye of Africa,36000000.0,Eye Of Africa,Johannesburg South,Gauteng,House,3.0,1.0,2.0,1.0,,399.0,1253.2,949.1418918918919,"3 Bedroom House in Eye of Africa, Access this beautiful Full Title complex In Eye Of Africa For Sale As you enter the beautiful home",20 Oct 2025,2026-03-27T15:44:03.760536+00:00,for-sale,gauteng,johannesburg-metro,johannesburg-south,eye-of-africa,3600000.0
privateproperty,T5112005,https://www.privateproperty.co.za/for-sale/gauteng/johannesburg-metro/sandton/bryanston/T5112005,3 Bedroom House in Bryanston,28500000.0,Bryanston,Sandton,Gauteng,House,3.0,3.0,2.0,2.0,,,5600.0,2800.0,"3 Bedroom House in Bryanston, SPACIOUS, SECURE, SECTIONAL TITLE HOME FOR SALE IN BRYANSTON Situated in the heart of Bryanston, cl",11 Jun 2025,2026-03-27T15:43:59.704966+00:00,for-sale,gauteng,johannesburg-metro,sandton,bryanston,2850000.0
privateproperty,T5404964,https://www.privateproperty.co.za/for-sale/gauteng/johannesburg-metro/johannesburg-south/glenvista/T5404964,3 Bedroom House in Glenvista,27500000.0,Glenvista,Johannesburg South,Gauteng,House,3.0,2.0,3.0,2.0,,1.0,1253.2,2175.5,"3 Bedroom House in Glenvista, Cute & Stunning Family Home in Glenvista! - 3 Beautiful open living rooms with patio & lovely view",26 Feb 2026,2026-03-27T15:43:56.248217+00:00,for-sale,gauteng,johannesburg-metro,johannesburg-south,glenvista,2750000.0
privateproperty,T4881385,https://www.privateproperty.co.za/for-sale/gauteng/johannesburg-metro/rosebank-and-parktown/norwood/T4881385,4 Bedroom House in Norwood,24500000.0,Norwood,Rosebank And Parktown,Gauteng,House,4.0,4.0,3.0,3.0,,495.0,3082.336379310345,2175.516129032258,"4 Bedroom House in Norwood, Your sanctuary in the heart of Norwood - beautifully maintained, warm, and inviting from the moment",17 Nov 2025,2026-03-27T15:43:53.339547+00:00,for-sale,gauteng,johannesburg-metro,rosebank-and-parktown,norwood,2450000.0
privateproperty,T5320333,https://www.privateproperty.co.za/for-sale/gauteng/johannesburg-metro/northcliff/melville/T5320333,3 Bedroom House in Melville,23900000.0,Melville,Northcliff,Gauteng,House,3.0,3.0,3.0,2.0,,377.0,2189.946808510638,1400.0,"3 Bedroom House in Melville, Elegance Meets Modern Living in the Heart of Melville Elegance Meets Modern Living in the Heart of",28 Nov 2025,2026-03-27T15:43:49.806789+00:00,for-sale,gauteng,johannesburg-metro,northcliff,melville,2390000.0
privateproperty,T5356304,https://www.privateproperty.co.za/for-sale/gauteng/johannesburg-metro/johannesburg-central/observatory/T5356304,4 Bedroom House in Observatory,23900000.0,Observatory,Johannesburg Central,Gauteng,House,4.0,3.0,6.0,2.0,,1.0,1938.8333333333333,1300.0,"4 Bedroom House in Observatory, Experience Elegant Living in a Prime Observatory Enclave Welcome to your future homean exquisite 4-",19 Jan 2026,2026-03-27T15:43:45.738607+00:00,for-sale,gauteng,johannesburg-metro,johannesburg-central,observatory,2390000.0
privateproperty,T5395694,https://www.privateproperty.co.za/for-sale/gauteng/johannesburg-metro/randburg/blairgowrie/T5395694,4 Bedroom House in Blairgowrie,20500000.0,Blairgowrie,Randburg,Gauteng,House,3.0,3.0,2.0,2.0,816.0,,1801.9241935483872,1580.0,"4 Bedroom House in Blairgowrie, Exceptional Space, Security & Convenience in a Prime Blairgowrie Location Situated in a quiet, esta",19 Feb 2026,2026-03-27T15:43:42.407887+00:00,for-sale,gauteng,johannesburg-metro,randburg,blairgowrie,2050000.0
privateproperty,T5078075,https://www.privateproperty.co.za/for-sale/gauteng/johannesburg-metro/northcliff/crosby/T5078075,4 Bedroom House in Crosby,18000000.0,Crosby,Northcliff,Gauteng,House,4.0,3.0,4.0,,,573.0,2189.946808510638,1709.8433886375062,"4 Bedroom House in Crosby, 4 Bedroom 3 Bathroom Family house 4-Bedroom Family House for Sale in Crosby. Perfect Investment Pro",15 May 2025,2026-03-27T15:43:39.816451+00:00,for-sale,gauteng,johannesburg-metro,northcliff,crosby,1800000.0
privateproperty,T5177424,https://www.privateproperty.co.za/for-sale/gauteng/johannesburg-metro/midrand/president-park/T5177424,2 Bedroom House in President Park,17500000.0,President Park,Midrand,Gauteng,House,2.0,2.0,2.0,,,8.0,2000.0,900.0,"2 Bedroom House in President Park, Located in the suburb of President Park, this 2-bedroom home offers comfort, space, and versatility",4 Aug 2025,2026-03-27T15:43:37.024238+00:00,for-sale,gauteng,johannesburg-metro,midrand,president-park,1750000.0
privateproperty,T5437716,https://www.privateproperty.co.za/for-sale/gauteng/johannesburg-metro/randburg/ferndale/randburg-central/302-lion-pride/1-crn-malibombwe-drive/T5437716,3 Bedroom House in Randburg Central,16381650.0,Ferndale,Randburg,Gauteng,House,3.0,2.0,2.0,,89.0,250.0,1000.0,1000.0,"3 Bedroom House in Randburg Central, 302 lion pride, 1 crn malibombwe drive, NEW 3 BED 2 BATH HOUSES FOR SALE IN JOHANNESBURG SECURE LIFESTYLE ESTATE NO TRANSFER COSTS BUY DIR",25 Mar 2026,2026-03-27T15:43:32.721491+00:00,for-sale,gauteng,johannesburg-metro,randburg,ferndale,1638165.0
privateproperty,T5437729,https://www.privateproperty.co.za/for-sale/gauteng/johannesburg-metro/sandton/dainfern/666-lion-pride/1-bushmaster/T5437729,3 Bedroom House in Dainfern,15223030.0,Dainfern,Sandton,Gauteng,House,3.0,2.0,2.0,,62.0,250.0,900.0,900.0,"3 Bedroom House in Dainfern, 666 lion pride, 1 bushmaster, NEW 3 BED 2 BATH HOUSES FOR SALE IN JOHANNESBURG SECURE LIFESTYLE ESTATE NO TRANSFER COSTS BUY DIR",25 Mar 2026,2026-03-27T15:43:30.100747+00:00,for-sale,gauteng,johannesburg-metro,sandton,dainfern,1522303.0
privateproperty,T5119187,https://www.privateproperty.co.za/for-sale/gauteng/johannesburg-metro/soweto/protea-glen/T5119187,5 Bedroom House in Protea Glen,14900000.0,Protea Glen,Soweto,Gauteng,House,2.0,2.0,2.0,2.0,300.0,300.0,521.6666666666666,520.0,"5 Bedroom House in Protea Glen, Ready to move-in home in PROTEA GLEN EXT 16 Discover this generously sized 5-bedroom home designed f",17 Jun 2025,2026-03-27T15:43:27.338597+00:00,for-sale,gauteng,johannesburg-metro,soweto,protea-glen,1490000.0
privateproperty,T5414043,https://www.privateproperty.co.za/for-sale/gauteng/johannesburg-metro/north-riding-to-lanseria/north-riding/T5414043,3 Bedroom House in North Riding,13800000.0,North Riding,North Riding To Lanseria,Gauteng,House,3.0,2.0,2.0,,125.0,,1612.25,1152.0,"3 Bedroom House in North Riding, This 3 Bedroom Cluster Private secure Estate living . This 125 sqm simplex offers an inviting open",5 Mar 2026,2026-03-27T15:43:24.235097+00:00,for-sale,gauteng,johannesburg-metro,north-riding-to-lanseria,north-riding,1380000.0
privateproperty,T5409226,https://www.privateproperty.co.za/for-sale/gauteng/johannesburg-metro/lenasia-to-ennerdale/lenasia/T5409226,3 Bedroom House in Lenasia,13450000.0,Lenasia,Lenasia To Ennerdale,Gauteng,House,3.0,2.0,,,,,900.0,900.0,"3 Bedroom House in Lenasia, A Smart Move Towards Quality Living Invest in a property that offers both luxury finishes and financ",2 Mar 2026,2026-03-27T15:43:21.464156+00:00,for-sale,gauteng,johannesburg-metro,lenasia-to-ennerdale,lenasia,1345000.0
privateproperty,T5429807,https://www.privateproperty.co.za/for-sale/gauteng/johannesburg-metro/soweto/tshepisong/32020-emporors-security-estate-32020-drew-street/T5429807,3 Bedroom House in Tshepisong,12331500.0,Tshepisong,Soweto,Gauteng,House,3.0,2.0,2.0,,71.0,300.0,560.0,950.0,"3 Bedroom House in Tshepisong, 32020 emporors security estate , 32020 drew street, Emperors Security Estate is the most exclusive middle-class security estate. Designed with your life",19 Mar 2026,2026-03-27T15:43:18.821425+00:00,for-sale,gauteng,johannesburg-metro,soweto,tshepisong,1233150.0
privateproperty,T5431459,https://www.privateproperty.co.za/for-sale/gauteng/johannesburg-metro/soweto/orlando/34545-emporors-security-estate-34545-sambo/T5431459,3 Bedroom House in Orlando,12331500.0,Orlando,Soweto,Gauteng,House,3.0,2.0,2.0,,71.0,300.0,560.0,950.0,"3 Bedroom House in Orlando, 34545 emporors security estate , 34545 sambo, Emperors Security Estate is the most exclusive middle-class security estate. Designed with your life",20 Mar 2026,2026-03-27T15:43:15.836547+00:00,for-sale,gauteng,johannesburg-metro,soweto,orlando,1233150.0
privateproperty,T5436540,https://www.privateproperty.co.za/for-sale/gauteng/johannesburg-metro/soweto/pimville/34567-emporors-security-estate-34567-hill-street/T5436540,3 Bedroom House in Pimville,12331500.0,Pimville,Soweto,Gauteng,House,3.0,2.0,2.0,,71.0,300.0,560.0,950.0,"3 Bedroom House in Pimville, 34567 emporors security estate , 34567 hill street, Emperors Security Estate is the most exclusive middle-class security estate. Designed with your life",25 Mar 2026,2026-03-27T15:43:11.863234+00:00,for-sale,gauteng,johannesburg-metro,soweto,pimville,1233150.0
privateproperty,T4779320,https://www.privateproperty.co.za/for-sale/gauteng/johannesburg-metro/northcliff/riverlea/T4779320,4 Bedroom House in Riverlea,12000000.0,Riverlea,Northcliff,Gauteng,House,4.0,3.0,5.0,1.0,308.0,,2189.946808510638,685.0,"4 Bedroom House in Riverlea, It is a corner stand house. Offering 4 bedrooms and 3 bathrooms. Two of the bedrooms are en-suite. I",6 Sep 2024,2026-03-27T15:43:08.635107+00:00,for-sale,gauteng,johannesburg-metro,northcliff,riverlea,1200000.0
privateproperty,T4928873,https://www.privateproperty.co.za/for-sale/gauteng/johannesburg-metro/northcliff/riverlea/T4928873,3 Bedroom House in Riverlea,9990000.0,Riverlea,Northcliff,Gauteng,House,3.0,2.0,2.0,2.0,253.0,,2189.946808510638,685.0,"3 Bedroom House in Riverlea, A HOME TO FALL IN LOVE WITH IN RIVERLEA EXT 3 This property is just a move-in. It is located in Riv",22 Jan 2025,2026-03-27T15:43:04.607496+00:00,for-sale,gauteng,johannesburg-metro,northcliff,riverlea,999000.0
privateproperty,T5380412,https://www.privateproperty.co.za/for-sale/gauteng/johannesburg-metro/north-riding-to-lanseria/cosmo-city/T5380412,3 Bedroom House in Cosmo City,8950000.0,Cosmo City,North Riding To Lanseria,Gauteng,House,3.0,1.0,1.0,1.0,,332.0,1300.0,1750.0,"3 Bedroom House in Cosmo City, FIXER UPPER, WITH GREAT INVESTMENT POTENTIAL Discover the charm of suburban living in this delightf",7 Feb 2026,2026-03-27T15:43:01.548216+00:00,for-sale,gauteng,johannesburg-metro,north-riding-to-lanseria,cosmo-city,895000.0
privateproperty,T5392003,https://www.privateproperty.co.za/for-sale/gauteng/johannesburg-metro/soweto/protea-glen/T5392003,3 Bedroom House in Protea Glen,8900000.0,Protea Glen,Soweto,Gauteng,House,3.0,1.0,2.0,2.0,,314.0,521.6666666666666,520.0,"3 Bedroom House in Protea Glen, Nestled in the highly desirable area of Protea Glen, this stunning property offers an ideal blend of",17 Feb 2026,2026-03-27T15:42:58.341617+00:00,for-sale,gauteng,johannesburg-metro,soweto,protea-glen,890000.0
privateproperty,T5382127,https://www.privateproperty.co.za/for-sale/gauteng/johannesburg-metro/lenasia-to-ennerdale/lenasia-south/T5382127,3 Bedroom House in Lenasia South,8700000.0,Lenasia South,Lenasia To Ennerdale,Gauteng,House,3.0,2.0,1.0,1.0,,450.0,150.0,393.0,"3 Bedroom House in Lenasia South, 3 Bedrooms with walk in closet lounge kitchen 2x bathrooms 2x toilets garage 6 car parking fully wal",9 Feb 2026,2026-03-27T15:42:54.069376+00:00,for-sale,gauteng,johannesburg-metro,lenasia-to-ennerdale,lenasia-south,870000.0
privateproperty,T4792705,https://www.privateproperty.co.za/for-sale/gauteng/johannesburg-metro/northcliff/riverlea/T4792705,3 Bedroom House in Riverlea,7300000.0,Riverlea,Northcliff,Gauteng,House,3.0,2.0,2.0,2.0,,218.0,2189.946808510638,685.0,"3 Bedroom House in Riverlea, This property is situated at Riverlea Ext 5 behind the sasol garage. It offers 3 bedrooms and 2 bath",17 Sep 2024,2026-03-27T15:42:50.148763+00:00,for-sale,gauteng,johannesburg-metro,northcliff,riverlea,730000.0
privateproperty,T5271846,https://www.privateproperty.co.za/for-sale/gauteng/johannesburg-metro/soweto/devland/T5271846,3 Bedroom House in Devland,6490000.0,Devland,Soweto,Gauteng,House,3.0,2.0,1.0,1.0,,201.0,461.18666666666667,250.0,"3 Bedroom House in Devland, This property is located at the suburb of Freedom Park in Devland. It offers 3 bedrooms and 2 bathro",18 Oct 2025,2026-03-27T15:42:46.257785+00:00,for-sale,gauteng,johannesburg-metro,soweto,devland,649000.0
privateproperty,T5387879,https://www.privateproperty.co.za/for-sale/gauteng/johannesburg-metro/northcliff/riverlea/T5387879,3 Bedroom House in Riverlea,5990000.0,Riverlea,Northcliff,Gauteng,House,3.0,1.0,,,,220.0,2189.946808510638,685.0,"3 Bedroom House in Riverlea, Situated in Riverlea Ext 10, conveniently located behind the Sasol garage, this neat home offers thr",12 Feb 2026,2026-03-27T15:42:43.333438+00:00,for-sale,gauteng,johannesburg-metro,northcliff,riverlea,599000.0
privateproperty,T4996474,https://www.privateproperty.co.za/for-sale/gauteng/johannesburg-metro/midrand/kyalami-ah/T4996474,5 Bedroom House in Kyalami AH,300000000.0,Kyalami Ah,Midrand,Gauteng,House,5.0,6.5,8.0,3.0,1.0,,3900.0,2908.0,"5 Bedroom House in Kyalami AH, Kincardine Executive Lifestyle Country Estate encapsulates the best of both worlds a quiet, peacefu",10 Mar 2025,2026-03-27T15:42:40.177758+00:00,for-sale,gauteng,johannesburg-metro,midrand,kyalami-ah,30000000.0
privateproperty,T5245276,https://www.privateproperty.co.za/for-sale/gauteng/johannesburg-metro/sandton/dainfern/dainfern-golf-estate/T5245276,5 Bedroom House in Dainfern Golf Estate,255000000.0,Dainfern,Sandton,Gauteng,House,5.0,4.5,2.0,2.0,554.0,878.0,4760.0,900.0,"5 Bedroom House in Dainfern Golf Estate, Supreme sustainable sophistication offering stunning views in Dainfern Golf Estate We are proud to",26 Sep 2025,2026-03-27T15:42:36.971186+00:00,for-sale,gauteng,johannesburg-metro,sandton,dainfern,25500000.0
privateproperty,T4921210,https://www.privateproperty.co.za/for-sale/gauteng/johannesburg-metro/sandton/dainfern-valley/T4921210,6 Bedroom House in Dainfern Valley,189950000.0,Dainfern Valley,Sandton,Gauteng,House,6.0,6.0,4.0,4.0,1.0,1.0,4510.0,5000.0,"6 Bedroom House in Dainfern Valley, Mansion on the River in Dainfern Valley Estate The abundance of a luxurious lifestyle is completed",16 Jan 2025,2026-03-27T15:42:33.670415+00:00,for-sale,gauteng,johannesburg-metro,sandton,dainfern-valley,18995000.0
privateproperty,T3325324,https://www.privateproperty.co.za/for-sale/gauteng/johannesburg-metro/sandton/dainfern-valley/T3325324,6 Bedroom House in Dainfern Valley,189900000.0,Dainfern Valley,Sandton,Gauteng,House,6.0,6.5,3.0,3.0,1.0,1.0,4370.0,5000.0,"6 Bedroom House in Dainfern Valley, Desirable location and magnificent river position consume this incredible six-bedroom residence. Ste",6 Nov 2024,2026-03-27T15:42:29.983231+00:00,for-sale,gauteng,johannesburg-metro,sandton,dainfern-valley,18990000.0
privateproperty,T5208131,https://www.privateproperty.co.za/for-sale/gauteng/johannesburg-metro/midrand/waterfall-estate/waterfall-country-estate/T5208131,5 Bedroom House in Waterfall Country Estate,179990000.0,Waterfall Estate,Midrand,Gauteng,House,5.0,5.5,3.0,2.0,760.0,1.0,4400.0,5850.0,"5 Bedroom House in Waterfall Country Estate, Welcome to your dream home , is still under construction a stunning 5-bedroom, 5-bathroom residence",28 Aug 2025,2026-03-27T15:42:13.946050+00:00,for-sale,gauteng,johannesburg-metro,midrand,waterfall-estate,17999000.0
privateproperty,T5396547,https://www.privateproperty.co.za/for-sale/gauteng/johannesburg-metro/midrand/waterfall-estate/waterfall-country-estate/T5396547,5 Bedroom House in Waterfall Country Estate,175000000.0,Waterfall Estate,Midrand,Gauteng,House,5.0,4.5,3.0,3.0,701.0,1.0,5100.0,7000.0,"5 Bedroom House in Waterfall Country Estate, Luxury Contemporary Residence for Sale Experience architectural elegance and contemporary luxury in",20 Feb 2026,2026-03-27T15:42:10.706497+00:00,for-sale,gauteng,johannesburg-metro,midrand,waterfall-estate,17500000.0
privateproperty,T5336926,https://www.privateproperty.co.za/for-sale/gauteng/johannesburg-metro/sandton/atholl/T5336926,5 Bedroom House in Atholl,159990000.0,Atholl,Sandton,Gauteng,House,5.0,4.5,3.0,3.0,,1.0,6160.0,5000.0,"5 Bedroom House in Atholl, Timeless. Uncompromising. Set on an impressive stand in the heart of Atholl, this extraordinary arch",17 Dec 2025,2026-03-27T15:42:03.901014+00:00,for-sale,gauteng,johannesburg-metro,sandton,atholl,15999000.0
privateproperty,T5371046,https://www.privateproperty.co.za/for-sale/gauteng/johannesburg-metro/sandton/dainfern/dainfern-golf-estate/T5371046,6 Bedroom House in Dainfern Golf Estate,129000000.0,Dainfern,Sandton,Gauteng,House,6.0,6.0,3.0,3.0,804.0,1.0,4760.0,900.0,"6 Bedroom House in Dainfern Golf Estate, 5 Bedroom Family Home on the Greenbelt in Dainfern Golf Estate. Experience luxury family living in",30 Jan 2026,2026-03-27T15:41:59.795574+00:00,for-sale,gauteng,johannesburg-metro,sandton,dainfern,12900000.0
privateproperty,T5345875,https://www.privateproperty.co.za/for-sale/gauteng/johannesburg-metro/midrand/waterfall-estate/waterfall-country-estate/T5345875,5 Bedroom House in Waterfall Country Estate,119990000.0,Waterfall Estate,Midrand,Gauteng,House,5.0,5.0,5.0,3.0,720.0,1.0,5332.0,5850.0,"5 Bedroom House in Waterfall Country Estate, Where classic country style meets timeless elegance and modern convenience. This beautifully appoin",9 Jan 2026,2026-03-27T15:41:56.257758+00:00,for-sale,gauteng,johannesburg-metro,midrand,waterfall-estate,11999000.0
privateproperty,T4512345,https://www.privateproperty.co.za/for-sale/gauteng/johannesburg-metro/midrand/helderfontein-estate/T4512345,4 Bedroom House in Helderfontein Estate,119950000.0,Helderfontein Estate,Midrand,Gauteng,House,4.0,4.0,4.0,4.0,550.0,1.0,4240.0,2800.0,"4 Bedroom House in Helderfontein Estate, Experience elegance in this sophisticated masterpiece nestled within the prestigious Helderfontein E",12 Feb 2024,2026-03-27T15:41:52.305787+00:00,for-sale,gauteng,johannesburg-metro,midrand,helderfontein-estate,11995000.0
privateproperty,T5077885,https://www.privateproperty.co.za/for-sale/gauteng/johannesburg-metro/sandton/dainfern/dainfern-golf-estate/T5077885,4 Bedroom House in Dainfern Golf Estate,119500000.0,Dainfern,Sandton,Gauteng,House,4.0,3.0,3.0,3.0,627.0,1.0,4760.0,900.0,"4 Bedroom House in Dainfern Golf Estate, Understated Elegance, unique, special, and a rare find. A superior family residence that embodies s",15 May 2025,2026-03-27T15:41:48.286190+00:00,for-sale,gauteng,johannesburg-metro,sandton,dainfern,11950000.0
privateproperty,T5396576,https://www.privateproperty.co.za/for-sale/gauteng/johannesburg-metro/midrand/helderfontein-estate/T5396576,4 Bedroom House in Helderfontein Estate,115000000.0,Helderfontein Estate,Midrand,Gauteng,House,4.0,4.5,2.0,2.0,380.0,700.0,4000.0,2800.0,"4 Bedroom House in Helderfontein Estate, An Exquisite 4-Bedroom Estate Home Welcome to an unparalleled luxury living experience in the prest",20 Feb 2026,2026-03-27T15:41:44.118357+00:00,for-sale,gauteng,johannesburg-metro,midrand,helderfontein-estate,11500000.0
privateproperty,T5147643,https://www.privateproperty.co.za/for-sale/gauteng/johannesburg-metro/midrand/waterfall-estate/waterfall-country-estate/T5147643,4 Bedroom House in Waterfall Country Estate,99990000.0,Waterfall Estate,Midrand,Gauteng,House,4.0,5.5,4.0,3.0,539.0,1.0,4200.0,5800.0,"4 Bedroom House in Waterfall Country Estate, Welcome to your slice of paradise! Nestled in the prestigious Waterfall Country Estate, this immacul",10 Jul 2025,2026-03-27T15:41:40.367802+00:00,for-sale,gauteng,johannesburg-metro,midrand,waterfall-estate,9999000.0
privateproperty,T5372643,https://www.privateproperty.co.za/for-sale/gauteng/johannesburg-metro/sandton/atholl/T5372643,5 Bedroom House in Atholl,99990000.0,Atholl,Sandton,Gauteng,House,5.0,5.5,8.0,4.0,900.0,1.0,6160.0,6066.0,"5 Bedroom House in Atholl, A Grand Atholl Estate of Distinction The Owner is asking more The Owner will only consider all seri",2 Feb 2026,2026-03-27T15:41:37.250061+00:00,for-sale,gauteng,johannesburg-metro,sandton,atholl,9999000.0
privateproperty,T5077746,https://www.privateproperty.co.za/for-sale/gauteng/johannesburg-metro/midrand/kyalami/kyalami-heights/T5077746,5 Bedroom House in Kyalami Heights,89999990.0,Kyalami,Midrand,Gauteng,House,5.0,4.0,4.0,4.0,580.0,3.0,4800.0,7500.0,"5 Bedroom House in Kyalami Heights, A Luxury Home Nestled in a sought after Estate in Kyalami! Owner asking R9.5m. Step into luxury w",25 Oct 2025,2026-03-27T15:41:33.701134+00:00,for-sale,gauteng,johannesburg-metro,midrand,kyalami,8999999.0
privateproperty,T5230770,https://www.privateproperty.co.za/for-sale/gauteng/johannesburg-metro/johannesburg-central/linksfield/T5230770,4 Bedroom House in Linksfield,89500000.0,Linksfield,Johannesburg Central,Gauteng,House,4.0,4.0,4.0,,651.0,1.0,1938.8333333333333,2750.0,"4 Bedroom House in Linksfield, Discover the ultimate in secure and stylish living with this magnificent family home, perfectly posi",15 Sep 2025,2026-03-27T15:41:29.802715+00:00,for-sale,gauteng,johannesburg-metro,johannesburg-central,linksfield,8950000.0
privateproperty,T5383836,https://www.privateproperty.co.za/for-sale/gauteng/johannesburg-metro/sandton/hurlingham/T5383836,7 Bedroom House in Hurlingham,85000000.0,Hurlingham,Sandton,Gauteng,House,7.0,6.0,10.0,2.0,631.0,2.0,3593.091126135769,4000.0,"7 Bedroom House in Hurlingham, An Exceptional Timeless Gem to take pride in Discover the pinnacle of Luxury living in this 2403 sq",10 Feb 2026,2026-03-27T15:41:26.453358+00:00,for-sale,gauteng,johannesburg-metro,sandton,hurlingham,8500000.0
privateproperty,T5298988,https://www.privateproperty.co.za/for-sale/gauteng/johannesburg-metro/midrand/waterfall-estate/waterfall-country-estate/T5298988,4 Bedroom House in Waterfall Country Estate,84990000.0,Waterfall Estate,Midrand,Gauteng,House,4.0,4.5,2.0,,,1.0,5332.0,5850.0,"4 Bedroom House in Waterfall Country Estate, Welcome to your dream home, nestled within the serene surroundings of Waterfall Country Estate, wher",11 Nov 2025,2026-03-27T15:41:23.042715+00:00,for-sale,gauteng,johannesburg-metro,midrand,waterfall-estate,8499000.0
privateproperty,T5221702,https://www.privateproperty.co.za/for-sale/gauteng/johannesburg-metro/bedfordview/bedford-gardens/T5221702,4 Bedroom House in Bedford Gardens,76000000.0,Bedford Gardens,Bedfordview,Gauteng,House,4.0,4.5,8.0,4.0,750.0,1.0,3000.0,5670.0,"4 Bedroom House in Bedford Gardens, Set within one of Bedfordviews most exclusive and secure enclaves, this double-storey cluster home i",8 Sep 2025,2026-03-27T15:41:20.225115+00:00,for-sale,gauteng,johannesburg-metro,bedfordview,bedford-gardens,7600000.0
privateproperty,T5207948,https://www.privateproperty.co.za/for-sale/gauteng/johannesburg-metro/sandton/morningside/T5207948,6 Bedroom House in Morningside,74999990.0,Morningside,Sandton,Gauteng,House,6.0,7.5,4.0,4.0,750.0,2.0,8450.0,4632.0,"6 Bedroom House in Morningside, REDUCED TO GO NOW asking price Magnificent Large Grand Luxurious family home. 6 Bedroom Residen",28 Aug 2025,2026-03-27T15:41:17.395534+00:00,for-sale,gauteng,johannesburg-metro,sandton,morningside,7499999.0
privateproperty,T5353369,https://www.privateproperty.co.za/for-sale/gauteng/johannesburg-metro/sandton/dainfern/T5353369,3 Bedroom House in Dainfern,69000000.0,Dainfern,Sandton,Gauteng,House,3.0,3.5,2.0,2.0,430.0,917.0,4760.0,900.0,"3 Bedroom House in Dainfern, Live in Perfect Harmony in a sought-after village in Dainfern Golf Estate We are proud to present a",16 Jan 2026,2026-03-27T15:41:14.708765+00:00,for-sale,gauteng,johannesburg-metro,sandton,dainfern,6900000.0
privateproperty,T5137774,https://www.privateproperty.co.za/for-sale/gauteng/johannesburg-metro/midrand/waterfall-estate/waterfall-hills-mature-lifestyle-estate/T5137774,2 Bedroom House in Waterfall Hills Mature Lifestyle Estate,67500000.0,Waterfall Estate,Midrand,Gauteng,House,2.0,2.0,2.5,2.5,273.0,1.0,11270.0,4674.0,"2 Bedroom House in Waterfall Hills Mature Lifestyle Estate, Every so often, a property becomes available that is so distinctive, it feels as though it was made",2 Jul 2025,2026-03-27T15:41:10.478484+00:00,for-sale,gauteng,johannesburg-metro,midrand,waterfall-estate,6750000.0
privateproperty,T5117378,https://www.privateproperty.co.za/for-sale/gauteng/johannesburg-metro/sandton/bryanston/T5117378,4 Bedroom House in Bryanston,61000000.0,Bryanston,Sandton,Gauteng,House,4.0,3.5,3.0,3.0,590.0,1.0,3500.0,2500.0,"4 Bedroom House in Bryanston, Elegant 4-Bedroom Double Storey Home in Berkeley Height Estate, Bryanston. Only considering offers",16 Jun 2025,2026-03-27T15:41:06.307695+00:00,for-sale,gauteng,johannesburg-metro,sandton,bryanston,6100000.0
privateproperty,T5368377,https://www.privateproperty.co.za/for-sale/gauteng/johannesburg-metro/sandton/beverley/T5368377,3 Bedroom House in Beverley,49990000.0,Beverley,Sandton,Gauteng,House,3.0,2.0,2.0,2.0,345.0,810.0,4565.0,2727.0,"3 Bedroom House in Beverley, Features Entrance hall Lounge Dining room Family room Bar this can be easily converted to a 4th",28 Jan 2026,2026-03-27T15:41:03.396089+00:00,for-sale,gauteng,johannesburg-metro,sandton,beverley,4999000.0
privateproperty,T4982494,https://www.privateproperty.co.za/for-sale/gauteng/johannesburg-metro/sandton/bryanston/T4982494,3 Bedroom House in Bryanston,49500000.0,Bryanston,Sandton,Gauteng,House,3.0,2.0,2.0,2.0,,4.0,5156.928571428572,2582.0,"3 Bedroom House in Bryanston, Spacious Acre Property in Bryanston Endless Potential! Set on a magnificent one-acre stand in a pr",27 Feb 2025,2026-03-27T15:41:00.373960+00:00,for-sale,gauteng,johannesburg-metro,sandton,bryanston,4950000.0
privateproperty,T5284609,https://www.privateproperty.co.za/for-sale/gauteng/johannesburg-metro/midrand/carlswald-north-estate/T5284609,5 Bedroom House in Carlswald North Estate,48990000.0,Carlswald North Estate,Midrand,Gauteng,House,5.0,4.5,4.0,2.0,632.0,882.0,2482.0,5137.0,"5 Bedroom House in Carlswald North Estate, Welcome to this exquisite family home nestled within the highly sought-after Carlswald North Estate",29 Oct 2025,2026-03-27T15:40:57.624768+00:00,for-sale,gauteng,johannesburg-metro,midrand,carlswald-north-estate,4899000.0
privateproperty,T5421378,https://www.privateproperty.co.za/for-sale/gauteng/johannesburg-metro/sandton/lonehill/T5421378,4 Bedroom House in Lonehill,48500000.0,Lonehill,Sandton,Gauteng,House,4.0,4.0,2.0,2.0,,1.0,2243.6363636363635,2426.0,"4 Bedroom House in Lonehill, Features: Entrance hall Spacious lounge Formal dining room Kitchen with 6-burner SMEG hob and elegan",12 Mar 2026,2026-03-27T15:40:54.206719+00:00,for-sale,gauteng,johannesburg-metro,sandton,lonehill,4850000.0
privateproperty,T5377621,https://www.privateproperty.co.za/for-sale/gauteng/johannesburg-metro/north-riding-to-lanseria/boskruin/T5377621,5 Bedroom House in Boskruin,48000000.0,Boskruin,North Riding To Lanseria,Gauteng,House,5.0,5.0,2.0,2.0,440.0,858.0,2450.0,2452.0,"5 Bedroom House in Boskruin, Looking for the perfect home for extended families or a work-from-home lifestyle Look no further! Ne",5 Feb 2026,2026-03-27T15:40:51.213125+00:00,for-sale,gauteng,johannesburg-metro,north-riding-to-lanseria,boskruin,4800000.0
privateproperty,T5158000,https://www.privateproperty.co.za/for-sale/gauteng/johannesburg-metro/midrand/summerset/T5158000,6 Bedroom House in Summerset,47490000.0,Summerset,Midrand,Gauteng,House,6.0,6.5,4.0,4.0,525.0,,2650.0,3125.0,"6 Bedroom House in Summerset, Luxurious 6-Bedroom Family Home in Summerset Estate: Where Elegance Meets Comfort Welcome to this s",18 Jul 2025,2026-03-27T15:40:47.990681+00:00,for-sale,gauteng,johannesburg-metro,midrand,summerset,4749000.0
privateproperty,T5041904,https://www.privateproperty.co.za/for-sale/gauteng/johannesburg-metro/sandton/lonehill/T5041904,3 Bedroom House in Lonehill,45770000.0,Lonehill,Sandton,Gauteng,House,3.0,3.5,4.0,2.0,251.0,420.0,3200.0,2700.0,"3 Bedroom House in Lonehill, Build Your Dream Home Move in Within 7 Months VAT Included, No Transfer Duty 3 Stands to choose fro",12 Apr 2025,2026-03-27T15:40:44.197228+00:00,for-sale,gauteng,johannesburg-metro,sandton,lonehill,4577000.0
privateproperty,T5383181,https://www.privateproperty.co.za/for-sale/gauteng/johannesburg-metro/midrand/blue-hills/T5383181,5 Bedroom House in Blue Hills,36000000.0,Blue Hills,Midrand,Gauteng,House,5.0,4.0,2.0,2.0,,400.0,1650.0,2500.0,"5 Bedroom House in Blue Hills, FOR SALE: Elegant 5-Bedroom Modern Home in Blue Hills Price: R3650 000 Step into refined, contempor",10 Feb 2026,2026-03-27T15:40:40.419403+00:00,for-sale,gauteng,johannesburg-metro,midrand,blue-hills,3600000.0
privateproperty,T5398188,https://www.privateproperty.co.za/for-sale/gauteng/johannesburg-metro/midrand/glen-austin/T5398188,8 Bedroom House in Glen Austin,35000000.0,Glen Austin,Midrand,Gauteng,House,2.0,7.0,13.0,5.0,,8.0,5045.0,1900.0,"8 Bedroom House in Glen Austin, Set on a generous stand in the heart of Glen Austin, this exceptional property offers the perfect bl",21 Feb 2026,2026-03-27T15:40:36.748727+00:00,for-sale,gauteng,johannesburg-metro,midrand,glen-austin,3500000.0
privateproperty,T5093966,https://www.privateproperty.co.za/for-sale/gauteng/johannesburg-metro/midrand/kyalami/kyalami-glen-estate/T5093966,3 Bedroom House in Kyalami Glen Estate,34990000.0,Kyalami,Midrand,Gauteng,House,3.0,2.0,2.0,2.0,322.0,498.0,2458.0,2289.0,"3 Bedroom House in Kyalami Glen Estate, 3-bedroom, 2-bathroom family home This stylish, contemporary home is available in the sought-after",28 May 2025,2026-03-27T15:40:33.041702+00:00,for-sale,gauteng,johannesburg-metro,midrand,kyalami,3499000.0
privateproperty,T4851546,https://www.privateproperty.co.za/for-sale/gauteng/johannesburg-metro/sandton/bryanston/40-westminster-place/28-westminster-avenue-avenue/T4851546,4 Bedroom House in Bryanston,32980000.0,Bryanston,Sandton,Gauteng,House,4.0,4.5,3.0,2.0,200.0,,5156.928571428572,3250.0,"4 Bedroom House in Bryanston, 40 westminster place, 28 westminster avenue avenue, SLEEK. STYLISH. SERENE Only a few duplex homes available in this highly popular development in Brya",4 Nov 2024,2026-03-27T15:40:29.898411+00:00,for-sale,gauteng,johannesburg-metro,sandton,bryanston,3298000.0
privateproperty,T3663712,https://www.privateproperty.co.za/for-sale/gauteng/johannesburg-metro/midrand/kyalami/T3663712,3 Bedroom House in Kyalami,31000000.0,Kyalami,Midrand,Gauteng,House,3.0,2.0,2.0,2.0,265.0,601.0,1750.0,1850.0,"3 Bedroom House in Kyalami, ON SHOW THIS SUNDAY, 29 MARCH 2026, 2 TO 4PM In the ever increasing popular Kyalami Terrace there i",26 Jan 2026,2026-03-27T15:40:27.229365+00:00,for-sale,gauteng,johannesburg-metro,midrand,kyalami,3100000.0
privateproperty,T5356725,https://www.privateproperty.co.za/for-sale/gauteng/johannesburg-metro/sandton/morningside-manor/T5356725,4 Bedroom House in Morningside Manor,29990000.0,Morningside Manor,Sandton,Gauteng,House,4.0,2.5,3.0,1.0,380.0,1.0,600.0,2810.0,"4 Bedroom House in Morningside Manor, A Renovator''s Dream Home Awaits! Step into this stunning Moroccan-style gem in the exclusive gated",20 Jan 2026,2026-03-27T15:40:23.600892+00:00,for-sale,gauteng,johannesburg-metro,sandton,morningside-manor,2999000.0
privateproperty,T5389134,https://www.privateproperty.co.za/for-sale/gauteng/johannesburg-metro/midrand/blue-hills/T5389134,4 Bedroom House in Blue Hills,29990000.0,Blue Hills,Midrand,Gauteng,House,4.0,3.0,2.0,2.0,,400.0,1650.0,1800.0,"4 Bedroom House in Blue Hills, Elegant 4-Bedroom Family Home in Blue Hills, Midrand EXCLUSIVE MANDATE Situated in the sought-afte",13 Feb 2026,2026-03-27T15:40:20.779152+00:00,for-sale,gauteng,johannesburg-metro,midrand,blue-hills,2999000.0
privateproperty,T5067511,https://www.privateproperty.co.za/for-sale/gauteng/johannesburg-metro/sandton/broadacres/T5067511,3 Bedroom House in Broadacres,29950000.0,Broadacres,Sandton,Gauteng,House,3.0,2.0,2.0,2.0,,790.0,2860.0,1486.0,"3 Bedroom House in Broadacres, Secure estate living Beautiful single-story home featuring an elegantly designed layout in a secure",7 May 2025,2026-03-27T15:40:17.817019+00:00,for-sale,gauteng,johannesburg-metro,sandton,broadacres,2995000.0
privateproperty,T5197286,https://www.privateproperty.co.za/for-sale/gauteng/johannesburg-metro/rosebank-and-parktown/savoy-estate/T5197286,3 Bedroom House in Savoy Estate,29800000.0,Savoy Estate,Rosebank And Parktown,Gauteng,House,3.0,2.5,4.0,2.0,380.0,1.0,3082.336379310345,2218.0,"3 Bedroom House in Savoy Estate, A Spacious and Versatile Family Home in a Secure Prime Location. The property offers the convenienc",19 Aug 2025,2026-03-27T15:40:15.082979+00:00,for-sale,gauteng,johannesburg-metro,rosebank-and-parktown,savoy-estate,2980000.0
privateproperty,T5228059,https://www.privateproperty.co.za/for-sale/gauteng/johannesburg-metro/johannesburg-south/bassonia/T5228059,3 Bedroom House in Bassonia,29000000.0,Bassonia,Johannesburg South,Gauteng,House,3.0,2.5,4.0,4.0,,1.0,1253.2,1900.0,"3 Bedroom House in Bassonia, INTRODUCING CHARM AND CHARISMA IN BASSONIA HILLS Situated in a secure, boomed-off enclave within th",12 Sep 2025,2026-03-27T15:40:11.136401+00:00,for-sale,gauteng,johannesburg-metro,johannesburg-south,bassonia,2900000.0
privateproperty,T5367960,https://www.privateproperty.co.za/for-sale/gauteng/johannesburg-metro/midrand/vorna-valley/T5367960,3 Bedroom House in Vorna Valley,27950000.0,Vorna Valley,Midrand,Gauteng,House,3.0,2.0,4.0,2.0,155.0,,2146.0,1776.0,"3 Bedroom House in Vorna Valley, Welcome to Madison Manor at Waterfallan ideal residence for contemporary families, young professiona",28 Jan 2026,2026-03-27T15:40:07.236284+00:00,for-sale,gauteng,johannesburg-metro,midrand,vorna-valley,2795000.0
privateproperty,T5300476,https://www.privateproperty.co.za/for-sale/gauteng/johannesburg-metro/sandton/fourways/T5300476,3 Bedroom House in Fourways,26950000.0,Fourways,Sandton,Gauteng,House,3.0,2.5,2.0,2.0,,246.0,1929.0,1906.0,"3 Bedroom House in Fourways, Looking for a tranquil lifestyle within a Secure Estate. Total cost below R3,000,000 - Purchase Pric",11 Nov 2025,2026-03-27T15:40:03.590329+00:00,for-sale,gauteng,johannesburg-metro,sandton,fourways,2695000.0
privateproperty,T5329128,https://www.privateproperty.co.za/for-sale/gauteng/johannesburg-metro/johannesburg-south/glenvista/T5329128,4 Bedroom House in Glenvista,25990000.0,Glenvista,Johannesburg South,Gauteng,House,2.0,2.0,2.0,2.0,,1.0,1253.2,2116.0,"4 Bedroom House in Glenvista, Dream Family Home for Sale in Glenvista Ext 3! Overlooking Bassonia Hills, this stunning property t",8 Dec 2025,2026-03-27T15:39:59.440919+00:00,for-sale,gauteng,johannesburg-metro,johannesburg-south,glenvista,2599000.0
privateproperty,T5369618,https://www.privateproperty.co.za/for-sale/gauteng/johannesburg-metro/johannesburg-south/glenanda/T5369618,4 Bedroom House in Glenanda,24000000.0,Glenanda,Johannesburg South,Gauteng,House,4.0,2.5,6.0,2.0,392.0,991.0,1650.0,1793.0,"4 Bedroom House in Glenanda, LIVE, LAUGH AND LOVE in this stunning home! This perfect home includes four spacious bedrooms or th",29 Jan 2026,2026-03-27T15:39:44.097088+00:00,for-sale,gauteng,johannesburg-metro,johannesburg-south,glenanda,2400000.0
privateproperty,T5132785,https://www.privateproperty.co.za/for-sale/gauteng/johannesburg-metro/lenasia-to-ennerdale/lenasia/T5132785,5 Bedroom House in Lenasia,23950000.0,Lenasia,Lenasia To Ennerdale,Gauteng,House,5.0,4.0,3.0,3.0,,317.0,600.0,1500.0,"5 Bedroom House in Lenasia, A Diamond in the Rough Double-Storey Luxury Home in the Heart of Lenasia Step into pure elegance wi",27 Jun 2025,2026-03-27T15:39:40.024751+00:00,for-sale,gauteng,johannesburg-metro,lenasia-to-ennerdale,lenasia,2395000.0
privateproperty,T5414231,https://www.privateproperty.co.za/for-sale/gauteng/johannesburg-metro/north-riding-to-lanseria/nooitgedacht/lion-pride/T5414231,4 Bedroom House in Lion Pride,22803000.0,Nooitgedacht,North Riding To Lanseria,Gauteng,House,2.5,2.5,2.0,2.0,189.0,240.0,900.0,1200.0,"4 Bedroom House in Lion Pride, Some homes simply give you more room to live the way you want. The 189m² double-storey home at Lion",5 Mar 2026,2026-03-27T15:39:35.725499+00:00,for-sale,gauteng,johannesburg-metro,north-riding-to-lanseria,nooitgedacht,2280300.0
privateproperty,T5351804,https://www.privateproperty.co.za/for-sale/gauteng/johannesburg-metro/randburg/jukskei-park/T5351804,3 Bedroom House in Jukskei Park,21000000.0,Jukskei Park,Randburg,Gauteng,House,3.0,2.0,2.0,2.0,184.0,,1711.0,1.226,"3 Bedroom House in Jukskei Park, Please email agent to view this Freehold Cluster in Sherbourne Estate with Pool Enter into formal",15 Jan 2026,2026-03-27T15:39:33.138884+00:00,for-sale,gauteng,johannesburg-metro,randburg,jukskei-park,2100000.0
privateproperty,T5371580,https://www.privateproperty.co.za/for-sale/gauteng/johannesburg-metro/johannesburg-south/oakdene/T5371580,3 Bedroom House in Oakdene,21000000.0,Oakdene,Johannesburg South,Gauteng,House,3.0,2.0,3.0,1.0,214.0,496.0,900.0,927.0,"3 Bedroom House in Oakdene, Ultra-Modern, Off-Grid Living with Style Step into a home that perfectly blends contemporary desi",31 Jan 2026,2026-03-27T15:39:28.886107+00:00,for-sale,gauteng,johannesburg-metro,johannesburg-south,oakdene,2100000.0
privateproperty,T5307959,https://www.privateproperty.co.za/for-sale/gauteng/johannesburg-metro/midrand/clayville/T5307959,3 Bedroom House in Clayville,19500000.0,Clayville,Midrand,Gauteng,House,3.0,2.0,2.0,1.0,,1.0,795.0,1500.0,"3 Bedroom House in Clayville, Nestled in the heart of Clayville, this delightful three-bedroom home offers the perfect blend of co",18 Nov 2025,2026-03-27T15:39:25.545326+00:00,for-sale,gauteng,johannesburg-metro,midrand,clayville,1950000.0
privateproperty,T5354461,https://www.privateproperty.co.za/for-sale/gauteng/johannesburg-metro/northcliff/montgomery-park/T5354461,4 Bedroom House in Montgomery Park,19500000.0,Montgomery Park,Northcliff,Gauteng,House,4.0,3.0,6.0,1.0,,744.0,1061.0,1450.0,"4 Bedroom House in Montgomery Park, Spacious Family Home For Sale in Leafy Montgomery Park Set in the heart of the ever-popular Montgom",17 Jan 2026,2026-03-27T15:39:22.343379+00:00,for-sale,gauteng,johannesburg-metro,northcliff,montgomery-park,1950000.0
privateproperty,T5392731,https://www.privateproperty.co.za/for-sale/gauteng/johannesburg-metro/midrand/carlswald-estate/T5392731,4 Bedroom House in Carlswald Estate,18990000.0,Carlswald Estate,Midrand,Gauteng,House,4.0,2.5,2.0,2.0,334.0,,1801.0,1448.0,"4 Bedroom House in Carlswald Estate, This is more than a home. You gain convenience, lifestyle, and long term value in one address. The",17 Feb 2026,2026-03-27T15:39:18.739509+00:00,for-sale,gauteng,johannesburg-metro,midrand,carlswald-estate,1899000.0
privateproperty,T5437890,https://www.privateproperty.co.za/for-sale/gauteng/johannesburg-metro/randburg/cedar-lakes/T5437890,3 Bedroom House in Cedar Lakes,18044030.0,Cedar Lakes,Randburg,Gauteng,House,2.0,2.0,2.0,,100.0,240.0,900.0,1100.0,"3 Bedroom House in Cedar Lakes, Looking to move into a bigger home without the usual upfront expenses The 100m² 3-bedroom home at L",26 Mar 2026,2026-03-27T15:39:15.232967+00:00,for-sale,gauteng,johannesburg-metro,randburg,cedar-lakes,1804403.0
privateproperty,T5173456,https://www.privateproperty.co.za/for-sale/gauteng/johannesburg-metro/johannesburg-central/kensington/T5173456,3 Bedroom House in Kensington,17950000.0,Kensington,Johannesburg Central,Gauteng,House,3.0,3.0,8.0,3.0,,496.0,2500.0,600.0,"3 Bedroom House in Kensington, Spontaneous upgraded Kensington home with flatlet and pool and ample parking Immaculate updated 3 be",31 Jul 2025,2026-03-27T15:39:11.324793+00:00,for-sale,gauteng,johannesburg-metro,johannesburg-central,kensington,1795000.0
privateproperty,T5389131,https://www.privateproperty.co.za/for-sale/gauteng/johannesburg-metro/north-riding-to-lanseria/cosmo-city/zandspruit/T5389131,4 Bedroom House in Zandspruit,17800000.0,Cosmo City,North Riding To Lanseria,Gauteng,House,4.0,2.0,2.0,,91.0,260.0,1400.0,1600.0,"4 Bedroom House in Zandspruit, Baltimore is a stunning and an exquisite lifestyle estate which is situated in the heart of North Ri",13 Feb 2026,2026-03-27T15:39:08.015172+00:00,for-sale,gauteng,johannesburg-metro,north-riding-to-lanseria,cosmo-city,1780000.0
privateproperty,T5406931,https://www.privateproperty.co.za/for-sale/gauteng/johannesburg-metro/north-riding-to-lanseria/nooitgedacht/lion-pride/T5406931,3 Bedroom House in Lion Pride,17288400.0,Nooitgedacht,North Riding To Lanseria,Gauteng,House,3.0,2.0,2.0,,89.0,240.0,900.0,1100.0,"3 Bedroom House in Lion Pride, Welcome to easy, modern living at Lion Pride Lifestyle Estate, where comfort, security, and lifestyl",27 Feb 2026,2026-03-27T15:39:04.880346+00:00,for-sale,gauteng,johannesburg-metro,north-riding-to-lanseria,nooitgedacht,1728840.0
privateproperty,T5363758,https://www.privateproperty.co.za/for-sale/gauteng/johannesburg-metro/north-riding-to-lanseria/cosmo-city/zandspruit/T5363758,3 Bedroom House in Zandspruit,16800000.0,Cosmo City,North Riding To Lanseria,Gauteng,House,3.0,2.0,2.0,,80.0,250.0,1500.0,1800.0,"3 Bedroom House in Zandspruit, Welcome to secure and stylish living in this modern 3-bedroom, 2-bathroom single-storey home set wit",26 Jan 2026,2026-03-27T15:39:01.622883+00:00,for-sale,gauteng,johannesburg-metro,north-riding-to-lanseria,cosmo-city,1680000.0
privateproperty,T5414867,https://www.privateproperty.co.za/for-sale/gauteng/johannesburg-metro/north-riding-to-lanseria/cosmo-city/zandspruit/T5414867,3 Bedroom House in Zandspruit,16800000.0,Cosmo City,North Riding To Lanseria,Gauteng,House,3.0,2.0,2.0,,80.0,280.0,1440.0,1900.0,"3 Bedroom House in Zandspruit, Prime location. Premium returns. Baltimore Lifestyle Estate is more than just a home its an opportu",6 Mar 2026,2026-03-27T15:38:58.271935+00:00,for-sale,gauteng,johannesburg-metro,north-riding-to-lanseria,cosmo-city,1680000.0
privateproperty,T5414882,https://www.privateproperty.co.za/for-sale/gauteng/johannesburg-metro/north-riding-to-lanseria/cosmo-city/zandspruit/T5414882,3 Bedroom House in Zandspruit,16800000.0,Cosmo City,North Riding To Lanseria,Gauteng,House,3.0,2.0,2.0,,81.0,280.0,1440.0,1700.0,"3 Bedroom House in Zandspruit, Beautiful 3-Bedroom Home with Spacious Kitchen and Large Stand R1 680 000 This stunning 81sqm home",6 Mar 2026,2026-03-27T15:38:54.015289+00:00,for-sale,gauteng,johannesburg-metro,north-riding-to-lanseria,cosmo-city,1680000.0
privateproperty,T5388796,https://www.privateproperty.co.za/for-sale/gauteng/johannesburg-metro/soweto/protea-glen/T5388796,3 Bedroom House in Protea Glen,16663750.0,Protea Glen,Soweto,Gauteng,House,3.0,2.0,,,104.0,300.0,560.0,650.0,"3 Bedroom House in Protea Glen, Step into a spacious open-plan living and dining area, thoughtfully designed for effortless entertai",13 Feb 2026,2026-03-27T15:38:49.997111+00:00,for-sale,gauteng,johannesburg-metro,soweto,protea-glen,1666375.0
privateproperty,T5323499,https://www.privateproperty.co.za/for-sale/gauteng/johannesburg-metro/north-riding-to-lanseria/nooitgedacht/lion-pride/T5323499,3 Bedroom House in Lion Pride,16500000.0,Nooitgedacht,North Riding To Lanseria,Gauteng,House,3.0,2.5,4.0,,140.0,269.0,1200.0,1200.0,"3 Bedroom House in Lion Pride, Modern 3-Bedroom Home in Secure Randburg Central Estate Discover this modern two-story home, perfec",3 Dec 2025,2026-03-27T15:38:45.944782+00:00,for-sale,gauteng,johannesburg-metro,north-riding-to-lanseria,nooitgedacht,1650000.0
privateproperty,T5433728,https://www.privateproperty.co.za/for-sale/gauteng/johannesburg-metro/sandton/gallo-manor/T5433728,2 Bedroom House in Gallo Manor,15500000.0,Gallo Manor,Sandton,Gauteng,House,2.0,1.5,2.0,2.0,119.0,,3593.091126135769,3200.0,"2 Bedroom House in Gallo Manor, This well-sized 2-bedroom apartment offers an open- plan lounge and dining area that has been retile",23 Mar 2026,2026-03-27T15:38:43.189738+00:00,for-sale,gauteng,johannesburg-metro,sandton,gallo-manor,1550000.0
privateproperty,T5122479,https://www.privateproperty.co.za/for-sale/gauteng/johannesburg-metro/northcliff/westdene/T5122479,3 Bedroom House in Westdene,15000000.0,Westdene,Northcliff,Gauteng,House,3.0,2.0,3.0,2.0,,496.0,2189.946808510638,851.0,"3 Bedroom House in Westdene, As you enter the yard, head up a few steps, and land on a tiled patio that catches proper morning su",19 Jun 2025,2026-03-27T15:38:39.740114+00:00,for-sale,gauteng,johannesburg-metro,northcliff,westdene,1500000.0
privateproperty,T5397817,https://www.privateproperty.co.za/for-sale/gauteng/johannesburg-metro/midrand/carlswald-estate/T5397817,2 Bedroom House in Carlswald Estate,13999990.0,Carlswald Estate,Midrand,Gauteng,House,2.0,2.0,2.0,,110.0,,2300.0,1900.0,"2 Bedroom House in Carlswald Estate, Welcome to contemporary and secure living in the heart of Midrand. This modern 2 bedroom, 2 bathroom",20 Feb 2026,2026-03-27T15:38:36.185460+00:00,for-sale,gauteng,johannesburg-metro,midrand,carlswald-estate,1399999.0
privateproperty,T5418954,https://www.privateproperty.co.za/for-sale/gauteng/johannesburg-metro/johannesburg-south/suideroord/T5418954,3 Bedroom House in Suideroord,13500000.0,Suideroord,Johannesburg South,Gauteng,House,3.0,2.0,2.0,2.0,,635.0,1253.2,1137.0,"3 Bedroom House in Suideroord, Bargain Bargain Bargain Prime Location! This is an incredible opportunity to own a spacious home a",10 Mar 2026,2026-03-27T15:38:32.421608+00:00,for-sale,gauteng,johannesburg-metro,johannesburg-south,suideroord,1350000.0
privateproperty,T5401132,https://www.privateproperty.co.za/for-sale/gauteng/johannesburg-metro/soweto/protea-glen/T5401132,3 Bedroom House in Protea Glen,12988500.0,Protea Glen,Soweto,Gauteng,House,3.0,2.0,2.0,,84.0,300.0,560.0,450.0,"3 Bedroom House in Protea Glen, Luxury Living in Soweto, Without the Luxury Price! Introducing Your Dream Home: A Beautiful 3-Bedr",24 Feb 2026,2026-03-27T15:38:29.858425+00:00,for-sale,gauteng,johannesburg-metro,soweto,protea-glen,1298850.0
privateproperty,T5431407,https://www.privateproperty.co.za/for-sale/gauteng/johannesburg-metro/johannesburg-south/naturena/T5431407,4 Bedroom House in Naturena,12200000.0,Naturena,Johannesburg South,Gauteng,House,4.0,3.0,1.0,,61.0,460.0,1862.0,450.0,"4 Bedroom House in Naturena, Discover the charm of Star Village, an exquisite new development nestled in the heart of Protea Glen",20 Mar 2026,2026-03-27T15:38:25.794929+00:00,for-sale,gauteng,johannesburg-metro,johannesburg-south,naturena,1220000.0
privateproperty,T5359641,https://www.privateproperty.co.za/for-sale/gauteng/johannesburg-metro/northcliff/riverlea/T5359641,6 Bedroom House in Riverlea,12000000.0,Riverlea,Northcliff,Gauteng,House,6.0,2.0,3.0,,245.0,559.0,2189.946808510638,800.0,"6 Bedroom House in Riverlea, House Converted into an Investment Property with 6 Bedrooms This well-maintained house has been succ",21 Jan 2026,2026-03-27T15:38:21.658348+00:00,for-sale,gauteng,johannesburg-metro,northcliff,riverlea,1200000.0
privateproperty,T5328238,https://www.privateproperty.co.za/for-sale/gauteng/johannesburg-metro/north-riding-to-lanseria/bromhof/T5328238,2 Bedroom House in Bromhof,11500000.0,Bromhof,North Riding To Lanseria,Gauteng,House,2.0,1.0,1.0,1.0,88.0,200.0,3089.0,575.0,"2 Bedroom House in Bromhof, Enjoy a carefree, friendly village atmosphere and an exclusive lifestyle for those over 50. Whether",8 Dec 2025,2026-03-27T15:38:19.013562+00:00,for-sale,gauteng,johannesburg-metro,north-riding-to-lanseria,bromhof,1150000.0
privateproperty,T5211523,https://www.privateproperty.co.za/for-sale/gauteng/johannesburg-metro/northcliff/sophiatown/T5211523,3 Bedroom House in Sophiatown,10780000.0,Sophiatown,Northcliff,Gauteng,House,3.0,2.0,3.0,1.0,,505.0,815.0,1064.0,"3 Bedroom House in Sophiatown, As you enter the house, you are greeted by a spacious open-plan lounge and a dining area with wooden",1 Sep 2025,2026-03-27T15:38:14.758403+00:00,for-sale,gauteng,johannesburg-metro,northcliff,sophiatown,1078000.0
privateproperty,T5108768,https://www.privateproperty.co.za/for-sale/gauteng/johannesburg-metro/sandton/paulshof/T5108768,2 Bedroom House in Paulshof,10750000.0,Paulshof,Sandton,Gauteng,House,2.0,1.0,2.0,,60.0,,1878.0,2513.0,"2 Bedroom House in Paulshof, Step into this elegant and welcoming home 2 bedrooms and 1 full bathroom, located in one of Paulsho",9 Jun 2025,2026-03-27T15:38:11.794756+00:00,for-sale,gauteng,johannesburg-metro,sandton,paulshof,1075000.0
privateproperty,T5383422,https://www.privateproperty.co.za/for-sale/gauteng/johannesburg-metro/midrand/summerset/T5383422,2 Bedroom House in Summerset,9000000.0,Summerset,Midrand,Gauteng,House,2.0,1.0,2.0,,,80.0,1700.0,800.0,"2 Bedroom House in Summerset, Modern 2-Bedroom Town house for Sale in Summerset Village This spacious 2-bedroom, 1-bathroom with",10 Feb 2026,2026-03-27T15:38:07.627245+00:00,for-sale,gauteng,johannesburg-metro,midrand,summerset,900000.0
privateproperty,T5407620,https://www.privateproperty.co.za/for-sale/gauteng/johannesburg-metro/johannesburg-south/rosettenville/T5407620,3 Bedroom House in Rosettenville,8800000.0,Rosettenville,Johannesburg South,Gauteng,House,3.0,1.0,1.0,1.0,,471.0,400.0,477.0,"3 Bedroom House in Rosettenville, Face-brick home featuring 3 well sized bedrooms, 1 full bathroom with bath and shower, spacious kitc",1 Mar 2026,2026-03-27T15:38:03.478526+00:00,for-sale,gauteng,johannesburg-metro,johannesburg-south,rosettenville,880000.0
privateproperty,T5271031,https://www.privateproperty.co.za/for-sale/gauteng/johannesburg-metro/soweto/protea-glen/T5271031,3 Bedroom House in Protea Glen,8500000.0,Protea Glen,Soweto,Gauteng,House,3.0,2.0,1.0,,,301.0,521.6666666666666,481.0,"3 Bedroom House in Protea Glen, Welcome to this beautiful and well-maintained family home situated in the peaceful suburb of Protea",17 Oct 2025,2026-03-27T15:37:59.257127+00:00,for-sale,gauteng,johannesburg-metro,soweto,protea-glen,850000.0
privateproperty,T5425930,https://www.privateproperty.co.za/for-sale/gauteng/johannesburg-metro/midrand/noordwyk/T5425930,2 Bedroom House in Noordwyk,7450000.0,Noordwyk,Midrand,Gauteng,House,2.0,1.0,1.0,1.0,57.0,,760.0,950.0,"2 Bedroom House in Noordwyk, 2 Bedroom Apartments for Sale | Minuet Estate | Noordwyk, Midrand No Transfer Duty | All Costs Inclu",16 Mar 2026,2026-03-27T15:37:56.334426+00:00,for-sale,gauteng,johannesburg-metro,midrand,noordwyk,745000.0
privateproperty,T5398529,https://www.privateproperty.co.za/for-sale/gauteng/johannesburg-metro/midrand/sagewood/T5398529,2 Bedroom House in Sagewood,7000000.0,Sagewood,Midrand,Gauteng,House,2.0,1.0,2.0,1.0,71.0,,582.0,599.0,"2 Bedroom House in Sagewood, 2 Bedroom Apartment for Sale in Sagewood R [700000] Secure Estate Living | Prime Location | Excell",22 Feb 2026,2026-03-27T15:37:53.020837+00:00,for-sale,gauteng,johannesburg-metro,midrand,sagewood,700000.0
privateproperty,T5334353,https://www.privateproperty.co.za/for-sale/gauteng/johannesburg-metro/soweto/protea-glen/T5334353,3 Bedroom House in Protea Glen,6100000.0,Protea Glen,Soweto,Gauteng,House,3.0,1.0,,,,51.0,521.6666666666666,250.0,"3 Bedroom House in Protea Glen, A 3 bedroom home in Protea Park Why not be the 1st one to put an offer on this home ne",13 Dec 2025,2026-03-27T15:37:50.029898+00:00,for-sale,gauteng,johannesburg-metro,soweto,protea-glen,610000.0
privateproperty,T5282994,https://www.privateproperty.co.za/for-sale/gauteng/johannesburg-metro/midrand/carlswald-estate/23-the-swallows/124-milford-road/T5282994,3 Bedroom House in Carlswald Estate,36500000.0,Carlswald Estate,Midrand,Gauteng,House,3.0,2.5,2.0,2.0,238.0,,3188.0,2454.0,"3 Bedroom House in Carlswald Estate, 23 the swallows, 124 milford road, Experience sophisticated living in the Omega, a spacious 3-bedroom, 2.5-bathroom home designed for c",28 Oct 2025,2026-03-27T15:37:45.716367+00:00,for-sale,gauteng,johannesburg-metro,midrand,carlswald-estate,3650000.0
privateproperty,T5433165,https://www.privateproperty.co.za/for-sale/gauteng/johannesburg-metro/midrand/waterfall-estate/1668-ss-munyaka/28-munyaka-drive/T5433165,2 Bedroom House in Waterfall Estate,18999990.0,Waterfall Estate,Midrand,Gauteng,House,2.0,2.0,2.0,,113.0,,3770.0,1890.0,"2 Bedroom House in Waterfall Estate, 1668 ss munyaka, 28 munyaka drive, Experience elevated living in this stunning top-floor apartment, perfectly positioned within the sou",22 Mar 2026,2026-03-27T15:37:42.899661+00:00,for-sale,gauteng,johannesburg-metro,midrand,waterfall-estate,1899999.0
privateproperty,T5415137,https://www.privateproperty.co.za/for-sale/gauteng/johannesburg-metro/north-riding-to-lanseria/nooitgedacht/lion-pride/1-lion-pride/345-crn-malibongwe-drive/T5415137,3 Bedroom House in Lion Pride,18044030.0,Nooitgedacht,North Riding To Lanseria,Gauteng,House,3.0,2.0,2.0,,100.0,250.0,1000.0,1000.0,"3 Bedroom House in Lion Pride, 1 lion pride, 345 crn malibongwe drive, Full Title 3 Bedroom, 2 Bathroom Home at Lion Pride Lifestyle Estate Discover modern living in the s",6 Mar 2026,2026-03-27T15:37:40.310194+00:00,for-sale,gauteng,johannesburg-metro,north-riding-to-lanseria,nooitgedacht,1804403.0
privateproperty,T5434723,https://www.privateproperty.co.za/for-sale/gauteng/johannesburg-metro/north-riding-to-lanseria/kya-sands/64-baltimore-lifestyle-estate/64-rhine-street/T5434723,3 Bedroom House in Kya Sands,16800000.0,Kya Sands,North Riding To Lanseria,Gauteng,House,3.0,2.0,,,80.0,250.0,1440.0,1500.0,"3 Bedroom House in Kya Sands, 64 baltimore lifestyle estate, 64 rhine street, Experience comfortable, modern living in this well-designed 80sqm single-storey home, offering 3 bed",23 Mar 2026,2026-03-27T15:37:37.619155+00:00,for-sale,gauteng,johannesburg-metro,north-riding-to-lanseria,kya-sands,1680000.0
privateproperty,T5412673,https://www.privateproperty.co.za/for-sale/gauteng/johannesburg-metro/johannesburg-south/south-hills/no-8300-sapphire-estate/1-amalia-street/T5412673,4 Bedroom House in South Hills,16200000.0,South Hills,Johannesburg South,Gauteng,House,4.0,2.0,2.0,,91.0,260.0,900.0,1010.0,"4 Bedroom House in South Hills, no 8300 sapphire estate, 1 amalia street, Welcome to Sapphire Estate, where modern design meets secure family living. This brand-new, full-tit",4 Mar 2026,2026-03-27T15:37:34.174671+00:00,for-sale,gauteng,johannesburg-metro,johannesburg-south,south-hills,1620000.0
privateproperty,T5436614,https://www.privateproperty.co.za/for-sale/gauteng/johannesburg-metro/north-riding-to-lanseria/nooitgedacht/lion-pride/1005-coconut-avenue/T5436614,3 Bedroom House in Lion Pride,16129780.0,Nooitgedacht,North Riding To Lanseria,Gauteng,House,3.0,2.0,2.0,,71.0,240.0,1100.0,1100.0,"3 Bedroom House in Lion Pride, 1005 coconut avenue, LIMITED STANDS LEFT! Lion Pride Lifestyle Estate is situated in the north of Johannesburg, near Fou",25 Mar 2026,2026-03-27T15:37:30.415562+00:00,for-sale,gauteng,johannesburg-metro,north-riding-to-lanseria,nooitgedacht,1612978.0
privateproperty,T5390848,https://www.privateproperty.co.za/for-sale/gauteng/johannesburg-metro/north-riding-to-lanseria/nooitgedacht/lion-pride/819-lion-pride/819-river-street/T5390848,3 Bedroom House in Lion Pride,15726780.0,Nooitgedacht,North Riding To Lanseria,Gauteng,House,3.0,2.0,2.0,,62.0,240.0,1000.0,1000.0,"3 Bedroom House in Lion Pride, 819 lion pride, 819 river street, This modern 3-bedroom, 2-bathroom home is perfectly designed for comfortable estate living. It inclu",16 Feb 2026,2026-03-27T15:37:26.289302+00:00,for-sale,gauteng,johannesburg-metro,north-riding-to-lanseria,nooitgedacht,1572678.0
privateproperty,T5415074,https://www.privateproperty.co.za/for-sale/gauteng/johannesburg-metro/north-riding-to-lanseria/nooitgedacht/lion-pride/21135-lion-pride-vill/21135-cnr-malibongwe-dr-r114-nietged/T5415074,3 Bedroom House in Lion Pride,15726780.0,Nooitgedacht,North Riding To Lanseria,Gauteng,House,3.0,2.0,2.0,,62.0,300.0,800.0,1000.0,"3 Bedroom House in Lion Pride, 21135 lion pride vill, 21135 cnr malibongwe dr & r114, nietged, Welcome to a home where comfort meets complete peace of mind. Thoughtfully designed with security an",6 Mar 2026,2026-03-27T15:37:10.417705+00:00,for-sale,gauteng,johannesburg-metro,north-riding-to-lanseria,nooitgedacht,1572678.0
privateproperty,T5414952,https://www.privateproperty.co.za/for-sale/gauteng/johannesburg-metro/sandton/fourways/1-lion-pride-lifestlye-estate/766-oslo-street/T5414952,3 Bedroom House in Fourways,22803000.0,Fourways,Sandton,Gauteng,House,3.0,2.0,2.0,,189.0,300.0,1100.0,1100.0,"3 Bedroom House in Fourways, 1 lion pride lifestlye estate, 766 oslo street, SECURITY, SHOPPING, SCHOOL With Lion Pride, you are choosing a secure, convenient, and family-friend",6 Mar 2026,2026-03-27T15:37:03.322884+00:00,for-sale,gauteng,johannesburg-metro,sandton,fourways,2280300.0
privateproperty,T5165904,https://www.privateproperty.co.za/for-sale/gauteng/johannesburg-metro/north-riding-to-lanseria/jackal-creek-northriding/jackal-creek-golf-estate/type-c-jackal-creek-golf-estate/3-turnberry/T5165904,4 Bedroom House in Jackal Creek Golf Estate,22400000.0,Jackal Creek Northriding,North Riding To Lanseria,Gauteng,House,4.0,2.5,2.0,2.0,151.0,,2005.0,2200.0,"4 Bedroom House in Jackal Creek Golf Estate, type c jackal creek golf estate, 3 turnberry, 4 Bedroom, 2.5 Bathroom Pet Friendly Home for Sale! Welcome to Turnberry your ideal home within Ja",25 Jul 2025,2026-03-27T15:36:59.415968+00:00,for-sale,gauteng,johannesburg-metro,north-riding-to-lanseria,jackal-creek-northriding,2240000.0
privateproperty,T5262200,https://www.privateproperty.co.za/for-sale/gauteng/johannesburg-metro/soweto/devland/26-piston-road/T5262200,2 Bedroom House in Devland,22000000.0,Devland,Soweto,Gauteng,House,2.0,1.0,,,,,461.18666666666667,250.0,"2 Bedroom House in Devland, 26 piston road, This property is a warehouse located in Devland. There is an office separated from the warehouse, al",10 Oct 2025,2026-03-27T15:36:56.123074+00:00,for-sale,gauteng,johannesburg-metro,soweto,devland,2200000.0
privateproperty,T5394429,https://www.privateproperty.co.za/for-sale/gauteng/johannesburg-metro/soweto/protea-glen/39977-emporors-security-estate/39977-riverlea-street/T5394429,3 Bedroom House in Protea Glen,15555500.0,Protea Glen,Soweto,Gauteng,House,3.0,2.5,2.0,,103.0,300.0,600.0,600.0,"3 Bedroom House in Protea Glen, 39977 emporors security estate, 39977 riverlea street, Emperors Security Estate is the most exclusive middle-class security estate. Designed with your life",18 Feb 2026,2026-03-27T15:36:52.797662+00:00,for-sale,gauteng,johannesburg-metro,soweto,protea-glen,1555550.0
privateproperty,T5390561,https://www.privateproperty.co.za/for-sale/gauteng/johannesburg-metro/soweto/protea-glen/38623-khiba-street/T5390561,3 Bedroom House in Protea Glen,12986380.0,Protea Glen,Soweto,Gauteng,House,3.0,2.0,1.0,,84.0,300.0,560.0,350.0,"3 Bedroom House in Protea Glen, 38623 khiba street, SECURE YOUR DREAM HOME WITH US 100 BOND, NO BOND OR TRANSFER COSTS NOW is the time to buy your dre",16 Feb 2026,2026-03-27T15:36:49.376409+00:00,for-sale,gauteng,johannesburg-metro,soweto,protea-glen,1298638.0
privateproperty,T5436431,https://www.privateproperty.co.za/for-sale/gauteng/johannesburg-metro/soweto/protea-glen/23432-bastista-street/T5436431,2 Bedroom House in Protea Glen,8700000.0,Protea Glen,Soweto,Gauteng,House,2.0,1.0,,,40.0,175.0,521.6666666666666,300.0,"2 Bedroom House in Protea Glen, 23432 bastista street, Experience the perfect combination of comfort and convenience in this delightful two-bedroom home lo",24 Mar 2026,2026-03-27T15:36:45.043443+00:00,for-sale,gauteng,johannesburg-metro,soweto,protea-glen,870000.0
privateproperty,T5388979,https://www.privateproperty.co.za/for-sale/gauteng/johannesburg-metro/soweto/soweto-central/881-slovo-ville/T5388979,2 Bedroom House in Soweto Central,3400000.0,Soweto Central,Soweto,Gauteng,House,2.0,1.0,,,40.0,,1.0,400.0,"2 Bedroom House in Soweto Central, 881 slovo ville, 2-Bedroom RDP House for Sale Slovo Ville Your opportunity to own a comfortable, affordable home in",13 Feb 2026,2026-03-27T15:36:42.463004+00:00,for-sale,gauteng,johannesburg-metro,soweto,soweto-central,340000.0
privateproperty,T5337608,https://www.privateproperty.co.za/for-sale/gauteng/johannesburg-metro/northcliff/linden/72-6th-street/T5337608,5 Bedroom House in Linden,57500000.0,Linden,Northcliff,Gauteng,House,5.0,5.0,4.0,4.0,700.0,1.0,1389.0,1996.0,"5 Bedroom House in Linden, 72 6th street, The Best Property for Its Size and Price Launching Now in Linden! This magnificent 5-bedroom, 5-ba",18 Dec 2025,2026-03-27T15:36:38.431754+00:00,for-sale,gauteng,johannesburg-metro,northcliff,linden,5750000.0
privateproperty,T4063227,https://www.privateproperty.co.za/for-sale/gauteng/johannesburg-metro/sandton/beverley/002-mulbarton-gardens/34-mulbarton-road/T4063227,3 Bedroom House in Beverley,32450000.0,Beverley,Sandton,Gauteng,House,3.0,3.5,3.0,,208.0,,3418.3333333333335,2727.0,"3 Bedroom House in Beverley, 2 mulbarton gardens, 34 mulbarton road, Your peaceful sanctuary. Phase 2 selling now! Offering a tranquil lifestyle in an upscale location",18 Mar 2025,2026-03-27T15:36:35.758430+00:00,for-sale,gauteng,johannesburg-metro,sandton,beverley,3245000.0
privateproperty,T5312370,https://www.privateproperty.co.za/for-sale/gauteng/johannesburg-metro/rosebank-and-parktown/houghton-estate/15-young-avenue/T5312370,1 Bedroom House in Houghton Estate,6300000.0,Houghton Estate,Rosebank And Parktown,Gauteng,House,1.0,2.0,1.0,,76.0,6.0,3659.5,2186.0,"1 Bedroom House in Houghton Estate, 15 young avenue, 1-Bedroom Ground Floor Apartment in Houghton Estate This stunning 1-bedroom apartment is nestled in",21 Nov 2025,2026-03-27T15:36:32.465030+00:00,for-sale,gauteng,johannesburg-metro,rosebank-and-parktown,houghton-estate,630000.0
privateproperty,T5043708,https://www.privateproperty.co.za/for-sale/gauteng/johannesburg-metro/midrand/steyn-city/838-bushwillow/T5043708,4 Bedroom House in Steyn City,300000000.0,Steyn City,Midrand,Gauteng,House,4.0,4.0,4.0,4.0,800.0,1.0,3800.0,3000.0,"4 Bedroom House in Steyn City, 838 bushwillow, Prestige, Luxury & Unmatched Views A Signature Steyn City Residence Step into a home where bold de",14 Apr 2025,2026-03-27T15:36:29.190377+00:00,for-sale,gauteng,johannesburg-metro,midrand,steyn-city,30000000.0
privateproperty,T4984664,https://www.privateproperty.co.za/for-sale/gauteng/johannesburg-metro/rosebank-and-parktown/melrose-estate/2-royal-oaks/94-5th-street/T4984664,4 Bedroom House in Melrose Estate,197500000.0,Melrose Estate,Rosebank And Parktown,Gauteng,House,4.0,4.5,3.0,3.0,840.0,1.0,2000.0,7500.0,"4 Bedroom House in Melrose Estate, 2 royal oaks, 94 5th street, An Icon of Refinement: A Stephen Pellerade Residence, Melrose Estate For the discerning individual",2 Mar 2025,2026-03-27T15:36:25.888517+00:00,for-sale,gauteng,johannesburg-metro,rosebank-and-parktown,melrose-estate,19750000.0
privateproperty,T5048844,https://www.privateproperty.co.za/for-sale/gauteng/johannesburg-metro/midrand/steyn-city/48-steyn-city-south/T5048844,4 Bedroom House in Steyn City,197500000.0,Steyn City,Midrand,Gauteng,House,4.0,4.5,3.0,3.0,650.0,1.0,4500.0,4200.0,"4 Bedroom House in Steyn City, 48 steyn city south, Step into sophistication with this architecturally striking home nestled in the prestigious Steyn Ci",17 Apr 2025,2026-03-27T15:36:23.270637+00:00,for-sale,gauteng,johannesburg-metro,midrand,steyn-city,19750000.0
privateproperty,T5410877,https://www.privateproperty.co.za/for-sale/gauteng/johannesburg-metro/sandton/fourways-gardens/9090-fourways-gardens-estate/T5410877,5 Bedroom House in Fourways Gardens,109950000.0,Fourways Gardens,Sandton,Gauteng,House,5.0,5.0,3.0,3.0,780.0,2.0,3560.0,4368.0,"5 Bedroom House in Fourways Gardens, 9090 fourways gardens estate, Magnificent Style and Space in Fourways Gardens Estate Splendid five-bedroom home, representing the",3 Mar 2026,2026-03-27T15:36:20.140869+00:00,for-sale,gauteng,johannesburg-metro,sandton,fourways-gardens,10995000.0
privateproperty,T5384417,https://www.privateproperty.co.za/for-sale/gauteng/johannesburg-metro/northcliff/linden/13-4th-street/T5384417,10 Bedroom House in Linden,66000000.0,Linden,Northcliff,Gauteng,House,10.0,10.0,10.0,4.0,,2.0,1389.0,2714.0,"10 Bedroom House in Linden, 13 4th street, Profitable Guest House Opportunity in Linden, Johannesburg Presenting an outstanding hospitality in",10 Feb 2026,2026-03-27T15:36:15.828171+00:00,for-sale,gauteng,johannesburg-metro,northcliff,linden,6600000.0
privateproperty,T5431774,https://www.privateproperty.co.za/for-sale/gauteng/johannesburg-metro/northcliff/northcliff/18-hearn-drive/T5431774,4 Bedroom House in Northcliff,49990000.0,Northcliff,Northcliff,Gauteng,House,4.0,2.0,6.0,4.0,495.0,3.0,3150.0,2736.0,"4 Bedroom House in Northcliff, 18 hearn drive, Refined Family Living in the Heart of Northcliff Owner Asking R5 499 000 Negotiating Offers Above R",20 Mar 2026,2026-03-27T15:36:12.851509+00:00,for-sale,gauteng,johannesburg-metro,northcliff,northcliff,4999000.0
privateproperty,T5357722,https://www.privateproperty.co.za/for-sale/gauteng/johannesburg-metro/northcliff/fairland/116-8th-avenue/T5357722,7 Bedroom House in Fairland,49500000.0,Fairland,Northcliff,Gauteng,House,7.0,5.5,10.0,4.0,650.0,1.0,2189.946808510638,4538.0,"7 Bedroom House in Fairland, 116 8th avenue, Set in a quiet, sought-after position in Fairland, bordering the Fairland koppie, this immaculate fo",20 Jan 2026,2026-03-27T15:36:08.782227+00:00,for-sale,gauteng,johannesburg-metro,northcliff,fairland,4950000.0
privateproperty,T5300724,https://www.privateproperty.co.za/for-sale/gauteng/johannesburg-metro/sandton/bryanston/28-bryanston-country-estate/78-bryanston-drive/T5300724,4 Bedroom House in Bryanston,48100000.0,Bryanston,Sandton,Gauteng,House,4.0,3.5,2.0,2.0,210.0,,3113.0,3250.0,"4 Bedroom House in Bryanston, 28 bryanston country estate, 78 bryanston drive, Luxury 4 Bedroom House in Bryanston Country Estate Bryanston Country Estate offers a secure, master",12 Nov 2025,2026-03-27T15:36:05.378059+00:00,for-sale,gauteng,johannesburg-metro,sandton,bryanston,4810000.0
privateproperty,T5392451,https://www.privateproperty.co.za/for-sale/gauteng/johannesburg-metro/northcliff/northcliff/88-highcliff-way/T5392451,4 Bedroom House in Northcliff,47900000.0,Northcliff,Northcliff,Gauteng,House,4.0,4.0,11.0,3.0,700.0,2.0,3150.0,1081.0,"4 Bedroom House in Northcliff, 88 highcliff way, Thatch home - Views - Views - Flatlet - Historical Cave Inviting all thatch lovers - to view this",17 Feb 2026,2026-03-27T15:36:01.490218+00:00,for-sale,gauteng,johannesburg-metro,northcliff,northcliff,4790000.0
privateproperty,T5028543,https://www.privateproperty.co.za/for-sale/gauteng/johannesburg-metro/midrand/blue-hills/256-african-view-drive/T5028543,4 Bedroom House in Blue Hills,47850000.0,Blue Hills,Midrand,Gauteng,House,4.0,4.0,6.0,2.0,290.0,611.0,2000.0,1950.0,"4 Bedroom House in Blue Hills, 256 african view drive, Discover luxury living in Blue Hills'' prestigious haven. This remarkable property offers four spaci",2 Apr 2025,2026-03-27T15:35:58.876638+00:00,for-sale,gauteng,johannesburg-metro,midrand,blue-hills,4785000.0
privateproperty,T5398696,https://www.privateproperty.co.za/for-sale/gauteng/johannesburg-metro/northcliff/northcliff/194-anderson-avenue/T5398696,4 Bedroom House in Northcliff,45000000.0,Northcliff,Northcliff,Gauteng,House,4.0,2.0,3.0,3.0,442.0,4.0,3150.0,2309.0,"4 Bedroom House in Northcliff, 194 anderson avenue, MILLIONAIRES'' ROW - OLD WORLD CHARM - UNINTERRUPTED VIEWS Magnificent position with large stand m",22 Feb 2026,2026-03-27T15:35:55.923742+00:00,for-sale,gauteng,johannesburg-metro,northcliff,northcliff,4500000.0
privateproperty,T5282949,https://www.privateproperty.co.za/for-sale/gauteng/johannesburg-metro/midrand/carlswald-estate/25-the-swallows/144-milford-road/T5282949,4 Bedroom House in Carlswald Estate,39500000.0,Carlswald Estate,Midrand,Gauteng,House,3.5,3.5,2.0,2.0,263.0,,3519.0,2673.0,"4 Bedroom House in Carlswald Estate, 25 the swallows, 144 milford road, The Alpha Modern 4-Bedroom Family Home | The Swallows, Carlswald Price: R3,950,000 Property Overvie",28 Oct 2025,2026-03-27T15:35:51.871180+00:00,for-sale,gauteng,johannesburg-metro,midrand,carlswald-estate,3950000.0
privateproperty,T5371441,https://www.privateproperty.co.za/for-sale/gauteng/johannesburg-metro/bedfordview/essexwold/122-fairway-avenue/T5371441,4 Bedroom House in Essexwold,39500000.0,Essexwold,Bedfordview,Gauteng,House,4.0,4.0,2.0,2.0,,1.0,2790.0,3700.0,"4 Bedroom House in Essexwold, 122 fairway avenue, Family Home in Secure Parklands Imagine coming home to the peaceful, tree-lined streets of Essexwol",30 Jan 2026,2026-03-27T15:35:47.694242+00:00,for-sale,gauteng,johannesburg-metro,bedfordview,essexwold,3950000.0
privateproperty,T5422213,https://www.privateproperty.co.za/for-sale/gauteng/johannesburg-metro/rosebank-and-parktown/parkhurst/17-3rd-street/T5422213,2 Bedroom House in Parkhurst,37990000.0,Parkhurst,Rosebank And Parktown,Gauteng,House,2.0,2.0,3.0,2.0,220.0,496.0,3082.336379310345,2300.0,"2 Bedroom House in Parkhurst, 17 3rd street, Located in a prime position in Little Chelsea, this south-entry, north-facing home offers the perfec",12 Mar 2026,2026-03-27T15:35:44.783688+00:00,for-sale,gauteng,johannesburg-metro,rosebank-and-parktown,parkhurst,3799000.0
privateproperty,T5422206,https://www.privateproperty.co.za/for-sale/gauteng/johannesburg-metro/rosebank-and-parktown/parkhurst/19-12th-street/T5422206,3 Bedroom House in Parkhurst,37500000.0,Parkhurst,Rosebank And Parktown,Gauteng,House,3.0,3.0,2.0,2.0,280.0,496.0,3082.336379310345,2000.0,"3 Bedroom House in Parkhurst, 19 12th street, This exquisite home, accessed via a south entry, is perfect for those who desire comfort, luxury, an",12 Mar 2026,2026-03-27T15:35:41.882233+00:00,for-sale,gauteng,johannesburg-metro,rosebank-and-parktown,parkhurst,3750000.0
privateproperty,T5331912,https://www.privateproperty.co.za/for-sale/gauteng/johannesburg-metro/sandton/bryanston/32-shearwater/133-bryanston-drive/T5331912,3 Bedroom House in Bryanston,35000000.0,Bryanston,Sandton,Gauteng,House,2.0,2.0,2.0,2.0,186.0,,5156.928571428572,2344.0,"3 Bedroom House in Bryanston, 32 shearwater, 133 bryanston drive, FOR SALE: 3 Bedroom Home in Shearwater Estate Welcome to Unit 32, a beautifully designed Type C gro",11 Dec 2025,2026-03-27T15:35:38.339396+00:00,for-sale,gauteng,johannesburg-metro,sandton,bryanston,3500000.0
privateproperty,T5304198,https://www.privateproperty.co.za/for-sale/gauteng/johannesburg-metro/bedfordview/bedford-gardens/6-vita-paz-ixi/T5304198,3 Bedroom House in Bedford Gardens,34900000.0,Bedford Gardens,Bedfordview,Gauteng,House,3.0,2.5,2.0,2.0,420.0,420.0,3000.0,3000.0,"3 Bedroom House in Bedford Gardens, 6 vita paz ixi, Discover refined living in this beautiful 3-bedroom, 2.5-bathroom townhouse located in the sought-af",14 Nov 2025,2026-03-27T15:35:34.755858+00:00,for-sale,gauteng,johannesburg-metro,bedfordview,bedford-gardens,3490000.0
privateproperty,T5317838,https://www.privateproperty.co.za/for-sale/gauteng/johannesburg-metro/sandton/bryanston/13-fernhill/28-homestead-avenue/T5317838,4 Bedroom House in Bryanston,33000000.0,Bryanston,Sandton,Gauteng,House,4.0,2.5,4.0,2.0,203.0,,5156.928571428572,2000.0,"4 Bedroom House in Bryanston, 13 fernhill, 28 homestead avenue, Do not miss the opportunity to secure the last available A-Type home within the recently completed",26 Nov 2025,2026-03-27T15:35:30.460159+00:00,for-sale,gauteng,johannesburg-metro,sandton,bryanston,3300000.0
privateproperty,T5257206,https://www.privateproperty.co.za/for-sale/gauteng/johannesburg-metro/midrand/kyalami/59-the-woods/7-colt-street/T5257206,4 Bedroom House in Kyalami,31930000.0,Kyalami,Midrand,Gauteng,House,4.0,3.5,2.0,2.0,196.0,,3160.0,2669.5,"4 Bedroom House in Kyalami, 59 the woods, 7 colt street, 4 Bedroom Modern Duplex in Kyalami Step inside your freestanding 4-bedroom duplex with 3.5 stylish",7 Oct 2025,2026-03-27T15:35:27.858832+00:00,for-sale,gauteng,johannesburg-metro,midrand,kyalami,3193000.0
privateproperty,T5194227,https://www.privateproperty.co.za/for-sale/gauteng/johannesburg-metro/north-riding-to-lanseria/jackal-creek-northriding/jackal-creek-golf-estate/52b-st-georges/52-boundary-road/T5194227,3 Bedroom House in Jackal Creek Golf Estate,31100000.0,Jackal Creek Northriding,North Riding To Lanseria,Gauteng,House,3.0,2.5,4.0,2.0,193.0,525.0,1500.0,2500.0,"3 Bedroom House in Jackal Creek Golf Estate, 52b st george''s, 52 boundary road, St George''s - Innovative Design Meets Luxury Living TYPE 2 Home SHOW HOUSE OPEN DAILY - CALL DEAN",17 Aug 2025,2026-03-27T15:35:25.180153+00:00,for-sale,gauteng,johannesburg-metro,north-riding-to-lanseria,jackal-creek-northriding,3110000.0
privateproperty,T5390962,https://www.privateproperty.co.za/for-sale/gauteng/johannesburg-metro/sandton/fourways/34-blue-lake-estate/959-inchanga/T5390962,3 Bedroom House in Fourways,29000000.0,Fourways,Sandton,Gauteng,House,3.0,2.5,2.0,1.0,193.0,284.0,1800.0,1906.0,"3 Bedroom House in Fourways, 34 blue lake estate, 959 inchanga, Welcome to your new home in a secure full-title estate! This stunning 3 bedroom, 2.5 bathroom cluste",16 Feb 2026,2026-03-27T15:35:22.095196+00:00,for-sale,gauteng,johannesburg-metro,sandton,fourways,2900000.0
privateproperty,T5115352,https://www.privateproperty.co.za/for-sale/gauteng/johannesburg-metro/sandton/broadacres/108-sagewood/17-pine-road/T5115352,3 Bedroom House in Broadacres,28750000.0,Broadacres,Sandton,Gauteng,House,3.0,2.5,2.0,2.0,192.1,,2867.0,1486.0,"3 Bedroom House in Broadacres, 108 sagewood, 17 pine road, Welcome to Sagewood Thoughtfully Designed Homes in the Heart of Broadacres Discover Sagewood, wher",13 Jun 2025,2026-03-27T15:35:18.781018+00:00,for-sale,gauteng,johannesburg-metro,sandton,broadacres,2875000.0
privateproperty,T5078892,https://www.privateproperty.co.za/for-sale/gauteng/johannesburg-metro/midrand/carlswald/2-la-masion-royale-nb/82-tamboti-road/T5078892,3 Bedroom House in Carlswald,27300000.0,Carlswald,Midrand,Gauteng,House,3.0,4.0,1.0,1.0,204.0,199.0,2150.0,1739.0,"3 Bedroom House in Carlswald, 2 la masion royale-nb, 82 tamboti road, This well-appointed family home offers 3 spacious bedrooms and 4 bathrooms, designed for comfortable",15 May 2025,2026-03-27T15:35:14.835325+00:00,for-sale,gauteng,johannesburg-metro,midrand,carlswald,2730000.0
privateproperty,T5163740,https://www.privateproperty.co.za/for-sale/gauteng/johannesburg-metro/sandton/craigavon/53-maroela-view/4-poplar-avenue/T5163740,3 Bedroom House in Craigavon,26490000.0,Craigavon,Sandton,Gauteng,House,3.0,2.5,2.0,2.0,154.0,,2528.0,1983.5,"3 Bedroom House in Craigavon, 53 maroela view, 4 poplar avenue, 3- or 4-Bed Family Home Maroela View, Craigavon Move into a thoughtfully designed freestanding dup",23 Jul 2025,2026-03-27T15:35:10.525132+00:00,for-sale,gauteng,johannesburg-metro,sandton,craigavon,2649000.0
privateproperty,T5163787,https://www.privateproperty.co.za/for-sale/gauteng/johannesburg-metro/sandton/craigavon/49-maroela-view/4-poplar-avenue/T5163787,3 Bedroom House in Craigavon,26490000.0,Craigavon,Sandton,Gauteng,House,3.0,2.5,2.0,2.0,154.0,,2528.0,1983.5,"3 Bedroom House in Craigavon, 49 maroela view, 4 poplar avenue, 3- or 4-Bed Family Home Maroela View, Craigavon Move into a thoughtfully designed freestanding dup",23 Jul 2025,2026-03-27T15:35:06.656835+00:00,for-sale,gauteng,johannesburg-metro,sandton,craigavon,2649000.0
privateproperty,T5417644,https://www.privateproperty.co.za/for-sale/gauteng/johannesburg-metro/randburg/randpark-ridge/010-woboom/T5417644,4 Bedroom House in Randpark Ridge,24990000.0,Randpark Ridge,Randburg,Gauteng,House,4.0,3.5,6.0,2.0,320.0,,1900.0,1941.0,"4 Bedroom House in Randpark Ridge, 10 woboom, Step into comfort and convenience with this spacious home located close to Randpark Ridge Primary Sc",9 Mar 2026,2026-03-27T15:35:03.017572+00:00,for-sale,gauteng,johannesburg-metro,randburg,randpark-ridge,2499000.0
privateproperty,T5131581,https://www.privateproperty.co.za/for-sale/gauteng/johannesburg-metro/johannesburg-south/glenanda/700-glenanda/T5131581,5 Bedroom House in Glenanda,23950000.0,Glenanda,Johannesburg South,Gauteng,House,5.0,2.0,6.0,2.0,1.0,1.0,1650.0,1565.0,"5 Bedroom House in Glenanda, 700 glenanda, Step into style and comfort with this beautifully renovated home that effortlessly blends modern fin",26 Jun 2025,2026-03-27T15:34:56.305375+00:00,for-sale,gauteng,johannesburg-metro,johannesburg-south,glenanda,2395000.0
privateproperty,T5411000,https://www.privateproperty.co.za/for-sale/gauteng/johannesburg-metro/randburg/ferndale/35-speldekussing-street/T5411000,4 Bedroom House in Ferndale,23750000.0,Ferndale,Randburg,Gauteng,House,4.0,2.0,6.0,2.0,319.0,1.0,1751.8,3865.0,"4 Bedroom House in Ferndale, 35 speldekussing street, On show Sunday, 22 March 2026, from 14:30 until 17:00. Address: 35 Speldekussing Street, Ferndale. F",3 Mar 2026,2026-03-27T15:34:40.712833+00:00,for-sale,gauteng,johannesburg-metro,randburg,ferndale,2375000.0
privateproperty,T5411299,https://www.privateproperty.co.za/for-sale/gauteng/johannesburg-metro/northcliff/northcliff/44-jonkershoek-street/T5411299,4 Bedroom House in Northcliff,23750000.0,Northcliff,Northcliff,Gauteng,House,4.0,2.0,11.0,2.0,322.0,2.0,3150.0,1272.0,"4 Bedroom House in Northcliff, 44 jonkershoek street, Low-Maintenance Facebrick Beauty with Pool, Staff Quarters & Ample Parking! Set proudly in the cent",4 Mar 2026,2026-03-27T15:34:37.849736+00:00,for-sale,gauteng,johannesburg-metro,northcliff,northcliff,2375000.0
privateproperty,T5379337,https://www.privateproperty.co.za/for-sale/gauteng/johannesburg-metro/midrand/noordwyk/13-la-masion-royale/13-tamboti-road/T5379337,3 Bedroom House in Noordwyk,23000000.0,Noordwyk,Midrand,Gauteng,House,3.0,2.0,2.0,2.0,156.0,465.0,1736.0,1374.0,"3 Bedroom House in Noordwyk, 13 la masion royale, 13 tamboti road, This aesthetically pleasing home in situated in the heart of Midrand. This beautiful home has 3 spac",6 Feb 2026,2026-03-27T15:34:35.062038+00:00,for-sale,gauteng,johannesburg-metro,midrand,noordwyk,2300000.0
privateproperty,T5413512,https://www.privateproperty.co.za/for-sale/gauteng/johannesburg-metro/northcliff/roosevelt-park/franklin-roosevelt-park/8-pieter-wenning-street/T5413512,3 Bedroom House in Franklin Roosevelt Park,22500000.0,Roosevelt Park,Northcliff,Gauteng,House,3.0,2.0,2.0,1.0,324.0,996.0,2189.946808510638,2695.0,"3 Bedroom House in Franklin Roosevelt Park, 8 pieter wenning street, Perfectly positioned on Pieter Wenning Street in Franklin Roosevelt Park, just 350 metres from the L",5 Mar 2026,2026-03-27T15:34:32.342064+00:00,for-sale,gauteng,johannesburg-metro,northcliff,roosevelt-park,2250000.0
privateproperty,T5370780,https://www.privateproperty.co.za/for-sale/gauteng/johannesburg-metro/north-riding-to-lanseria/cosmo-city/zandspruit/9632-baltimore-lifestyle-estate/20888-northumberland-avenue/T5370780,3 Bedroom House in Zandspruit,16800000.0,Cosmo City,North Riding To Lanseria,Gauteng,House,3.0,2.0,2.0,,80.0,,500.0,1600.0,"3 Bedroom House in Zandspruit, 9632 baltimore lifestyle estate, 20888 northumberland avenue, Your Sanctuary in the City. Your Peace of Mind Guaranteed. At Baltimore Lifestyle Estate, your fami",30 Jan 2026,2026-03-27T15:34:28.687659+00:00,for-sale,gauteng,johannesburg-metro,north-riding-to-lanseria,cosmo-city,1680000.0
privateproperty,T5383633,https://www.privateproperty.co.za/for-sale/gauteng/johannesburg-metro/north-riding-to-lanseria/cosmo-city/zandspruit/80-baltimore-lifestyle-estate/80-golden-street-street/T5383633,3 Bedroom House in Zandspruit,16800000.0,Cosmo City,North Riding To Lanseria,Gauteng,House,3.0,2.0,2.0,,80.0,250.0,2000.0,1800.0,"3 Bedroom House in Zandspruit, 80 baltimore lifestyle estate, 80 golden street street, Live comfortably and securely in this modern 3-bedroom, 2-bathroom single-storey home set within the",10 Feb 2026,2026-03-27T15:34:25.767581+00:00,for-sale,gauteng,johannesburg-metro,north-riding-to-lanseria,cosmo-city,1680000.0
privateproperty,T5408580,https://www.privateproperty.co.za/for-sale/gauteng/johannesburg-metro/midrand/carlswald-estate/1555-carlswald-creek-nb/105-9th-road/T5408580,3 Bedroom House in Carlswald Estate,16500000.0,Carlswald Estate,Midrand,Gauteng,House,3.0,2.0,2.0,2.0,144.0,,1250.0,907.0,"3 Bedroom House in Carlswald Estate, 1555 carlswald creek-nb, 105 9th road, This Family home is located in Carlswald. The home has 3 bedrooms with 2 bathrooms upstairs main en",2 Mar 2026,2026-03-27T15:34:22.423659+00:00,for-sale,gauteng,johannesburg-metro,midrand,carlswald-estate,1650000.0
privateproperty,T5435669,https://www.privateproperty.co.za/for-sale/gauteng/johannesburg-metro/north-riding-to-lanseria/nooitgedacht/lion-pride/140-elephant-street/T5435669,3 Bedroom House in Lion Pride,16129780.0,Nooitgedacht,North Riding To Lanseria,Gauteng,House,3.0,2.0,2.0,,71.0,240.0,1000.0,1000.0,"3 Bedroom House in Lion Pride, 140 elephant street, A Community for Dreamers: Designed for families who work hard and want an uplifting, modern environm",24 Mar 2026,2026-03-27T15:34:18.191460+00:00,for-sale,gauteng,johannesburg-metro,north-riding-to-lanseria,nooitgedacht,1612978.0
privateproperty,T5416765,https://www.privateproperty.co.za/for-sale/gauteng/johannesburg-metro/north-riding-to-lanseria/nooitgedacht/lion-pride/1215-lion-pride-estate/1215-busoni-street/T5416765,3 Bedroom House in Lion Pride,15223030.0,Nooitgedacht,North Riding To Lanseria,Gauteng,House,3.0,2.5,2.0,,62.0,240.0,900.0,1000.0,"3 Bedroom House in Lion Pride, 1215 lion pride estate, 1215 busoni street, Welcome to Lion Pride Lifestyle Estate, where luxury meets safety, this stunning 3 and 4 bedroom hom",9 Mar 2026,2026-03-27T15:34:13.885825+00:00,for-sale,gauteng,johannesburg-metro,north-riding-to-lanseria,nooitgedacht,1522303.0
privateproperty,T5130865,https://www.privateproperty.co.za/for-sale/gauteng/johannesburg-metro/northcliff/melville/13-9th-avenue/T5130865,3 Bedroom House in Melville,15000000.0,Melville,Northcliff,Gauteng,House,3.0,2.5,3.0,1.0,,372.0,2189.946808510638,1400.0,"3 Bedroom House in Melville, 13 9th avenue, Charming Corner Stand Property for Sale Full of Character! This beautifully maintained and newly p",26 Jun 2025,2026-03-27T15:34:10.383017+00:00,for-sale,gauteng,johannesburg-metro,northcliff,melville,1500000.0
privateproperty,T5361028,https://www.privateproperty.co.za/for-sale/gauteng/johannesburg-metro/midrand/sagewood/111-sagewood/1430-anaboom-st/T5361028,3 Bedroom House in Sagewood,14900000.0,Sagewood,Midrand,Gauteng,House,3.0,2.0,1.0,1.0,,227.0,1150.0,2000.0,"3 Bedroom House in Sagewood, 111 sagewood, 1430 anaboom st, This stunning 3-bedroom, 2-bathroom townhouse offers comfortable, modern living within a secure esta",22 Jan 2026,2026-03-27T15:34:07.392888+00:00,for-sale,gauteng,johannesburg-metro,midrand,sagewood,1490000.0
privateproperty,T5322651,https://www.privateproperty.co.za/for-sale/gauteng/johannesburg-metro/midrand/noordwyk/2357-midview-village/357-coubrough-road/T5322651,2 Bedroom House in Noordwyk,12990000.0,Noordwyk,Midrand,Gauteng,House,2.0,1.0,1.0,1.0,120.0,375.0,2327.0,1113.0,"2 Bedroom House in Noordwyk, 2357 midview village, 357 coubrough road, Create Your Dream Sanctuary in a small community of only 40 homeowners in a well established Noordwy",2 Dec 2025,2026-03-27T15:34:04.548168+00:00,for-sale,gauteng,johannesburg-metro,midrand,noordwyk,1299000.0
privateproperty,T5403055,https://www.privateproperty.co.za/for-sale/gauteng/johannesburg-metro/soweto/protea-glen/39-strawberry-crescent/T5403055,11 Bedroom House in Protea Glen,12500000.0,Protea Glen,Soweto,Gauteng,House,11.0,11.0,4.0,,180.0,326.0,200.0,650.0,"11 Bedroom House in Protea Glen, 39 strawberry crescent, This well-maintained communal property offers an excellent opportunity for investors seeking steady",25 Feb 2026,2026-03-27T15:34:00.907399+00:00,for-sale,gauteng,johannesburg-metro,soweto,protea-glen,1250000.0
privateproperty,T5368027,https://www.privateproperty.co.za/for-sale/gauteng/johannesburg-metro/midrand/noordwyk/672-summerset-village/6-summerset-road/T5368027,3 Bedroom House in Noordwyk,11000000.0,Noordwyk,Midrand,Gauteng,House,3.0,2.0,2.0,,69.0,,2800.0,800.0,"3 Bedroom House in Noordwyk, 672 summerset village, 6 summerset road, Three-bedroom stand-alone house for sale at Summerset Village in Midrand, this beautiful home is ava",28 Jan 2026,2026-03-27T15:33:56.977719+00:00,for-sale,gauteng,johannesburg-metro,midrand,noordwyk,1100000.0
privateproperty,T5413470,https://www.privateproperty.co.za/for-sale/gauteng/johannesburg-metro/northcliff/sophiatown/42-victoria-road/T5413470,3 Bedroom House in Sophiatown,10800000.0,Sophiatown,Northcliff,Gauteng,House,3.0,1.0,9.0,3.0,,5.0,815.0,485.0,"3 Bedroom House in Sophiatown, 42 victoria road, This well-maintained 3-bedroom home is perfectly located in a safe and established area, close to sc",5 Mar 2026,2026-03-27T15:33:52.811964+00:00,for-sale,gauteng,johannesburg-metro,northcliff,sophiatown,1080000.0
privateproperty,T5412334,https://www.privateproperty.co.za/for-sale/gauteng/johannesburg-metro/northcliff/newlands/186-long-road/T5412334,2 Bedroom House in Newlands,9980000.0,Newlands,Northcliff,Gauteng,House,2.0,2.0,5.0,3.0,174.0,495.0,2189.946808510638,454.0,"2 Bedroom House in Newlands, 186 long road, Prime business-ready property on high-exposure Long Road Positioned along the busy Long Road corri",4 Mar 2026,2026-03-27T15:33:48.928621+00:00,for-sale,gauteng,johannesburg-metro,northcliff,newlands,998000.0
privateproperty,T5402245,https://www.privateproperty.co.za/for-sale/gauteng/johannesburg-metro/soweto/protea-glen/38049-ronald-street/T5402245,2 Bedroom House in Protea Glen,9612000.0,Protea Glen,Soweto,Gauteng,House,2.0,1.0,1.0,,40.0,300.0,521.6666666666666,300.0,"2 Bedroom House in Protea Glen, 38049 ronald street, A Home That Knows the Difference Between Owning and Belonging Two-Bedroom House for Sale inProtea Gl",25 Feb 2026,2026-03-27T15:33:44.908802+00:00,for-sale,gauteng,johannesburg-metro,soweto,protea-glen,961200.0
privateproperty,T5412686,https://www.privateproperty.co.za/for-sale/gauteng/johannesburg-metro/randburg/robindale/198-macarthur-park/1b-macarthur-avenue/T5412686,2 Bedroom House in Robindale,9300000.0,Robindale,Randburg,Gauteng,House,2.0,2.0,2.0,,75.0,,2475.0,720.0,"2 Bedroom House in Robindale, 198 macarthur park, 1b macarthur avenue, Situated in one of Robindale, Randburgs most sought-after and well-known complexes, MacArthur Park,",4 Mar 2026,2026-03-27T15:33:41.308537+00:00,for-sale,gauteng,johannesburg-metro,randburg,robindale,930000.0
privateproperty,T5022142,https://www.privateproperty.co.za/for-sale/gauteng/johannesburg-metro/rosebank-and-parktown/craighall/a4b-san-luca/3-grosvenor-avenue/T5022142,1 Bedroom House in Craighall,8950000.0,Craighall,Rosebank And Parktown,Gauteng,House,1.0,1.0,,,68.0,,2053.0,1086.0,"1 Bedroom House in Craighall, a4b san luca, 3 grosvenor avenue, One Bedroom Apartment in Craighall Park, Sandton Spacious 1-Bedroom Apartment 68 sqm of modern liv",28 Mar 2025,2026-03-27T15:33:38.297550+00:00,for-sale,gauteng,johannesburg-metro,rosebank-and-parktown,craighall,895000.0
privateproperty,T5393828,https://www.privateproperty.co.za/for-sale/gauteng/johannesburg-metro/northcliff/newlands/88a-market-road/T5393828,3 Bedroom House in Newlands,8200000.0,Newlands,Northcliff,Gauteng,House,1.0,1.0,2.0,1.0,246.0,496.0,2189.946808510638,2500.0,"3 Bedroom House in Newlands, 88a market road, Discover a solid investment property offering both comfort and income potential. This three-bedroom,",18 Feb 2026,2026-03-27T15:33:34.394257+00:00,for-sale,gauteng,johannesburg-metro,northcliff,newlands,820000.0
privateproperty,T5418849,https://www.privateproperty.co.za/for-sale/gauteng/johannesburg-metro/soweto/protea-north/6-mangosuthu-street/T5418849,2 Bedroom House in Protea North,8000000.0,Protea North,Soweto,Gauteng,House,2.0,1.0,4.0,,80.0,242.0,200.0,527.0,"2 Bedroom House in Protea North, 6 mangosuthu street, Well-maintained home available in Protea North, perfect for families or first-time buyers. - 2 Bedr",10 Mar 2026,2026-03-27T15:33:31.209468+00:00,for-sale,gauteng,johannesburg-metro,soweto,protea-north,800000.0
privateproperty,T4633139,https://www.privateproperty.co.za/for-sale/gauteng/johannesburg-metro/sandton/linbro-park/125-hilton/T4633139,1 Bedroom House in Linbro Park,6490000.0,Linbro Park,Sandton,Gauteng,House,1.0,1.0,,,37.0,,667.0,483.0,"1 Bedroom House in Linbro Park, 125 hilton, Phase 2 125 on Hilton - secure lifestyle residential estate in Linbro Park. Exciting new lifestyle",13 May 2024,2026-03-27T15:33:28.388117+00:00,for-sale,gauteng,johannesburg-metro,sandton,linbro-park,649000.0
privateproperty,T5361932,https://www.privateproperty.co.za/for-sale/gauteng/johannesburg-metro/sandton/hyde-park/T5361932,6 Bedroom House in Hyde Park,225000000.0,Hyde Park,Sandton,Gauteng,House,6.0,5.0,5.0,4.0,3.0,,4198.666666666667,2956.25,"6 Bedroom House in Hyde Park, Contemporary Home with Stunning Views for Sale Hyde Park, designed by the world-renowned architect",23 Jan 2026,2026-03-27T15:33:24.089133+00:00,for-sale,gauteng,johannesburg-metro,sandton,hyde-park,22500000.0
privateproperty,T5008795,https://www.privateproperty.co.za/for-sale/gauteng/johannesburg-metro/midrand/blue-hills/blue-hills-equestrian-estate/T5008795,5 Bedroom House in Blue Hills Equestrian Estate,180000000.0,Blue Hills,Midrand,Gauteng,House,5.0,5.0,4.0,4.0,980.0,5.0,4300.0,9733.0,"5 Bedroom House in Blue Hills Equestrian Estate, Not to be missed! This beautiful, elegant home seems to sit proudly, almost regal, like a grand lady",18 Mar 2025,2026-03-27T15:33:20.350976+00:00,for-sale,gauteng,johannesburg-metro,midrand,blue-hills,18000000.0
privateproperty,T5228648,https://www.privateproperty.co.za/for-sale/gauteng/johannesburg-metro/north-riding-to-lanseria/chartwell/T5228648,4 Bedroom House in Chartwell,74999990.0,Chartwell,North Riding To Lanseria,Gauteng,House,4.0,3.0,3.0,3.0,440.0,,1938.0,8850.0,"4 Bedroom House in Chartwell, Where do we begin This property truly offers everything an equestrian buyer could dream of space, f",12 Sep 2025,2026-03-27T15:33:17.037060+00:00,for-sale,gauteng,johannesburg-metro,north-riding-to-lanseria,chartwell,7499999.0
privateproperty,T4906974,https://www.privateproperty.co.za/for-sale/gauteng/johannesburg-metro/northcliff/northcliff/T4906974,5 Bedroom House in Northcliff,69999990.0,Northcliff,Northcliff,Gauteng,House,5.0,5.5,4.0,2.0,,2.0,3150.0,4243.0,"5 Bedroom House in Northcliff, Luxury 5 Bedroom house for sale in Northcliff Stunning 5-Bedroom Home with Breathtaking Johannesbur",25 Dec 2024,2026-03-27T15:33:13.751113+00:00,for-sale,gauteng,johannesburg-metro,northcliff,northcliff,6999999.0
privateproperty,T5358441,https://www.privateproperty.co.za/for-sale/gauteng/johannesburg-metro/northcliff/northcliff/T5358441,3 Bedroom House in Northcliff,64000000.0,Northcliff,Northcliff,Gauteng,House,3.0,2.0,6.0,2.0,320.0,630.0,3150.0,3277.0,"3 Bedroom House in Northcliff, Step into undeniable style and luxury and experience the voluminous interiors with high ceilings & s",21 Jan 2026,2026-03-27T15:33:09.283606+00:00,for-sale,gauteng,johannesburg-metro,northcliff,northcliff,6400000.0
privateproperty,T5376967,https://www.privateproperty.co.za/for-sale/gauteng/johannesburg-metro/sandton/wendywood/T5376967,3 Bedroom House in Wendywood,37000000.0,Wendywood,Sandton,Gauteng,House,3.0,3.0,8.0,2.0,415.0,1.0,3593.091126135769,1972.0,"3 Bedroom House in Wendywood, Immaculate family home in Wendywood Exquisite Family Haven in the Heart of Wendywood Welcome to a",4 Feb 2026,2026-03-27T15:33:05.217277+00:00,for-sale,gauteng,johannesburg-metro,sandton,wendywood,3700000.0
privateproperty,T5385979,https://www.privateproperty.co.za/for-sale/gauteng/johannesburg-metro/johannesburg-south/liefde-en-vrede/T5385979,4 Bedroom House in Liefde en Vrede,27500000.0,Liefde En Vrede,Johannesburg South,Gauteng,House,4.0,2.0,5.0,2.0,,960.0,1253.2,2000.0,"4 Bedroom House in Liefde en Vrede, Contact us for more information and to book a viewing today This beautifully designed 4-bedroom ho",11 Feb 2026,2026-03-27T15:33:02.318303+00:00,for-sale,gauteng,johannesburg-metro,johannesburg-south,liefde-en-vrede,2750000.0
privateproperty,T5354776,https://www.privateproperty.co.za/for-sale/gauteng/johannesburg-metro/sandton/craigavon/T5354776,3 Bedroom House in Craigavon,26000000.0,Craigavon,Sandton,Gauteng,House,3.0,2.0,2.0,2.0,200.0,206.0,2085.0,1710.0,"3 Bedroom House in Craigavon, Totally Revamped, No Expense Spared, Selling Way Below Cost. This Architectural Designed Home has t",18 Jan 2026,2026-03-27T15:32:59.578290+00:00,for-sale,gauteng,johannesburg-metro,sandton,craigavon,2600000.0
privateproperty,T5317783,https://www.privateproperty.co.za/for-sale/gauteng/johannesburg-metro/sandton/sunninghill/T5317783,4 Bedroom House in Sunninghill,24200000.0,Sunninghill,Sandton,Gauteng,House,4.0,2.0,2.0,2.0,,345.0,2610.0,3050.0,"4 Bedroom House in Sunninghill, Well maintained 4-Bedroom Family Home in Secure, Boomed-Off Neighbourhood Move-in ready and perfec",26 Nov 2025,2026-03-27T15:32:56.250813+00:00,for-sale,gauteng,johannesburg-metro,sandton,sunninghill,2420000.0
privateproperty,T5354639,https://www.privateproperty.co.za/for-sale/gauteng/johannesburg-metro/rosebank-and-parktown/highlands-north/T5354639,3 Bedroom House in Highlands North,15990000.0,Highlands North,Rosebank And Parktown,Gauteng,House,3.0,1.0,4.0,,,495.0,3082.336379310345,927.0,"3 Bedroom House in Highlands North, BACK ON THE MARKET!! Comfortable Family Home with Bonus Income Potential. Set on a manageable stan",18 Jan 2026,2026-03-27T15:32:52.453578+00:00,for-sale,gauteng,johannesburg-metro,rosebank-and-parktown,highlands-north,1599000.0
privateproperty,T5395608,https://www.privateproperty.co.za/for-sale/gauteng/johannesburg-metro/sandton/morningside-manor/62-middle-road/T5395608,6 Bedroom House in Morningside Manor,85000000.0,Morningside Manor,Sandton,Gauteng,House,6.0,4.0,12.0,,538.0,2.0,600.0,4400.0,"6 Bedroom House in Morningside Manor, 62 middle road, Versatile Investment Gem: 2126m² Zoned Residential 4. Endless opportunities SELLER ASKING R8,500 00",19 Feb 2026,2026-03-27T15:32:49.170629+00:00,for-sale,gauteng,johannesburg-metro,sandton,morningside-manor,8500000.0
privateproperty,T4169601,https://www.privateproperty.co.za/for-sale/gauteng/johannesburg-metro/midrand/carlswald/26-the-lincoln/33-lyncon-road/T4169601,3 Bedroom House in Carlswald,34250000.0,Carlswald,Midrand,Gauteng,House,3.0,2.5,2.0,2.0,225.0,86.0,2813.0,2300.0,"3 Bedroom House in Carlswald, 26 the lincoln, 33 lyncon road, Location: The Lincoln, Carlswald, Midrand Type: Double-Storey Home | Size: 225 m² | Garden: 86 m² |",15 May 2023,2026-03-27T15:32:45.735612+00:00,for-sale,gauteng,johannesburg-metro,midrand,carlswald,3425000.0
privateproperty,T5287852,https://www.privateproperty.co.za/for-sale/gauteng/johannesburg-metro/sandton/hurlingham-manor/6-chardonnay-crescent/T5287852,3 Bedroom House in Hurlingham Manor,32900000.0,Hurlingham Manor,Sandton,Gauteng,House,3.0,2.0,2.0,2.0,,645.0,3593.091126135769,4500.0,"3 Bedroom House in Hurlingham Manor, 6 chardonnay crescent, Beautiful 3-Bedroom Family Home for Sale in Sought-After Hurlingham Manor SOLE MANDATE!!! Discover",31 Oct 2025,2026-03-27T15:32:42.906808+00:00,for-sale,gauteng,johannesburg-metro,sandton,hurlingham-manor,3290000.0
privateproperty,T5439125,https://www.privateproperty.co.za/for-sale/gauteng/johannesburg-metro/north-riding-to-lanseria/sharonlea/17-raven-ridge/213-bellairs-drive/T5439125,4 Bedroom House in Sharonlea,31500000.0,Sharonlea,North Riding To Lanseria,Gauteng,House,4.0,3.0,1.0,,286.0,689.0,1316.0,1555.0,"4 Bedroom House in Sharonlea, 17 raven ridge, 213 bellairs drive, New release under exclusive mandate - immaculate property in the sought after Raven Ridge Estate",26 Mar 2026,2026-03-27T15:32:38.879222+00:00,for-sale,gauteng,johannesburg-metro,north-riding-to-lanseria,sharonlea,3150000.0
privateproperty,T5387048,https://www.privateproperty.co.za/for-sale/gauteng/johannesburg-metro/north-riding-to-lanseria/sundowner/32-aries-avenue/T5387048,4 Bedroom House in Sundowner,29990000.0,Sundowner,North Riding To Lanseria,Gauteng,House,4.0,3.0,9.0,2.0,430.0,1.0,1488.5,1627.0,"4 Bedroom House in Sundowner, 32 aries avenue, Luxury: Sundowners quietest, sophisticated off-grid sanctuary This home is a masterpiece of modern",12 Feb 2026,2026-03-27T15:32:34.740870+00:00,for-sale,gauteng,johannesburg-metro,north-riding-to-lanseria,sundowner,2999000.0
privateproperty,T5400296,https://www.privateproperty.co.za/for-sale/gauteng/johannesburg-metro/midrand/barbeque-downs/17-kyalami-manor/T5400296,4 Bedroom House in Barbeque Downs,23990000.0,Barbeque Downs,Midrand,Gauteng,House,4.0,4.0,3.0,1.0,189.0,365.0,1250.0,1407.0,"4 Bedroom House in Barbeque Downs, 17 kyalami manor, 4 Bed, 4 Bath House - Barbeque Downs Fabulous Family Home in a Secure Estate with Exceptional Poten",23 Feb 2026,2026-03-27T15:32:30.580259+00:00,for-sale,gauteng,johannesburg-metro,midrand,barbeque-downs,2399000.0
privateproperty,T11917,https://www.privateproperty.co.za/for-sale/gauteng/johannesburg-metro/johannesburg-central/kensington/53-patrol-st/T11917,3 Bedroom House in Kensington,16000000.0,Kensington,Johannesburg Central,Gauteng,House,3.0,2.0,5.0,2.0,160.0,654.0,2500.0,710.0,"3 Bedroom House in Kensington, 53 patrol st, Charming Standalone Home with Spacious Interiors Welcome to this beautiful, standalone house, nestl",3 Apr 2025,2026-03-27T15:32:27.635062+00:00,for-sale,gauteng,johannesburg-metro,johannesburg-central,kensington,1600000.0
privateproperty,T5226279,https://www.privateproperty.co.za/for-sale/gauteng/johannesburg-metro/northcliff/newlands/23-6th-street/T5226279,3 Bedroom House in Newlands,8990000.0,Newlands,Northcliff,Gauteng,House,3.0,1.0,4.0,2.0,,248.0,2189.946808510638,406.0,"3 Bedroom House in Newlands, 23 6th street, Charming 3-Bedroom Family Home with Cottage and Outdoor Entertainment Area Owner Asking More! Negot",11 Sep 2025,2026-03-27T15:32:24.296244+00:00,for-sale,gauteng,johannesburg-metro,northcliff,newlands,899000.0
privateproperty,T5434739,https://www.privateproperty.co.za/for-sale/gauteng/johannesburg-metro/sandton/lonehill/5-matumi-sands/5-the-straight-street/T5434739,2 Bedroom House in Lonehill,7750000.0,Lonehill,Sandton,Gauteng,House,2.0,1.0,,,69.0,,2379.0,365.0,"2 Bedroom House in Lonehill, 5 matumi sands, 5 the straight street, EXCLUSIVE SOLE MANDATE Perfectly positioned on a mid-floor in a sought after Lonehill complex, this",23 Mar 2026,2026-03-27T15:32:05.797677+00:00,for-sale,gauteng,johannesburg-metro,sandton,lonehill,775000.0
privateproperty,T5435077,https://www.privateproperty.co.za/for-sale/gauteng/johannesburg-metro/sandton/fourways/T5435077,3 Bedroom House in Fourways,33000000.0,Fourways,Sandton,Gauteng,House,3.0,3.0,4.0,2.0,207.0,300.0,1900.0,1850.0,"3 Bedroom House in Fourways, Freshly painted inside and out, this well-presented home offers a sense of space, light, and comfort",24 Mar 2026,2026-03-27T15:32:01.905332+00:00,for-sale,gauteng,johannesburg-metro,sandton,fourways,3300000.0
privateproperty,T5395950,https://www.privateproperty.co.za/for-sale/gauteng/johannesburg-metro/north-riding-to-lanseria/sundowner/T5395950,3 Bedroom House in Sundowner,29500000.0,Sundowner,North Riding To Lanseria,Gauteng,House,3.0,2.5,4.0,2.0,398.0,1.0,1488.5,2406.0,"3 Bedroom House in Sundowner, Nestled in the heart of sought-after Sundowner, this warm and inviting home offers the perfect blend",19 Feb 2026,2026-03-27T15:31:58.962792+00:00,for-sale,gauteng,johannesburg-metro,north-riding-to-lanseria,sundowner,2950000.0
privateproperty,T5312144,https://www.privateproperty.co.za/for-sale/gauteng/johannesburg-metro/sandton/bryanston/108-mount-street/T5312144,5 Bedroom House in Bryanston,179990000.0,Bryanston,Sandton,Gauteng,House,5.0,4.0,18.0,4.0,1.0,3.0,10000.0,10828.0,"5 Bedroom House in Bryanston, 108 mount street, Luxury Living in Secure Bryanston - Your Forever Home Awaits! Price is Negotiable - Let''s Talk! We",20 Nov 2025,2026-03-27T15:31:55.284616+00:00,for-sale,gauteng,johannesburg-metro,sandton,bryanston,17999000.0
privateproperty,T5402629,https://www.privateproperty.co.za/for-sale/gauteng/johannesburg-metro/north-riding-to-lanseria/sundowner/78-ss-brushwood-estates/79-drysdale-road/T5402629,2 Bedroom House in Sundowner,9990000.0,Sundowner,North Riding To Lanseria,Gauteng,House,2.0,1.0,3.0,1.0,115.0,115.0,1603.0,585.0,"2 Bedroom House in Sundowner, 78 ss brushwood estates, 79 drysdale road, This charming 2-bedroom, 1-bathroom duplex is situated in a secure and well-maintained complex, offe",25 Feb 2026,2026-03-27T15:31:51.427537+00:00,for-sale,gauteng,johannesburg-metro,north-riding-to-lanseria,sundowner,999000.0
privateproperty,T5236081,https://www.privateproperty.co.za/for-sale/gauteng/johannesburg-metro/northcliff/northcliff/26-boschendal-drive/T5236081,3 Bedroom House in Northcliff,18490000.0,Northcliff,Northcliff,Gauteng,House,3.0,2.0,6.0,2.0,,1.0,3150.0,1019.0,"3 Bedroom House in Northcliff, 26 boschendal drive, Elegant and Secure 3-Bedroom Family Home Perfect for Comfortable, Modern Living Owner Asking R2199",18 Sep 2025,2026-03-27T15:31:48.466143+00:00,for-sale,gauteng,johannesburg-metro,northcliff,northcliff,1849000.0
privateproperty,T5392640,https://www.privateproperty.co.za/for-sale/gauteng/johannesburg-metro/northcliff/fairland/189b-market-street/T5392640,3 Bedroom House in Fairland,29990000.0,Fairland,Northcliff,Gauteng,House,3.0,2.0,5.0,1.0,226.0,1.0,2189.946808510638,2148.0,"3 Bedroom House in Fairland, 189b market street, Immaculate Renovated 3-Bedroom Family Home in a Prime Location Owner Asking R3 599 000 Negotiating",17 Feb 2026,2026-03-27T15:31:44.756883+00:00,for-sale,gauteng,johannesburg-metro,northcliff,fairland,2999000.0
privateproperty,T5438396,https://www.privateproperty.co.za/for-sale/gauteng/johannesburg-metro/randburg/malanshof/10-key-largo/20-kasper-street/T5438396,2 Bedroom House in Malanshof,6750000.0,Malanshof,Randburg,Gauteng,House,2.0,1.0,2.0,,66.0,,1772.0,258.0,"2 Bedroom House in Malanshof, 10 key largo, 20 kasper street, Welcome to this inviting upstairs 2-bedroom, 1-bathroom apartment, perfect for comfortable living wi",26 Mar 2026,2026-03-27T15:31:41.952638+00:00,for-sale,gauteng,johannesburg-metro,randburg,malanshof,675000.0
privateproperty,T5438684,https://www.privateproperty.co.za/for-sale/gauteng/johannesburg-metro/sandton/broadacres/T5438684,3 Bedroom House in Broadacres,27490000.0,Broadacres,Sandton,Gauteng,House,3.0,2.5,2.0,1.0,177.0,222.0,2262.0,1486.0,"3 Bedroom House in Broadacres, Step into a beautifully designed home that effortlessly combines modern style with everyday comfort.",26 Mar 2026,2026-03-27T15:31:38.727886+00:00,for-sale,gauteng,johannesburg-metro,sandton,broadacres,2749000.0
privateproperty,T5438814,https://www.privateproperty.co.za/for-sale/gauteng/johannesburg-metro/randburg/ferndale/13-fernview/372-surrey-avenue/T5438814,2 Bedroom House in Ferndale,6999990.0,Ferndale,Randburg,Gauteng,House,2.0,1.0,2.0,1.0,88.0,,1511.0,343.0,"2 Bedroom House in Ferndale, 13 fernview, 372 surrey avenue, Renovated 2 Bedroom Apartment in Secure Complex Discover contemporary urban living in this recently",26 Mar 2026,2026-03-27T15:31:35.145215+00:00,for-sale,gauteng,johannesburg-metro,randburg,ferndale,699999.0
privateproperty,T5419347,https://www.privateproperty.co.za/for-sale/gauteng/johannesburg-metro/sandton/broadacres/T5419347,3 Bedroom House in Broadacres,27500000.0,Broadacres,Sandton,Gauteng,House,3.0,2.5,5.0,2.0,,366.0,1800.0,1950.0,"3 Bedroom House in Broadacres, BROADACRES DOUBLE STOREY HOME IN SMALL, SECURE ESTATE Set on a manageable 366m2 stand in the heart",10 Mar 2026,2026-03-27T15:31:32.142560+00:00,for-sale,gauteng,johannesburg-metro,sandton,broadacres,2750000.0
privateproperty,T5421427,https://www.privateproperty.co.za/for-sale/gauteng/johannesburg-metro/sandton/bryanston/T5421427,3 Bedroom House in Bryanston,28990000.0,Bryanston,Sandton,Gauteng,House,3.0,2.0,6.0,2.0,176.0,463.0,2730.0,1884.0,"3 Bedroom House in Bryanston, Modern 3 Bedroom Family Home in Secure Bryanston Estate with Loft and Solar Backup! NEGOTIATING BE",12 Mar 2026,2026-03-27T15:31:27.900117+00:00,for-sale,gauteng,johannesburg-metro,sandton,bryanston,2899000.0
privateproperty,T5411559,https://www.privateproperty.co.za/for-sale/gauteng/johannesburg-metro/sandton/lonehill/T5411559,3 Bedroom House in Lonehill,21950000.0,Lonehill,Sandton,Gauteng,House,3.0,2.0,3.0,3.0,,505.0,2243.6363636363635,1954.0,"3 Bedroom House in Lonehill, Spacious Versatile Home - Excluding Charm and Character A home that truly adapts to your life, this",4 Mar 2026,2026-03-27T15:31:24.235916+00:00,for-sale,gauteng,johannesburg-metro,sandton,lonehill,2195000.0
privateproperty,T5408527,https://www.privateproperty.co.za/for-sale/gauteng/johannesburg-metro/sandton/bryanston/T5408527,5 Bedroom House in Bryanston,105000000.0,Bryanston,Sandton,Gauteng,House,5.0,7.0,4.0,,1.0,4.0,5156.928571428572,5904.0,"5 Bedroom House in Bryanston, Bryanston East Masterpiece in Secure Boomed Enclosure approx. 4100m2 of Luxury, Space and Lifestyle",2 Mar 2026,2026-03-27T15:31:20.206287+00:00,for-sale,gauteng,johannesburg-metro,sandton,bryanston,10500000.0
privateproperty,T5408668,https://www.privateproperty.co.za/for-sale/gauteng/johannesburg-metro/sandton/morningside/91-west-road-north/T5408668,6 Bedroom House in Morningside,69990000.0,Morningside,Sandton,Gauteng,House,6.0,1.0,12.0,5.0,595.0,2.0,8450.0,3376.0,"6 Bedroom House in Morningside, 91 west road north, Morningside Oasis: Six Bedrooms, Pool, and Lush Private Gardens Nestled in the highly desirable met",2 Mar 2026,2026-03-27T15:31:17.199964+00:00,for-sale,gauteng,johannesburg-metro,sandton,morningside,6999000.0
privateproperty,T5420576,https://www.privateproperty.co.za/for-sale/gauteng/johannesburg-metro/sandton/douglasdale/T5420576,3 Bedroom House in Douglasdale,19900000.0,Douglasdale,Sandton,Gauteng,House,3.0,2.0,2.0,2.0,160.0,,2106.0,1.053,"3 Bedroom House in Douglasdale, Email agent to view this Freehold CLUSTER offering a beautiful 3-Bedroom Cluster with Splash Pool in",11 Mar 2026,2026-03-27T15:31:13.311986+00:00,for-sale,gauteng,johannesburg-metro,sandton,douglasdale,1990000.0
privateproperty,T5398143,https://www.privateproperty.co.za/for-sale/gauteng/johannesburg-metro/sandton/bryanston/T5398143,4 Bedroom House in Bryanston,33900000.0,Bryanston,Sandton,Gauteng,House,4.0,3.5,5.0,2.0,250.0,745.0,5156.928571428572,2500.0,"4 Bedroom House in Bryanston, Secure, Renovated 4-Bedroom Family Haven in a Guarded Enclave Move-In Ready! Offers from R3.3mln",21 Feb 2026,2026-03-27T15:31:10.497166+00:00,for-sale,gauteng,johannesburg-metro,sandton,bryanston,3390000.0
privateproperty,T5377221,https://www.privateproperty.co.za/for-sale/gauteng/johannesburg-metro/northcliff/fairland/64-davidson-street/T5377221,7 Bedroom House in Fairland,31990000.0,Fairland,Northcliff,Gauteng,House,7.0,4.0,11.0,6.0,875.0,2.0,2189.946808510638,3349.0,"7 Bedroom House in Fairland, 64 davidson street, Expansive Family Home with Dual-Living Potential in Fairland, Randburg Owner Asking More! Negotiat",5 Feb 2026,2026-03-27T15:31:07.640585+00:00,for-sale,gauteng,johannesburg-metro,northcliff,fairland,3199000.0
privateproperty,T5395818,https://www.privateproperty.co.za/for-sale/gauteng/johannesburg-metro/sandton/douglasdale/T5395818,4 Bedroom House in Douglasdale,37950000.0,Douglasdale,Sandton,Gauteng,House,4.0,3.0,10.0,2.0,530.0,,250.0,2855.0,"4 Bedroom House in Douglasdale, NO TRANSFER DUTIES FOR THE PURCHASER SAVING TO THE PURCHASER OF ABOUT R170 000. 530 SQM FAMILY HOME",19 Feb 2026,2026-03-27T15:31:03.647636+00:00,for-sale,gauteng,johannesburg-metro,sandton,douglasdale,3795000.0
privateproperty,T5434671,https://www.privateproperty.co.za/for-sale/gauteng/johannesburg-metro/randburg/ferndale/T5434671,6 Bedroom House in Ferndale,15999990.0,Ferndale,Randburg,Gauteng,House,2.0,5.0,15.0,3.0,1.0,,1751.8,343.0,"6 Bedroom House in Ferndale, Renovators dream. Needs work. Price reduced to sell. Location counts. Ferndale EXT Beverly Garden",23 Mar 2026,2026-03-27T15:31:01.073518+00:00,for-sale,gauteng,johannesburg-metro,randburg,ferndale,1599999.0
privateproperty,T5430222,https://www.privateproperty.co.za/for-sale/gauteng/johannesburg-metro/sandton/paulshof/T5430222,6 Bedroom House in Paulshof,39500000.0,Paulshof,Sandton,Gauteng,House,6.0,4.0,12.0,2.0,,1.0,2001.6666666666667,3623.0,"6 Bedroom House in Paulshof, Versatile Family Estate with Dual Living and Airbnb Income Potential Paulshof, Sandton Nestled in",19 Mar 2026,2026-03-27T15:30:57.159955+00:00,for-sale,gauteng,johannesburg-metro,sandton,paulshof,3950000.0
privateproperty,T5382012,https://www.privateproperty.co.za/for-sale/gauteng/johannesburg-metro/sandton/bryanston/T5382012,5 Bedroom House in Bryanston,195000000.0,Bryanston,Sandton,Gauteng,House,5.0,5.5,9.0,3.0,924.0,1.0,5156.928571428572,3250.0,"5 Bedroom House in Bryanston, Set within an exclusive guarded enclosure in sought-after Bryanston East, this contemporary farmhous",9 Feb 2026,2026-03-27T15:30:53.791536+00:00,for-sale,gauteng,johannesburg-metro,sandton,bryanston,19500000.0
privateproperty,T5406643,https://www.privateproperty.co.za/for-sale/gauteng/johannesburg-metro/sandton/atholl/T5406643,3 Bedroom House in Atholl,63000000.0,Atholl,Sandton,Gauteng,House,3.0,3.0,5.0,,,538.0,6160.0,9052.0,"3 Bedroom House in Atholl, Step through an impressive solid wooden entrance door and into a residence that immediately captivat",27 Feb 2026,2026-03-27T15:30:51.178891+00:00,for-sale,gauteng,johannesburg-metro,sandton,atholl,6300000.0
privateproperty,T5439037,https://www.privateproperty.co.za/for-sale/gauteng/johannesburg-metro/midrand/clayville/10997-terara-cres/T5439037,3 Bedroom House in Clayville,11800000.0,Clayville,Midrand,Gauteng,House,3.0,1.0,2.0,,156.0,190.0,795.0,850.0,"3 Bedroom House in Clayville, 10997 terara cres, Corner House 3 Bedroom 2 Bathroom With Outside Room & Outside Toilet . This well-maintained corner s",26 Mar 2026,2026-03-27T15:30:47.451804+00:00,for-sale,gauteng,johannesburg-metro,midrand,clayville,1180000.0
privateproperty,T4462448,https://www.privateproperty.co.za/for-sale/gauteng/johannesburg-metro/johannesburg-south/eye-of-africa/T4462448,7 Bedroom House in Eye of Africa,59950000.0,Eye Of Africa,Johannesburg South,Gauteng,House,7.0,7.0,4.0,4.0,1.0,3.0,1253.2,949.1418918918919,"7 Bedroom House in Eye of Africa, Exclusive Half-Built Mansion with Panoramic Golf Course Views Nestled in the prestigious Eye of Af",4 Jan 2024,2026-03-27T15:30:44.277961+00:00,for-sale,gauteng,johannesburg-metro,johannesburg-south,eye-of-africa,5995000.0
privateproperty,T5430831,https://www.privateproperty.co.za/for-sale/gauteng/johannesburg-metro/sandton/bryanston/T5430831,2 Bedroom House in Bryanston,29550000.0,Bryanston,Sandton,Gauteng,House,2.0,2.0,1.0,1.0,116.0,,4449.0,3034.0,"2 Bedroom House in Bryanston, Make 2026 your final opportunity to secure a 2-bedroom home in this sought-after retirement estate i",19 Mar 2026,2026-03-27T15:30:40.878936+00:00,for-sale,gauteng,johannesburg-metro,sandton,bryanston,2955000.0
privateproperty,T5429278,https://www.privateproperty.co.za/for-sale/gauteng/johannesburg-metro/sandton/fourways/T5429278,3 Bedroom House in Fourways,39400000.0,Fourways,Sandton,Gauteng,House,3.0,2.0,2.0,2.0,160.0,,5891.0,3730.0,"3 Bedroom House in Fourways, Step into the spacious comfort of our three-bedroom house, boasting two bathrooms and a double garag",18 Mar 2026,2026-03-27T15:30:36.558298+00:00,for-sale,gauteng,johannesburg-metro,sandton,fourways,3940000.0
privateproperty,T5189538,https://www.privateproperty.co.za/for-sale/gauteng/johannesburg-metro/randburg/robindale/T5189538,3 Bedroom House in Robindale,18500000.0,Robindale,Randburg,Gauteng,House,3.0,2.0,4.0,2.0,,1.0,2475.0,1900.0,"3 Bedroom House in Robindale, OPPORTUNITIES YOU DECIDE... All Offers Will Be Presented. Prime position in Robindale, directly o",13 Aug 2025,2026-03-27T15:30:33.239597+00:00,for-sale,gauteng,johannesburg-metro,randburg,robindale,1850000.0
privateproperty,T5425718,https://www.privateproperty.co.za/for-sale/gauteng/johannesburg-metro/north-riding-to-lanseria/boskruin/T5425718,4 Bedroom House in Boskruin,27500000.0,Boskruin,North Riding To Lanseria,Gauteng,House,4.0,2.0,3.0,3.0,,1.0,2450.0,2522.0,"4 Bedroom House in Boskruin, Viewing strictly by appointment. Call the agent to secure your time slot. Calling all families who",16 Mar 2026,2026-03-27T15:30:29.454146+00:00,for-sale,gauteng,johannesburg-metro,north-riding-to-lanseria,boskruin,2750000.0
privateproperty,T4430057,https://www.privateproperty.co.za/for-sale/gauteng/johannesburg-metro/johannesburg-south/winchester-hills/T4430057,4 Bedroom House in Winchester Hills,22350000.0,Winchester Hills,Johannesburg South,Gauteng,House,4.0,1.0,4.0,2.0,1.0,1.0,1779.5,1240.0,"4 Bedroom House in Winchester Hills, This ideal property comprises of 4 large bedrooms, Main bedroom with en-suite, walk-in-closet, a stu",23 Nov 2023,2026-03-27T15:30:26.450378+00:00,for-sale,gauteng,johannesburg-metro,johannesburg-south,winchester-hills,2235000.0
privateproperty,T5306721,https://www.privateproperty.co.za/for-sale/gauteng/johannesburg-metro/johannesburg-south/south-hills/52-coalbrook-road/T5306721,3 Bedroom House in South Hills,10299990.0,South Hills,Johannesburg South,Gauteng,House,3.0,1.0,2.0,,188.0,476.0,900.0,525.0,"3 Bedroom House in South Hills, 52 coalbrook road, EXCLUSIVE & NEW to the Market!! Welcome to this 3 bedroom family home situated within a sought after",17 Nov 2025,2026-03-27T15:30:22.867018+00:00,for-sale,gauteng,johannesburg-metro,johannesburg-south,south-hills,1029999.0
privateproperty,T5047893,https://www.privateproperty.co.za/for-sale/gauteng/johannesburg-metro/johannesburg-south/elandspark/57-pauline-smith-crescent/T5047893,3 Bedroom House in Elandspark,13900000.0,Elandspark,Johannesburg South,Gauteng,House,3.0,2.0,4.0,2.0,,667.0,1170.0,473.0,"3 Bedroom House in Elandspark, 57 pauline smith crescent, EXCLUSIVE and NEW to the market - This neat home situated within a quiet neighborhood radiates warmt",17 Apr 2025,2026-03-27T15:30:19.892034+00:00,for-sale,gauteng,johannesburg-metro,johannesburg-south,elandspark,1390000.0
privateproperty,T5395895,https://www.privateproperty.co.za/for-sale/gauteng/johannesburg-metro/northcliff/greenside/T5395895,7 Bedroom House in Greenside,34950000.0,Greenside,Northcliff,Gauteng,House,7.0,4.0,12.0,2.0,,1.0,2189.946808510638,2450.0,"7 Bedroom House in Greenside, This spacious and well-maintained family home offers exceptional comfort, generous living spaces, an",19 Feb 2026,2026-03-27T15:30:15.563791+00:00,for-sale,gauteng,johannesburg-metro,northcliff,greenside,3495000.0
privateproperty,T5244858,https://www.privateproperty.co.za/for-sale/gauteng/johannesburg-metro/johannesburg-south/the-hill/T5244858,3 Bedroom House in The Hill,14999990.0,The Hill,Johannesburg South,Gauteng,House,3.0,2.0,,,,1.0,1130.0,915.0,"3 Bedroom House in The Hill, This well-maintained corner property offers a perfect blend of comfort, style, and potential for fut",26 Sep 2025,2026-03-27T15:30:11.988725+00:00,for-sale,gauteng,johannesburg-metro,johannesburg-south,the-hill,1499999.0
privateproperty,T5403283,https://www.privateproperty.co.za/for-sale/gauteng/johannesburg-metro/johannesburg-central/lyndhurst/T5403283,4 Bedroom House in Lyndhurst,26990000.0,Lyndhurst,Johannesburg Central,Gauteng,House,4.0,2.0,4.0,2.0,250.0,2.0,2130.0,252.0,"4 Bedroom House in Lyndhurst, Tucked away in a quiet panhandle, this beautifully maintained family home offers complete privacy an",25 Feb 2026,2026-03-27T15:30:09.331485+00:00,for-sale,gauteng,johannesburg-metro,johannesburg-central,lyndhurst,2699000.0
privateproperty,T5419042,https://www.privateproperty.co.za/for-sale/gauteng/johannesburg-metro/rosebank-and-parktown/parktown/T5419042,4 Bedroom House in Parktown,49000000.0,Parktown,Rosebank And Parktown,Gauteng,House,4.0,2.5,9.0,3.0,470.0,1.0,3082.336379310345,4083.0,"4 Bedroom House in Parktown, Discover a home where history and lifestyle meet in perfect harmony. Designed in 1911 by W. Hoskings",10 Mar 2026,2026-03-27T15:30:05.293953+00:00,for-sale,gauteng,johannesburg-metro,rosebank-and-parktown,parktown,4900000.0
privateproperty,T5399982,https://www.privateproperty.co.za/for-sale/gauteng/johannesburg-metro/sandton/river-club/T5399982,3 Bedroom House in River Club,39999990.0,River Club,Sandton,Gauteng,House,3.0,2.0,8.0,2.0,350.0,1.0,5312.0,2961.0,"3 Bedroom House in River Club, Sparkling and Modern with beautifully clean cut lines, this meticulously finished home is opulent in",23 Feb 2026,2026-03-27T15:30:02.255733+00:00,for-sale,gauteng,johannesburg-metro,sandton,river-club,3999999.0
privateproperty,T5413400,https://www.privateproperty.co.za/for-sale/gauteng/johannesburg-metro/northcliff/linden/T5413400,4 Bedroom House in Linden,24750000.0,Linden,Northcliff,Gauteng,House,4.0,2.0,2.0,1.0,,1.0,1389.0,1996.0,"4 Bedroom House in Linden, Loved and well-maintained for many years, this warm and inviting family home is ready to welcome its",5 Mar 2026,2026-03-27T15:29:59.301851+00:00,for-sale,gauteng,johannesburg-metro,northcliff,linden,2475000.0
privateproperty,T5322389,https://www.privateproperty.co.za/for-sale/gauteng/johannesburg-metro/midrand/halfway-gardens/T5322389,3 Bedroom House in Halfway Gardens,29960000.0,Halfway Gardens,Midrand,Gauteng,House,3.0,2.5,4.0,2.0,250.0,389.0,2420.0,1751.0,"3 Bedroom House in Halfway Gardens, On Show by Appointment Only. Please contact the agent to arrange for your private viewing. This is",2 Dec 2025,2026-03-27T15:29:56.546614+00:00,for-sale,gauteng,johannesburg-metro,midrand,halfway-gardens,2996000.0
