source_site,listing_id,rental_url,title,monthly_rent,suburb,city,province,property_type,bedrooms,bathrooms,parking_spaces,garage,floor_area_sqm,land_area_sqm,levies,rates_taxes,furnished_flag,availability_text,description,listing_date,scraped_timestamp,pp_transaction_slug,pp_province_slug,pp_metro_slug,pp_city_slug,pp_suburb_slug
privateproperty,RR4635422,https://www.privateproperty.co.za/to-rent/gauteng/johannesburg-metro/sandton/morningside/RR4635422,6 Bedroom House in Morningside,110000.0,Morningside,Sandton,Gauteng,House,6.0,7.0,1.0,1.0,887.0,2.0,,,,Available Now,"6 Bedroom House in Morningside, This beautifully updated residence offers the perfect blend of elegance and everyday comfort. Set on",20 Mar 2026,2026-03-27T16:35:40.246438+00:00,to-rent,gauteng,johannesburg-metro,sandton,morningside
privateproperty,RR4638183,https://www.privateproperty.co.za/to-rent/gauteng/johannesburg-metro/sandton/benmore-gardens/RR4638183,5 Bedroom House in Benmore Gardens,75000.0,Benmore Gardens,Sandton,Gauteng,House,5.0,5.0,3.0,3.0,,803.0,,,,Available Now,"5 Bedroom House in Benmore Gardens, Waterstone Estate is located on the doorstep of Sandton, one of Johannesburg and South Africa''s mos",24 Mar 2026,2026-03-27T16:35:42.881578+00:00,to-rent,gauteng,johannesburg-metro,sandton,benmore-gardens
privateproperty,RR4610204,https://www.privateproperty.co.za/to-rent/gauteng/johannesburg-metro/randburg/ferndale/RR4610204,3 Bedroom House in Ferndale,19900.0,Ferndale,Randburg,Gauteng,House,3.0,2.0,5.0,2.0,205.0,,,,,Available Now,"3 Bedroom House in Ferndale, Available 1 March 2026. R19 900pm excluding all utiliities: sewerage, Pikitup by rates and taxes ac",16 Feb 2026,2026-03-27T16:35:45.804990+00:00,to-rent,gauteng,johannesburg-metro,randburg,ferndale
privateproperty,RR3307475,https://www.privateproperty.co.za/to-rent/gauteng/johannesburg-metro/midrand/grand-central/3-tangelo-place/197-church-street/RR3307475,1 Bedroom House in Grand Central,6500.0,Grand Central,Midrand,Gauteng,House,1.0,1.0,,,,,,,,Available Now,"1 Bedroom House in Grand Central, 3 Tangelo Place, 197 Church Street, Be the first to move into this stylish and contemporary 1-bedroom, 1-bathroom apartment in a brand-n",11 Jul 2025,2026-03-27T16:35:48.904997+00:00,to-rent,gauteng,johannesburg-metro,midrand,grand-central
privateproperty,RR4011983,https://www.privateproperty.co.za/to-rent/gauteng/johannesburg-metro/midrand/grand-central/RR4011983,1 Bedroom House in Grand Central,6300.0,Grand Central,Midrand,Gauteng,House,1.0,1.0,,,,,,,,Available Now,"1 Bedroom House in Grand Central, This beautiful and well-appointed 1-bedroom, 1-bathroom apartment offers secure, convenient living i",12 Dec 2025,2026-03-27T16:35:52.589116+00:00,to-rent,gauteng,johannesburg-metro,midrand,grand-central
privateproperty,RR4339338,https://www.privateproperty.co.za/to-rent/gauteng/johannesburg-metro/johannesburg-central/bezuidenhout-valley/RR4339338,2 Bedroom House in Bezuidenhout Valley,6850.0,Bezuidenhout Valley,Johannesburg Central,Gauteng,House,2.0,1.0,,,,,,,,Available Now,"2 Bedroom House in Bezuidenhout Valley, Stunning 2 bedroom house to rent in Bez-Valley This neat and tidy home offers you with a lovely 2 be",10 Feb 2026,2026-03-27T16:35:55.664854+00:00,to-rent,gauteng,johannesburg-metro,johannesburg-central,bezuidenhout-valley
privateproperty,RR4637040,https://www.privateproperty.co.za/to-rent/gauteng/johannesburg-metro/sandton/fourways/fernbrook-estate/RR4637040,4.5 Bedroom House in Fernbrook Estate,38000.0,Fourways,Sandton,Gauteng,House,4.5,2.5,2.0,2.0,,,,,,,"4.5 Bedroom House in Fernbrook Estate, Elegant 4-Bedroom Family Home for Rent in Fernbrook Lifestyle Estate This well-appointed family res",23 Mar 2026,2026-03-27T16:35:59.797215+00:00,to-rent,gauteng,johannesburg-metro,sandton,fourways
privateproperty,RR4636737,https://www.privateproperty.co.za/to-rent/gauteng/johannesburg-metro/sandton/hurlingham/0-hurlingham/60-balmoral-avenue/RR4636737,3 Bedroom House in Hurlingham,55000.0,Hurlingham,Sandton,Gauteng,House,3.0,3.5,6.0,2.0,400.0,2.0,,,,,"3 Bedroom House in Hurlingham, Hurlingham, 60 Balmoral Avenue, Available 1 May Extra charges: Only Prepaid Electricity and Prepaid Water Included in the rental: F",23 Mar 2026,2026-03-27T16:36:03.198437+00:00,to-rent,gauteng,johannesburg-metro,sandton,hurlingham
privateproperty,RR4632745,https://www.privateproperty.co.za/to-rent/gauteng/johannesburg-metro/sandton/fourways/RR4632745,5 Bedroom House in Fourways,29500.0,Fourways,Sandton,Gauteng,House,5.0,4.5,6.0,2.0,250.0,1.0,,,,,"5 Bedroom House in Fourways, Nestled within a quiet, tree-lined street in the sought-after suburb of Fourways, this beautifully m",17 Mar 2026,2026-03-27T16:36:07.496008+00:00,to-rent,gauteng,johannesburg-metro,sandton,fourways
privateproperty,RR4629508,https://www.privateproperty.co.za/to-rent/gauteng/johannesburg-metro/randburg/ferndale/6f-lighthouse-on-main/343-main-avenue/RR4629508,1 Bedroom House in Ferndale,4800.0,Ferndale,Randburg,Gauteng,House,1.0,1.0,,,12.0,,,,,,"1 Bedroom House in Ferndale, 6F Lighthouse on Main, 343 Main Avenue, A newly renovated room is available immediately in a Shared house. Shared kitchen, bathroom, and liv",12 Mar 2026,2026-03-27T16:36:11.639108+00:00,to-rent,gauteng,johannesburg-metro,randburg,ferndale
privateproperty,RR4257523,https://www.privateproperty.co.za/to-rent/gauteng/johannesburg-metro/midrand/vorna-valley/RR4257523,2 Bedroom House in Vorna Valley,7500.0,Vorna Valley,Midrand,Gauteng,House,1.0,1.0,1.0,,,,,,,Available Now,"2 Bedroom House in Vorna Valley, AVAILABLE IMMEDIATELY FOR OCCUPATION Ground floor apartment 2 bedrooms 1 full bathroom Open plan l",2 Mar 2026,2026-03-27T16:36:14.356888+00:00,to-rent,gauteng,johannesburg-metro,midrand,vorna-valley
privateproperty,RR4618487,https://www.privateproperty.co.za/to-rent/gauteng/johannesburg-metro/soweto/protea-glen/RR4618487,3 Bedroom House in Protea Glen,5000.0,Protea Glen,Soweto,Gauteng,House,3.0,1.0,2.0,,,,,,,Available Now,"3 Bedroom House in Protea Glen, Immaculate property for rental Herein contains a rental property at Protea Glen ext 28. This propert",26 Feb 2026,2026-03-27T16:36:17.331000+00:00,to-rent,gauteng,johannesburg-metro,soweto,protea-glen
privateproperty,RR4614985,https://www.privateproperty.co.za/to-rent/gauteng/johannesburg-metro/soweto/pimville/klipspruit/RR4614985,2 Bedroom House in Klipspruit,6900.0,Pimville,Soweto,Gauteng,House,2.0,1.0,1.0,,,,,,,,"2 Bedroom House in Klipspruit, Orlando Towers is where vibrant living meets everyday convenience a place designed for comfort, con",23 Feb 2026,2026-03-27T16:36:20.295165+00:00,to-rent,gauteng,johannesburg-metro,soweto,pimville
privateproperty,RR4614277,https://www.privateproperty.co.za/to-rent/gauteng/johannesburg-metro/midrand/waterfall-country-village/RR4614277,3 Bedroom House in Waterfall Country Village,75000.0,Waterfall Country Village,Midrand,Gauteng,House,3.0,3.5,2.0,2.0,470.0,615.0,,,1.0,,"3 Bedroom House in Waterfall Country Village, Fully furnished and equipped, perfect for a Corporate, bring your suitcases! A very comfortable and",20 Feb 2026,2026-03-27T16:36:23.167818+00:00,to-rent,gauteng,johannesburg-metro,midrand,waterfall-country-village
privateproperty,RR4604070,https://www.privateproperty.co.za/to-rent/gauteng/johannesburg-metro/midrand/waterfall-estate/4391-the-villas-waterfall/1-barbet-crescent/RR4604070,4 Bedroom House in Waterfall Estate,47600.0,Waterfall Estate,Midrand,Gauteng,House,4.0,5.0,2.0,1.0,,400.0,,,,,"4 Bedroom House in Waterfall Estate, 4391 The Villas Waterfall, 1 Barbet Crescent, Load-shedding Solutions: Solar back-up and inverter power Freestanding houses with modern living sp",9 Feb 2026,2026-03-27T16:36:26.976361+00:00,to-rent,gauteng,johannesburg-metro,midrand,waterfall-estate
privateproperty,RR3686528,https://www.privateproperty.co.za/to-rent/gauteng/johannesburg-metro/midrand/waterfall-country-village/RR3686528,4 Bedroom House in Waterfall Country Village,48000.0,Waterfall Country Village,Midrand,Gauteng,House,4.0,3.0,2.0,2.0,370.0,600.0,,,,,"4 Bedroom House in Waterfall Country Village, As you enter the front door you are greeted with a wonderful, comfortable family home. Downstairs i",4 Feb 2026,2026-03-27T16:36:30.778100+00:00,to-rent,gauteng,johannesburg-metro,midrand,waterfall-country-village
privateproperty,RR4592565,https://www.privateproperty.co.za/to-rent/gauteng/johannesburg-metro/sandton/sandton-central/RR4592565,2 Bedroom House in Sandton Central,19500.0,Sandton Central,Sandton,Gauteng,House,2.0,2.0,2.0,,,,,,,Available Now,"2 Bedroom House in Sandton Central, Luxury 2-Bedroom Garden Apartment to Rent The Capitol, 20 West Road South Experience refined urban",25 Jan 2026,2026-03-27T16:36:35.038642+00:00,to-rent,gauteng,johannesburg-metro,sandton,sandton-central
privateproperty,RR4575335,https://www.privateproperty.co.za/to-rent/gauteng/johannesburg-metro/sandton/bramley/RR4575335,7 Bedroom House in Bramley,5000.0,Bramley,Sandton,Gauteng,House,7.0,2.0,8.0,,208.0,,,,1.0,Available Now,"7 Bedroom House in Bramley, Escape to your own private sanctuary in Bramley within Savoy Estate! 6 OUT OF 7 rooms taken ONLY 1",6 Jan 2026,2026-03-27T16:36:37.705687+00:00,to-rent,gauteng,johannesburg-metro,sandton,bramley
privateproperty,RR4172309,https://www.privateproperty.co.za/to-rent/gauteng/johannesburg-metro/midrand/blue-hills/villa-type-acacia-villas/73-cnr-acacia-mimosa-road/RR4172309,3 Bedroom House in Blue Hills,32500.0,Blue Hills,Midrand,Gauteng,House,3.0,3.5,2.0,2.0,229.0,325.0,,,,Available Now,"3 Bedroom House in Blue Hills, VILLA TYPE ACACIA VILLAS, 73 Cnr Acacia & Mimosa Road, The grace of living a luxurious family lifestyle begins here, when you rent our spacious luxury A Ty",1 Jan 2026,2026-03-27T16:36:41.051441+00:00,to-rent,gauteng,johannesburg-metro,midrand,blue-hills
privateproperty,RR4335630,https://www.privateproperty.co.za/to-rent/gauteng/johannesburg-metro/johannesburg-central/johannesburg-cbd/0-naledi-student-accomodation/11-beit-street/RR4335630,1 Bedroom House in Johannesburg CBD,4500.0,Johannesburg Cbd,Johannesburg Central,Gauteng,House,1.0,1.0,,,,,,,,,"1 Bedroom House in Johannesburg CBD, Naledi Student Accomodation, 11 Beit Street, Naledi Student Accommodation Experience Urban living in the heart of Doornfontein in Johannesburg CB",11 Dec 2025,2026-03-27T16:36:44.155139+00:00,to-rent,gauteng,johannesburg-metro,johannesburg-central,johannesburg-cbd
privateproperty,RR4559139,https://www.privateproperty.co.za/to-rent/gauteng/johannesburg-metro/midrand/waterfall-estate/waterfall-country-estate/RR4559139,5 Bedroom House in Waterfall Country Estate,115000.0,Waterfall Estate,Midrand,Gauteng,House,5.0,5.5,4.0,4.0,631.0,1.0,,,,Available Now,"5 Bedroom House in Waterfall Country Estate, Set in the heart of the prestigious, secure, Waterfall Country Estate, is an architectural masterpie",28 Nov 2025,2026-03-27T16:36:46.766071+00:00,to-rent,gauteng,johannesburg-metro,midrand,waterfall-estate
privateproperty,RR3879895,https://www.privateproperty.co.za/to-rent/gauteng/johannesburg-metro/midrand/waterfall-estate/waterfall-country-estate/RR3879895,4 Bedroom House in Waterfall Country Estate,65000.0,Waterfall Estate,Midrand,Gauteng,House,4.0,4.5,3.0,3.0,600.0,1.0,,,,Available Now,"4 Bedroom House in Waterfall Country Estate, Spacious 4 bedroom home for rental in Waterfall Country Estate This wonderfully spacious home offe",17 Nov 2025,2026-03-27T16:36:50.181373+00:00,to-rent,gauteng,johannesburg-metro,midrand,waterfall-estate
privateproperty,RR4500469,https://www.privateproperty.co.za/to-rent/gauteng/johannesburg-metro/midrand/waterfall-estate/waterfall-country-estate/RR4500469,4 Bedroom House in Waterfall Country Estate,69500.0,Waterfall Estate,Midrand,Gauteng,House,4.0,4.5,3.0,3.0,500.0,1.0,,,,Available Now,"4 Bedroom House in Waterfall Country Estate, Step into elegance with this stunning 4-bedroom, 4.5-bathroom home nestled in the heart of the prest",17 Sep 2025,2026-03-27T16:36:53.091935+00:00,to-rent,gauteng,johannesburg-metro,midrand,waterfall-estate
privateproperty,RR574754,https://www.privateproperty.co.za/to-rent/gauteng/johannesburg-metro/sandton/hyde-park/RR574754,7 Bedroom House in Hyde Park,150000.0,Hyde Park,Sandton,Gauteng,House,7.0,7.5,7.0,7.0,2.0,,,,1.0,Available Now,"7 Bedroom House in Hyde Park, Fully Furnished Hyde Park Mansion for rental in Hyde Park This large, stunning residence is perfect",7 Feb 2025,2026-03-27T16:36:57.405873+00:00,to-rent,gauteng,johannesburg-metro,sandton,hyde-park
privateproperty,RR4640824,https://www.privateproperty.co.za/to-rent/gauteng/johannesburg-metro/sandton/dainfern-valley/RR4640824,5 Bedroom House in Dainfern Valley,65000.0,Dainfern Valley,Sandton,Gauteng,House,5.0,5.5,3.0,3.0,565.0,1.0,,,,,"5 Bedroom House in Dainfern Valley, This spacious, entertainers home in Dainfern Valley is a must to view! This home is filled with na",27 Mar 2026,2026-03-27T16:37:00.035138+00:00,to-rent,gauteng,johannesburg-metro,sandton,dainfern-valley
privateproperty,RR4640822,https://www.privateproperty.co.za/to-rent/gauteng/johannesburg-metro/soweto/protea-glen/RR4640822,2 Bedroom House in Protea Glen,6000.0,Protea Glen,Soweto,Gauteng,House,2.0,1.0,1.0,,,,,,,Available Now,"2 Bedroom House in Protea Glen, 2 bedroom house available in Protea Glen Star Village. The property is situated near the main street",27 Mar 2026,2026-03-27T16:37:03.578977+00:00,to-rent,gauteng,johannesburg-metro,soweto,protea-glen
privateproperty,RR4640793,https://www.privateproperty.co.za/to-rent/gauteng/johannesburg-metro/midrand/waterfall-estate/RR4640793,4 Bedroom House in Waterfall Estate,16500.0,Waterfall Estate,Midrand,Gauteng,House,4.0,1.0,2.0,2.0,90.0,300.0,,,,,"4 Bedroom House in Waterfall Estate, 4-Bedroom House To Let in Waterfall View Estate Secure & Peaceful Living. Experience comfortable an",27 Mar 2026,2026-03-27T16:37:08.015606+00:00,to-rent,gauteng,johannesburg-metro,midrand,waterfall-estate
privateproperty,RR4640785,https://www.privateproperty.co.za/to-rent/gauteng/johannesburg-metro/randburg/ferndale/RR4640785,2 Bedroom House in Ferndale,12000.0,Ferndale,Randburg,Gauteng,House,2.0,2.0,2.0,,370.0,1.0,,,1.0,Available Now,"2 Bedroom House in Ferndale, Partially Furnished 2 Bedroom Home To Rent in Ferndale, Randburg 9-Month Lease, Beautiful Garden, P",27 Mar 2026,2026-03-27T16:37:10.765301+00:00,to-rent,gauteng,johannesburg-metro,randburg,ferndale
privateproperty,RR4640771,https://www.privateproperty.co.za/to-rent/gauteng/johannesburg-metro/midrand/halfway-gardens/RR4640771,3 Bedroom House in Halfway Gardens,13000.0,Halfway Gardens,Midrand,Gauteng,House,3.0,2.0,1.0,,,,,,,,"3 Bedroom House in Halfway Gardens, Located in Halfway Gardens, Midrand within a security estate. Close -3kms to Halfway House Primary,",27 Mar 2026,2026-03-27T16:37:13.456320+00:00,to-rent,gauteng,johannesburg-metro,midrand,halfway-gardens
privateproperty,RR4640764,https://www.privateproperty.co.za/to-rent/gauteng/johannesburg-metro/bedfordview/bedfordview/RR4640764,2 Bedroom House in Bedfordview,14000.0,Bedfordview,Bedfordview,Gauteng,House,2.0,2.0,2.0,,,52.0,,,,,"2 Bedroom House in Bedfordview, Located in the newly developed Black Brick Complex this is the ideal destination for those wanting a",27 Mar 2026,2026-03-27T16:37:17.376562+00:00,to-rent,gauteng,johannesburg-metro,bedfordview,bedfordview
privateproperty,RR4640761,https://www.privateproperty.co.za/to-rent/gauteng/johannesburg-metro/sandton/fourways-gardens/RR4640761,3 Bedroom House in Fourways Gardens,30000.0,Fourways Gardens,Sandton,Gauteng,House,3.0,2.0,2.0,2.0,240.0,435.0,,,,,"3 Bedroom House in Fourways Gardens, EXCLUSIVE MANDATE This cluster offers easy open-plan living which includes a lounge, dining room pl",27 Mar 2026,2026-03-27T16:37:20.295525+00:00,to-rent,gauteng,johannesburg-metro,sandton,fourways-gardens
privateproperty,RR4640759,https://www.privateproperty.co.za/to-rent/gauteng/johannesburg-metro/sandton/hurlingham-manor/31-hurlingham-estate/31-vin-rouge-crescent/RR4640759,3 Bedroom House in Hurlingham Manor,26500.0,Hurlingham Manor,Sandton,Gauteng,House,3.0,2.0,6.0,2.0,240.0,801.0,,,,,"3 Bedroom House in Hurlingham Manor, 31 Hurlingham Estate, 31 Vin Rouge Crescent, Located in a double boomed off area. This central and secure three bedroom MES, two bathroom family",27 Mar 2026,2026-03-27T16:37:23.544937+00:00,to-rent,gauteng,johannesburg-metro,sandton,hurlingham-manor
privateproperty,RR4640755,https://www.privateproperty.co.za/to-rent/gauteng/johannesburg-metro/midrand/noordwyk/RR4640755,7 Bedroom House in Noordwyk,18000.0,Noordwyk,Midrand,Gauteng,House,7.0,3.0,16.0,2.0,250.0,1.0,,,,,"7 Bedroom House in Noordwyk, Commercial Property To Let &ndash Noordwyk Flexible Office Space&nbsp From R6,000 to R18,000 per mon",27 Mar 2026,2026-03-27T16:37:27.597408+00:00,to-rent,gauteng,johannesburg-metro,midrand,noordwyk
privateproperty,RR4640736,https://www.privateproperty.co.za/to-rent/gauteng/johannesburg-metro/sandton/bryanston/RR4640736,4 Bedroom House in Bryanston,45000.0,Bryanston,Sandton,Gauteng,House,4.0,4.5,2.0,2.0,500.0,3.0,,,1.0,,"4 Bedroom House in Bryanston, This exceptional fully furnished residence located in Bryanston is available on a 68 month lease, of",27 Mar 2026,2026-03-27T16:37:31.991272+00:00,to-rent,gauteng,johannesburg-metro,sandton,bryanston
privateproperty,RR4640733,https://www.privateproperty.co.za/to-rent/gauteng/johannesburg-metro/johannesburg-central/linksfield/RR4640733,3 Bedroom House in Linksfield,37500.0,Linksfield,Johannesburg Central,Gauteng,House,3.0,2.0,6.0,3.0,400.0,1.0,,,,,"3 Bedroom House in Linksfield, Secure Family Living: Spacious Linksfield Home in Gated Community Exceptional Family Home in Secure",27 Mar 2026,2026-03-27T16:37:35.245644+00:00,to-rent,gauteng,johannesburg-metro,johannesburg-central,linksfield
privateproperty,RR4640721,https://www.privateproperty.co.za/to-rent/gauteng/johannesburg-metro/midrand/carlswald-estate/RR4640721,2 Bedroom House in Carlswald Estate,8000.0,Carlswald Estate,Midrand,Gauteng,House,2.0,1.0,1.0,,90.0,,,,,,"2 Bedroom House in Carlswald Estate, Looking for serenity, convenience, safety coupled with peace of mind, look no further It offers 2be",27 Mar 2026,2026-03-27T16:37:38.730127+00:00,to-rent,gauteng,johannesburg-metro,midrand,carlswald-estate
privateproperty,RR4640719,https://www.privateproperty.co.za/to-rent/gauteng/johannesburg-metro/midrand/halfway-gardens/RR4640719,3 Bedroom House in Halfway Gardens,13000.0,Halfway Gardens,Midrand,Gauteng,House,3.0,2.0,2.0,1.0,400.0,,,,,,"3 Bedroom House in Halfway Gardens, 3 Bedrooms to let in Midrand, secured house perfect for family. Located in Halfway Gardens, Midr",27 Mar 2026,2026-03-27T16:37:42.097832+00:00,to-rent,gauteng,johannesburg-metro,midrand,halfway-gardens
privateproperty,RR4640703,https://www.privateproperty.co.za/to-rent/gauteng/johannesburg-metro/sandton/hyde-park/RR4640703,4 Bedroom House in Hyde Park,100000.0,Hyde Park,Sandton,Gauteng,House,4.0,4.5,4.0,4.0,,,,,,,"4 Bedroom House in Hyde Park, Live in the lap of Luxury on the Prestige Morsim Road This home epitomizes style and sophistication",27 Mar 2026,2026-03-27T16:37:45.104094+00:00,to-rent,gauteng,johannesburg-metro,sandton,hyde-park
privateproperty,RR4640698,https://www.privateproperty.co.za/to-rent/gauteng/johannesburg-metro/sandton/sandhurst/RR4640698,4 Bedroom House in Sandhurst,100000.0,Sandhurst,Sandton,Gauteng,House,4.0,4.5,4.0,4.0,,,,,,,"4 Bedroom House in Sandhurst, Live in the lap of Luxury on the Prestige Morsim Road This home epitomizes style and sophistication",27 Mar 2026,2026-03-27T16:37:49.092000+00:00,to-rent,gauteng,johannesburg-metro,sandton,sandhurst
privateproperty,RR4640668,https://www.privateproperty.co.za/to-rent/gauteng/johannesburg-metro/sandton/sandhurst/RR4640668,4 Bedroom House in Sandhurst,205000.0,Sandhurst,Sandton,Gauteng,House,4.0,6.0,4.0,4.0,,,,,1.0,Available Now,"4 Bedroom House in Sandhurst, Furnished Mansion available at the best address A contemporary Masterpiece with integrated living sp",27 Mar 2026,2026-03-27T16:37:52.742510+00:00,to-rent,gauteng,johannesburg-metro,sandton,sandhurst
privateproperty,RR4640666,https://www.privateproperty.co.za/to-rent/gauteng/johannesburg-metro/sandton/hyde-park/RR4640666,4 Bedroom House in Hyde Park,205000.0,Hyde Park,Sandton,Gauteng,House,4.0,6.0,4.0,4.0,,,,,1.0,Available Now,"4 Bedroom House in Hyde Park, Furnished Mansion available at the best address A contemporary Masterpiece with integrated living sp",27 Mar 2026,2026-03-27T16:38:08.059431+00:00,to-rent,gauteng,johannesburg-metro,sandton,hyde-park
privateproperty,RR4640657,https://www.privateproperty.co.za/to-rent/gauteng/johannesburg-metro/sandton/hyde-park/RR4640657,4 Bedroom House in Hyde Park,110000.0,Hyde Park,Sandton,Gauteng,House,4.0,5.0,2.0,2.0,,,,,,Available Now,"4 Bedroom House in Hyde Park, 4 level architectural and ultra-modern house available in a small secure development This property i",27 Mar 2026,2026-03-27T16:38:11.292276+00:00,to-rent,gauteng,johannesburg-metro,sandton,hyde-park
privateproperty,RR4640655,https://www.privateproperty.co.za/to-rent/gauteng/johannesburg-metro/sandton/morningside/RR4640655,4 Bedroom House in Morningside,110000.0,Morningside,Sandton,Gauteng,House,4.0,5.0,2.0,2.0,,,,,,Available Now,"4 Bedroom House in Morningside, 4 level architectural and ultra-modern house available in a small secure development This property i",27 Mar 2026,2026-03-27T16:38:14.084928+00:00,to-rent,gauteng,johannesburg-metro,sandton,morningside
privateproperty,RR4640637,https://www.privateproperty.co.za/to-rent/gauteng/johannesburg-metro/sandton/morningside/RR4640637,5 Bedroom House in Morningside,75000.0,Morningside,Sandton,Gauteng,House,5.0,5.5,3.0,,,,,,,Available Now,"5 Bedroom House in Morningside, Escape the hustle and bustle of the city in your own Oasis House available in 24-hour secure estate",27 Mar 2026,2026-03-27T16:38:18.331869+00:00,to-rent,gauteng,johannesburg-metro,sandton,morningside
privateproperty,RR4640631,https://www.privateproperty.co.za/to-rent/gauteng/johannesburg-metro/sandton/benmore-gardens/RR4640631,5 Bedroom House in Benmore Gardens,75000.0,Benmore Gardens,Sandton,Gauteng,House,5.0,5.5,3.0,,,,,,,Available Now,"5 Bedroom House in Benmore Gardens, Escape the hustle and bustle of the city in your own Oasis House available in 24-hour secure estate",27 Mar 2026,2026-03-27T16:38:22.286789+00:00,to-rent,gauteng,johannesburg-metro,sandton,benmore-gardens
privateproperty,RR4640612,https://www.privateproperty.co.za/to-rent/gauteng/johannesburg-metro/rosebank-and-parktown/houghton-estate/RR4640612,5 Bedroom House in Houghton Estate,75000.0,Houghton Estate,Rosebank And Parktown,Gauteng,House,5.0,7.0,4.0,4.0,,,,,,Available Now,"5 Bedroom House in Houghton Estate, Presenting your forever Family Home If youve been searching for a home that can keep up with a grow",27 Mar 2026,2026-03-27T16:38:25.247092+00:00,to-rent,gauteng,johannesburg-metro,rosebank-and-parktown,houghton-estate
privateproperty,RR4640586,https://www.privateproperty.co.za/to-rent/gauteng/johannesburg-metro/lenasia-to-ennerdale/lenasia/lehae/RR4640586,2 Bedroom House in Lehae,4500.0,Lenasia,Lenasia To Ennerdale,Gauteng,House,2.0,1.0,,,,,,,,,"2 Bedroom House in Lehae, Charming 2-Bedroom Home for Rent in Lehae Discover the perfect blend of comfort and security in this",27 Mar 2026,2026-03-27T16:38:28.991828+00:00,to-rent,gauteng,johannesburg-metro,lenasia-to-ennerdale,lenasia
privateproperty,RR4640563,https://www.privateproperty.co.za/to-rent/gauteng/johannesburg-metro/sandton/sunninghill/8-mala-close/RR4640563,2 Bedroom House in Sunninghill,18000.0,Sunninghill,Sandton,Gauteng,House,2.0,2.5,2.0,2.0,489.0,489.0,,,,Available Now,"2 Bedroom House in Sunninghill, 8 Mala Close, A Haven for Executives! This immaculate cluster is well loved by the owner and is now available to",27 Mar 2026,2026-03-27T16:38:32.562727+00:00,to-rent,gauteng,johannesburg-metro,sandton,sunninghill
privateproperty,RR4640525,https://www.privateproperty.co.za/to-rent/gauteng/johannesburg-metro/johannesburg-south/glenvista/RR4640525,1 Bedroom House in Glenvista,6500.0,Glenvista,Johannesburg South,Gauteng,House,1.0,2.0,2.0,,,1.0,,,,,"1 Bedroom House in Glenvista, Spacious One-Bedroom Granny Flat in Prime Glenvista Location A spacious one-bedroom granny flat in",27 Mar 2026,2026-03-27T16:38:36.332868+00:00,to-rent,gauteng,johannesburg-metro,johannesburg-south,glenvista
privateproperty,RR4640454,https://www.privateproperty.co.za/to-rent/gauteng/johannesburg-metro/sandton/bryanston/RR4640454,3 Bedroom House in Bryanston,38000.0,Bryanston,Sandton,Gauteng,House,3.0,3.5,2.0,2.0,256.0,246.0,,,,Available Now,"3 Bedroom House in Bryanston, Bryanston Sanctuary: Unrivalled Luxury Living Discover refined elegance in this magnificent cluster",27 Mar 2026,2026-03-27T16:38:39.458216+00:00,to-rent,gauteng,johannesburg-metro,sandton,bryanston
privateproperty,RR4640443,https://www.privateproperty.co.za/to-rent/gauteng/johannesburg-metro/northcliff/victory-park/RR4640443,3 Bedroom House in Victory Park,18000.0,Victory Park,Northcliff,Gauteng,House,1.0,2.0,6.0,1.0,,1.0,,,,,"3 Bedroom House in Victory Park, 4 bedroom family home to let in Victory Park You will love this large home in Victory Park, all thi",27 Mar 2026,2026-03-27T16:38:43.497092+00:00,to-rent,gauteng,johannesburg-metro,northcliff,victory-park
privateproperty,RR4640427,https://www.privateproperty.co.za/to-rent/gauteng/johannesburg-metro/sandton/fourways/224-woodfern-road-fernbrook-estate/RR4640427,3 Bedroom House in Fourways,35000.0,Fourways,Sandton,Gauteng,House,3.0,2.5,2.0,2.0,,833.0,,,,,"3 Bedroom House in Fourways, 224 Woodfern Road, Fernbrook Estate, Entertainers Delight . This beautifully maintained home offers an exceptional blend of comfort, styl",27 Mar 2026,2026-03-27T16:38:47.257968+00:00,to-rent,gauteng,johannesburg-metro,sandton,fourways
privateproperty,RR4640252,https://www.privateproperty.co.za/to-rent/gauteng/johannesburg-metro/midrand/noordwyk/crescent-wood-country-estate/RR4640252,3 Bedroom House in Crescent Wood Country Estate,20000.0,Noordwyk,Midrand,Gauteng,House,3.0,2.5,2.0,2.0,,,,,,,"3 Bedroom House in Crescent Wood Country Estate, STUNNING PROPERTY WITHIN CRESCENTWOOD This double storey cluster offers the following in this secur",27 Mar 2026,2026-03-27T16:38:51.014266+00:00,to-rent,gauteng,johannesburg-metro,midrand,noordwyk
privateproperty,RR4640197,https://www.privateproperty.co.za/to-rent/gauteng/johannesburg-metro/johannesburg-south/turffontein/RR4640197,3 Bedroom House in Turffontein,8000.0,Turffontein,Johannesburg South,Gauteng,House,3.0,2.0,6.0,,,825.0,,,,Available Now,"3 Bedroom House in Turffontein, 3-Bedroom House To Rent This well-maintained home offers comfortable living in a practical layout,",27 Mar 2026,2026-03-27T16:38:54.698638+00:00,to-rent,gauteng,johannesburg-metro,johannesburg-south,turffontein
privateproperty,RR4385352,https://www.privateproperty.co.za/to-rent/gauteng/johannesburg-metro/sandton/hurlingham-manor/1-grunberger-lane/RR4385352,4 Bedroom House in Hurlingham Manor,25000.0,Hurlingham Manor,Sandton,Gauteng,House,4.0,2.5,2.0,2.0,,1.0,,,,,"4 Bedroom House in Hurlingham Manor, 1 Grunberger Lane, This light-filled family home, situated in a secure boomed suburb offers easy access to St Stithians",26 Mar 2026,2026-03-27T16:38:57.356173+00:00,to-rent,gauteng,johannesburg-metro,sandton,hurlingham-manor
privateproperty,RR4640047,https://www.privateproperty.co.za/to-rent/gauteng/johannesburg-metro/sandton/hyde-park/RR4640047,5 Bedroom House in Hyde Park,55000.0,Hyde Park,Sandton,Gauteng,House,5.0,3.5,6.0,4.0,,,,,,,"5 Bedroom House in Hyde Park, Nestled in the prestigious Hyde Park suburb of Sandton, the Germini residence offers a blend of eleg",26 Mar 2026,2026-03-27T16:39:03.810180+00:00,to-rent,gauteng,johannesburg-metro,sandton,hyde-park
privateproperty,RR4640028,https://www.privateproperty.co.za/to-rent/gauteng/johannesburg-metro/sandton/kelvin/RR4640028,3 Bedroom House in Kelvin,17000.0,Kelvin,Sandton,Gauteng,House,3.0,2.0,3.0,1.0,,,,,1.0,Available Now,"3 Bedroom House in Kelvin, Nestled in the heart of Sandton, this beautifully maintained 3-bedroom home offers the perfect blend",26 Mar 2026,2026-03-27T16:39:07.608994+00:00,to-rent,gauteng,johannesburg-metro,sandton,kelvin
privateproperty,RR3717703,https://www.privateproperty.co.za/to-rent/gauteng/johannesburg-metro/rosebank-and-parktown/craighall-park/19-grosvenor/RR3717703,3 Bedroom House in Craighall Park,23000.0,Craighall Park,Rosebank And Parktown,Gauteng,House,3.0,3.5,2.0,2.0,266.0,850.0,,,,,"3 Bedroom House in Craighall Park, 19 Grosvenor, This property is located in close proximity to Craighall Primary as well as St Teresa Schools as wel",26 Mar 2026,2026-03-27T16:39:10.434820+00:00,to-rent,gauteng,johannesburg-metro,rosebank-and-parktown,craighall-park
privateproperty,RR4639950,https://www.privateproperty.co.za/to-rent/gauteng/johannesburg-metro/bedfordview/morninghill/RR4639950,4 Bedroom House in Morninghill,17900.0,Morninghill,Bedfordview,Gauteng,House,4.0,2.0,2.0,2.0,,,,,,Available Now,"4 Bedroom House in Morninghill, Charming 4-Bedroom House for Rent in Exclusive Morning Hill, Bedfordview Discover the perfect blend",26 Mar 2026,2026-03-27T16:39:13.990847+00:00,to-rent,gauteng,johannesburg-metro,bedfordview,morninghill
privateproperty,RR4639945,https://www.privateproperty.co.za/to-rent/gauteng/johannesburg-metro/johannesburg-central/kensington/RR4639945,3 Bedroom House in Kensington,12500.0,Kensington,Johannesburg Central,Gauteng,House,3.0,2.0,1.0,,,,,,,,"3 Bedroom House in Kensington, HOUSE TO RENT IN KENSINGTON!!!! 3bedroom house to rent in Kensington,3-bedroom,2bathroom,Kitchen,P",26 Mar 2026,2026-03-27T16:39:16.574177+00:00,to-rent,gauteng,johannesburg-metro,johannesburg-central,kensington
privateproperty,RR4359744,https://www.privateproperty.co.za/to-rent/gauteng/johannesburg-metro/soweto/meadowlands/RR4359744,3 Bedroom House in Meadowlands,6500.0,Meadowlands,Soweto,Gauteng,House,3.0,1.0,,,,,,,,,"3 Bedroom House in Meadowlands, A beautiful modern house in Soweto This amazing 3 bedroom, 1 bathroom property offers a perfect ble",26 Mar 2026,2026-03-27T16:39:20.620886+00:00,to-rent,gauteng,johannesburg-metro,soweto,meadowlands
privateproperty,RR4639913,https://www.privateproperty.co.za/to-rent/gauteng/johannesburg-metro/sandton/bryanston/10-the-lodge-retirement-village/111-grosvenor/RR4639913,2 Bedroom House in Bryanston,14500.0,Bryanston,Sandton,Gauteng,House,2.0,1.0,2.0,,93.0,3.0,,,0.0,,"2 Bedroom House in Bryanston, 10 The Lodge Retirement Village, 111 Grosvenor, Spacious, Light-Filled 2-Bedroom Retirement This quiet, private, and well-maintained upstairs apar",26 Mar 2026,2026-03-27T16:39:24.180420+00:00,to-rent,gauteng,johannesburg-metro,sandton,bryanston
privateproperty,RR4639899,https://www.privateproperty.co.za/to-rent/gauteng/johannesburg-metro/north-riding-to-lanseria/bromhof/RR4639899,1 Bedroom House in Bromhof,6500.0,Bromhof,North Riding To Lanseria,Gauteng,House,1.0,1.0,,,,,,,1.0,Available Now,"1 Bedroom House in Bromhof, This neat and fully furnished 1-bedroom, 1-bathroom flatlet offers a comfortable and low-maintenance",26 Mar 2026,2026-03-27T16:39:27.224838+00:00,to-rent,gauteng,johannesburg-metro,north-riding-to-lanseria,bromhof
privateproperty,RR4639890,https://www.privateproperty.co.za/to-rent/gauteng/johannesburg-metro/johannesburg-south/eye-of-africa/RR4639890,1 Bedroom House in Eye of Africa,4650.0,Eye Of Africa,Johannesburg South,Gauteng,House,1.0,1.0,,,50.0,200.0,,,,,"1 Bedroom House in Eye of Africa, This neat and cosy 1-bedroom cottage offers comfortable living in a safe and tranquil environment. I",26 Mar 2026,2026-03-27T16:39:30.636036+00:00,to-rent,gauteng,johannesburg-metro,johannesburg-south,eye-of-africa
privateproperty,RR4639885,https://www.privateproperty.co.za/to-rent/gauteng/johannesburg-metro/johannesburg-central/lyndhurst/RR4639885,3 Bedroom House in Lyndhurst,12500.0,Lyndhurst,Johannesburg Central,Gauteng,House,3.0,1.0,,,,,,,1.0,Available Now,"3 Bedroom House in Lyndhurst, Modern Living Meets Garden Serenity in Lyndhurst Experience the perfect blend of comfort and securit",26 Mar 2026,2026-03-27T16:39:34.359131+00:00,to-rent,gauteng,johannesburg-metro,johannesburg-central,lyndhurst
privateproperty,RR4639882,https://www.privateproperty.co.za/to-rent/gauteng/johannesburg-metro/randburg/blairgowrie/RR4639882,3 Bedroom House in Blairgowrie,12000.0,Blairgowrie,Randburg,Gauteng,House,3.0,2.0,3.0,,,,,,,,"3 Bedroom House in Blairgowrie, Damage Deposit R12 000 Utilities Deposit R4 000 All utilities are charged at R4000 pm fixe",26 Mar 2026,2026-03-27T16:39:38.275936+00:00,to-rent,gauteng,johannesburg-metro,randburg,blairgowrie
privateproperty,RR4639877,https://www.privateproperty.co.za/to-rent/gauteng/johannesburg-metro/midrand/kyalami/RR4639877,5 Bedroom House in Kyalami,45000.0,Kyalami,Midrand,Gauteng,House,5.0,3.5,4.0,2.0,1.0,,,,,,"5 Bedroom House in Kyalami, Step into refined estate living in the sought-after Kyalami Crest, where this expansive home offers",26 Mar 2026,2026-03-27T16:39:41.930187+00:00,to-rent,gauteng,johannesburg-metro,midrand,kyalami
privateproperty,RR4639853,https://www.privateproperty.co.za/to-rent/gauteng/johannesburg-metro/midrand/glen-austin/glen-austin-ah/24-glen-acress/69-austin-road/RR4639853,2 Bedroom House in Glen Austin AH,7500.0,Glen Austin,Midrand,Gauteng,House,2.0,1.0,2.0,,,,,,,Available 1 April 2026,"2 Bedroom House in Glen Austin AH, 24 Glen Acress, 69 Austin Road, 2Bedroom 1Bathroom Ground Floor at Glen Acres. Rental Ground Floor Unit Available 1 April 2026 - U",26 Mar 2026,2026-03-27T16:39:45.236477+00:00,to-rent,gauteng,johannesburg-metro,midrand,glen-austin
privateproperty,RR4639803,https://www.privateproperty.co.za/to-rent/gauteng/johannesburg-metro/midrand/ebony-park/kaalfontein/RR4639803,1 Bedroom House in Kaalfontein,3500.0,Ebony Park,Midrand,Gauteng,House,1.0,1.0,,,,,,,,Available Now,"1 Bedroom House in Kaalfontein, This well-maintained 1-bedroom cottage in Kaalfontein offers comfortable and secure living at an aff",26 Mar 2026,2026-03-27T16:39:48.042977+00:00,to-rent,gauteng,johannesburg-metro,midrand,ebony-park
privateproperty,RR4639801,https://www.privateproperty.co.za/to-rent/gauteng/johannesburg-metro/north-riding-to-lanseria/north-riding/RR4639801,4 Bedroom House in North Riding,27000.0,North Riding,North Riding To Lanseria,Gauteng,House,4.0,2.5,4.0,2.0,250.0,335.0,,,,,"4 Bedroom House in North Riding, This modern 4-bedroom, 2.5-bathroom home is located in a sought-after secure estate, offering the pe",26 Mar 2026,2026-03-27T16:39:51.908743+00:00,to-rent,gauteng,johannesburg-metro,north-riding-to-lanseria,north-riding
privateproperty,RR3475677,https://www.privateproperty.co.za/to-rent/gauteng/johannesburg-metro/lenasia-to-ennerdale/lawley/3-beam-place/RR3475677,3 Bedroom House in Lawley,4500.0,Lawley,Lenasia To Ennerdale,Gauteng,House,3.0,1.0,3.0,1.0,,,,,,Available Now,"3 Bedroom House in Lawley, 3 Beam place, A well kept three bedroom home with a double garage and emple parking space.",26 Mar 2026,2026-03-27T16:39:54.684191+00:00,to-rent,gauteng,johannesburg-metro,lenasia-to-ennerdale,lawley
privateproperty,RR4639758,https://www.privateproperty.co.za/to-rent/gauteng/johannesburg-metro/johannesburg-south/rosettenville/RR4639758,2 Bedroom House in Rosettenville,4500.0,Rosettenville,Johannesburg South,Gauteng,House,2.0,1.0,,,,,,,,Available Now,"2 Bedroom House in Rosettenville, For Rent: Spacious 2-Bedroom Flat in Rosettenville, Johannesburg R4,500 Features: - Two Bedrooms: C",26 Mar 2026,2026-03-27T16:39:58.045735+00:00,to-rent,gauteng,johannesburg-metro,johannesburg-south,rosettenville
privateproperty,RR4639755,https://www.privateproperty.co.za/to-rent/gauteng/johannesburg-metro/randburg/blairgowrie/RR4639755,4 Bedroom House in Blairgowrie,35000.0,Blairgowrie,Randburg,Gauteng,House,4.0,2.5,6.0,2.0,,991.0,,,,Available Now,"4 Bedroom House in Blairgowrie, A crisp, clean entrance sets the tone for the rest of the environment, with impeccably finished inte",26 Mar 2026,2026-03-27T16:40:01.742252+00:00,to-rent,gauteng,johannesburg-metro,randburg,blairgowrie
privateproperty,RR4639706,https://www.privateproperty.co.za/to-rent/gauteng/johannesburg-metro/rosebank-and-parktown/houghton-estate/RR4639706,6 Bedroom House in Houghton Estate,45000.0,Houghton Estate,Rosebank And Parktown,Gauteng,House,6.0,4.0,1.0,1.0,520.0,1.0,,,,,"6 Bedroom House in Houghton Estate, Luxury 6-Bedroom Home to Rent in Prime Houghton Location Situated along the prestigious, tree-lined",26 Mar 2026,2026-03-27T16:40:04.957755+00:00,to-rent,gauteng,johannesburg-metro,rosebank-and-parktown,houghton-estate
privateproperty,RR4639705,https://www.privateproperty.co.za/to-rent/gauteng/johannesburg-metro/midrand/blue-hills/RR4639705,3 Bedroom House in Blue Hills,26000.0,Blue Hills,Midrand,Gauteng,House,3.0,2.0,2.0,2.0,,,,,,,"3 Bedroom House in Blue Hills, Welcome to The Malachite, Blue Hills A place for your young family to grow, thrive, and make memori",26 Mar 2026,2026-03-27T16:40:08.090581+00:00,to-rent,gauteng,johannesburg-metro,midrand,blue-hills
privateproperty,RR4639656,https://www.privateproperty.co.za/to-rent/gauteng/johannesburg-metro/midrand/halfway-gardens/RR4639656,2 Bedroom House in Halfway Gardens,9900.0,Halfway Gardens,Midrand,Gauteng,House,2.0,1.0,,,,,,,,Available Now,"2 Bedroom House in Halfway Gardens, This pet friendly, well maintained duplex unit is situated in a quiet area of the complex. Garden i",26 Mar 2026,2026-03-27T16:40:10.785767+00:00,to-rent,gauteng,johannesburg-metro,midrand,halfway-gardens
privateproperty,RR4639648,https://www.privateproperty.co.za/to-rent/gauteng/johannesburg-metro/rosebank-and-parktown/houghton-estate/RR4639648,1 Bedroom House in Houghton Estate,10000.0,Houghton Estate,Rosebank And Parktown,Gauteng,House,1.0,1.0,2.0,,62.0,62.0,,,1.0,,"1 Bedroom House in Houghton Estate, 1 Bedroom cottage to rent in Houghton Experience modern luxury in this brand-new, fully furnished 1",26 Mar 2026,2026-03-27T16:40:14.670308+00:00,to-rent,gauteng,johannesburg-metro,rosebank-and-parktown,houghton-estate
privateproperty,RR4639641,https://www.privateproperty.co.za/to-rent/gauteng/johannesburg-metro/randburg/jukskei-park/RR4639641,3 Bedroom House in Jukskei Park,16500.0,Jukskei Park,Randburg,Gauteng,House,3.0,2.0,2.0,2.0,,,,,,,"3 Bedroom House in Jukskei Park, Set within the well-established suburb of Jukskei Park, this free-standing home offers comfortable f",26 Mar 2026,2026-03-27T16:40:18.791550+00:00,to-rent,gauteng,johannesburg-metro,randburg,jukskei-park
privateproperty,RR4639579,https://www.privateproperty.co.za/to-rent/gauteng/johannesburg-metro/sandton/woodmead/RR4639579,5 Bedroom House in Woodmead,40000.0,Woodmead,Sandton,Gauteng,House,5.0,3.0,2.0,,,,,,1.0,Available Now,"5 Bedroom House in Woodmead, 5 bed main house with 3 bath inventor,bar ,2 einsuite lounge with fire place kitchine ,dinning room",26 Mar 2026,2026-03-27T16:40:21.329840+00:00,to-rent,gauteng,johannesburg-metro,sandton,woodmead
privateproperty,RR4639569,https://www.privateproperty.co.za/to-rent/gauteng/johannesburg-metro/midrand/kyalami-hills/RR4639569,3 Bedroom House in Kyalami Hills,19000.0,Kyalami Hills,Midrand,Gauteng,House,3.0,2.5,,,,,,,,Available Now,"3 Bedroom House in Kyalami Hills, Beautiful 3 bed 2.5 bath in Midrand Kyalami Hills Spacious lounge and dining area. Solar powered Do",26 Mar 2026,2026-03-27T16:40:36.519099+00:00,to-rent,gauteng,johannesburg-metro,midrand,kyalami-hills
privateproperty,RR4639560,https://www.privateproperty.co.za/to-rent/gauteng/johannesburg-metro/northcliff/westdene/8-4th-avenue/RR4639560,1 Bedroom House in Westdene,5450.0,Westdene,Northcliff,Gauteng,House,1.0,1.0,,,,,,,,Available Now,"1 Bedroom House in Westdene, 8 4th Avenue, Looking for a secure, comfortable space to call home This spacious bachelor cottage is perfect for a",26 Mar 2026,2026-03-27T16:40:40.472511+00:00,to-rent,gauteng,johannesburg-metro,northcliff,westdene
privateproperty,RR4066508,https://www.privateproperty.co.za/to-rent/gauteng/johannesburg-metro/johannesburg-central/kensington/48-patrol-street/RR4066508,3 Bedroom House in Kensington,9500.0,Kensington,Johannesburg Central,Gauteng,House,3.0,1.0,2.0,,162.0,400.0,,,,,"3 Bedroom House in Kensington, 48 Patrol Street, Spacious 3-bedroom house with solar geyser for rent in Kensington. This lovely family home has 3 spa",26 Mar 2026,2026-03-27T16:40:43.688775+00:00,to-rent,gauteng,johannesburg-metro,johannesburg-central,kensington
privateproperty,RR4639548,https://www.privateproperty.co.za/to-rent/gauteng/johannesburg-metro/randburg/randpark-ridge/pongola-avenue/RR4639548,4 Bedroom House in Randpark Ridge,17000.0,Randpark Ridge,Randburg,Gauteng,House,4.0,2.0,4.0,2.0,,,,,,Available Now,"4 Bedroom House in Randpark Ridge, PONGOLA AVENUE, Spacious 3 Bedroom Family Home in Prime Location Randpark Ridge - Spacious 4 Bedroom Family Home in",26 Mar 2026,2026-03-27T16:40:48.007738+00:00,to-rent,gauteng,johannesburg-metro,randburg,randpark-ridge
privateproperty,RR4639540,https://www.privateproperty.co.za/to-rent/gauteng/johannesburg-metro/midrand/glen-austin/glen-austin-ah/RR4639540,1 Bedroom House in Glen Austin AH,5600.0,Glen Austin,Midrand,Gauteng,House,1.0,1.0,2.0,,,,,,,,"1 Bedroom House in Glen Austin AH, Available immediately. Spacious 1 Bedroom cottage available immediately located on George Road clos",26 Mar 2026,2026-03-27T16:40:51.722603+00:00,to-rent,gauteng,johannesburg-metro,midrand,glen-austin
privateproperty,RR4639526,https://www.privateproperty.co.za/to-rent/gauteng/johannesburg-metro/midrand/kyalami/kyalami-glen-estate/kyalami-glen-estate/113-kingfisher-crescent/RR4639526,4 Bedroom House in Kyalami Glen Estate,25000.0,Kyalami,Midrand,Gauteng,House,4.0,3.0,2.0,2.0,,,,,,,"4 Bedroom House in Kyalami Glen Estate, - Kyalami Glen Estate, 113 Kingfisher Crescent, 4 Bedroom Family Home To Let in Kyalami Glen Situated in the sought-after Kyalami Glen, this spacio",26 Mar 2026,2026-03-27T16:40:55.281467+00:00,to-rent,gauteng,johannesburg-metro,midrand,kyalami
privateproperty,RR4639521,https://www.privateproperty.co.za/to-rent/gauteng/johannesburg-metro/johannesburg-south/crown-gardens/RR4639521,3 Bedroom House in Crown Gardens,12000.0,Crown Gardens,Johannesburg South,Gauteng,House,3.0,1.0,5.0,,928.0,,,,,Available Now,"3 Bedroom House in Crown Gardens, Step into space, potential and comfort all in one This 3 bedroom home offers generous living with",26 Mar 2026,2026-03-27T16:40:58.905533+00:00,to-rent,gauteng,johannesburg-metro,johannesburg-south,crown-gardens
privateproperty,RR4639514,https://www.privateproperty.co.za/to-rent/gauteng/johannesburg-metro/midrand/kyalami/kyalami-glen-estate/kyalami-glen-estate/113-kingfisher-crescent/RR4639514,4 Bedroom House in Kyalami Glen Estate,38000.0,Kyalami,Midrand,Gauteng,House,2.0,3.5,2.0,2.0,,,,,1.0,,"4 Bedroom House in Kyalami Glen Estate, - Kyalami Glen Estate, 113 Kingfisher Crescent, Luxury Family Home in Secure Estate Nestled in a prime location, this immaculate family home boasts",26 Mar 2026,2026-03-27T16:41:02.133408+00:00,to-rent,gauteng,johannesburg-metro,midrand,kyalami
privateproperty,RR4639513,https://www.privateproperty.co.za/to-rent/gauteng/johannesburg-metro/sandton/morningside/00-the-emperor/00-west-road/RR4639513,2 Bedroom House in Morningside,33500.0,Morningside,Sandton,Gauteng,House,2.0,2.0,2.0,2.0,,,,,1.0,,"2 Bedroom House in Morningside, The Emperor, West road, Step into a space where comfort meets elegance. This beautifully furnished apartment offers a seamle",26 Mar 2026,2026-03-27T16:41:05.705178+00:00,to-rent,gauteng,johannesburg-metro,sandton,morningside
privateproperty,RR4639487,https://www.privateproperty.co.za/to-rent/gauteng/johannesburg-metro/midrand/ebony-park/RR4639487,2 Bedroom House in Ebony Park,5000.0,Ebony Park,Midrand,Gauteng,House,2.0,1.0,,,180.0,,,,,Available Now,"2 Bedroom House in Ebony Park, This well-located two-bedroom house in Ebony Park offers a perfect blend of convenience, space, and",26 Mar 2026,2026-03-27T16:41:09.472077+00:00,to-rent,gauteng,johannesburg-metro,midrand,ebony-park
privateproperty,RR4639382,https://www.privateproperty.co.za/to-rent/gauteng/johannesburg-metro/midrand/carlswald/RR4639382,House in Carlswald,7000.0,Carlswald,Midrand,Gauteng,House,0.0,1.0,2.0,,45.0,,,,,Available Now,"House in Carlswald, Discover secure and practical living in this inviting studio living apartment and bathroom apartment",26 Mar 2026,2026-03-27T16:41:12.999155+00:00,to-rent,gauteng,johannesburg-metro,midrand,carlswald
privateproperty,RR4284670,https://www.privateproperty.co.za/to-rent/gauteng/johannesburg-metro/johannesburg-south/eye-of-africa/RR4284670,3 Bedroom House in Eye of Africa,22500.0,Eye Of Africa,Johannesburg South,Gauteng,House,3.0,2.0,2.0,2.0,,,,,,,"3 Bedroom House in Eye of Africa, Luxurious 3-Bedroom, 2-Bathroom Home in The Eye of Africa Estate set in well established garden Nes",26 Mar 2026,2026-03-27T16:41:17.046134+00:00,to-rent,gauteng,johannesburg-metro,johannesburg-south,eye-of-africa
privateproperty,RR4639376,https://www.privateproperty.co.za/to-rent/gauteng/johannesburg-metro/randburg/blairgowrie/2-conrad-drive/22-conrad-drive/RR4639376,4 Bedroom House in Blairgowrie,18000.0,Blairgowrie,Randburg,Gauteng,House,4.0,2.0,2.0,,100.0,1.0,,,,,"4 Bedroom House in Blairgowrie, 2 Conrad Drive, 22 Conrad Drive, Step through the front porch into a tiled living room that flows into the modern open-plan kitchen.",26 Mar 2026,2026-03-27T16:41:21.307469+00:00,to-rent,gauteng,johannesburg-metro,randburg,blairgowrie
privateproperty,RR4639375,https://www.privateproperty.co.za/to-rent/gauteng/johannesburg-metro/randburg/blairgowrie/1-22-conrad-drive/22-conrad-drive/RR4639375,4 Bedroom House in Blairgowrie,20000.0,Blairgowrie,Randburg,Gauteng,House,4.0,2.0,3.0,,190.0,1.0,,,,,"4 Bedroom House in Blairgowrie, 1 22 Conrad Drive, 22 Conrad Drive, As you enter through the welcoming front porch, youll be greeted by a huge tiled living room that of",26 Mar 2026,2026-03-27T16:41:24.681853+00:00,to-rent,gauteng,johannesburg-metro,randburg,blairgowrie
privateproperty,RR4639350,https://www.privateproperty.co.za/to-rent/gauteng/johannesburg-metro/midrand/summerset/RR4639350,3 Bedroom House in Summerset,15499.0,Summerset,Midrand,Gauteng,House,3.0,2.0,2.0,,136.0,,,,,Available Now,"3 Bedroom House in Summerset, Modern 3-Bedroom Apartment in Prestigious Rosa Royale Fourways Experience refined modern living in",26 Mar 2026,2026-03-27T16:41:28.561431+00:00,to-rent,gauteng,johannesburg-metro,midrand,summerset
privateproperty,RR4639341,https://www.privateproperty.co.za/to-rent/gauteng/johannesburg-metro/lenasia-to-ennerdale/lenasia/lehae/RR4639341,3 Bedroom House in Lehae,6000.0,Lenasia,Lenasia To Ennerdale,Gauteng,House,3.0,2.0,2.0,,,,,,,Available Now,"3 Bedroom House in Lehae, Beautiful home situated in Lehae south of Johannesburg just few minutes away from Golden highway and",26 Mar 2026,2026-03-27T16:41:32.708594+00:00,to-rent,gauteng,johannesburg-metro,lenasia-to-ennerdale,lenasia
privateproperty,RR4639310,https://www.privateproperty.co.za/to-rent/gauteng/johannesburg-metro/bedfordview/st-andrews/RR4639310,4 Bedroom House in St Andrews,35000.0,St Andrews,Bedfordview,Gauteng,House,4.0,3.0,4.0,,,,,,,,"4 Bedroom House in St Andrews, Nestled in the highly sought-after suburb of St Andrews, this meticulously renovated single-storey h",25 Mar 2026,2026-03-27T16:41:35.913772+00:00,to-rent,gauteng,johannesburg-metro,bedfordview,st-andrews
privateproperty,RR4639282,https://www.privateproperty.co.za/to-rent/gauteng/johannesburg-metro/johannesburg-south/mondeor/RR4639282,3 Bedroom House in Mondeor,13400.0,Mondeor,Johannesburg South,Gauteng,House,3.0,2.0,,,,250.0,,,,Available Now,"3 Bedroom House in Mondeor, 3 Bedroom House to Rent in Mondeor 3 Bedroom House to Rent in Mondeor Lovely Home available for ren",25 Mar 2026,2026-03-27T16:41:40.028802+00:00,to-rent,gauteng,johannesburg-metro,johannesburg-south,mondeor
privateproperty,RR4639280,https://www.privateproperty.co.za/to-rent/gauteng/johannesburg-metro/sandton/lonehill/2-alliway-way/RR4639280,3 Bedroom House in Lonehill,16500.0,Lonehill,Sandton,Gauteng,House,3.0,3.0,2.0,2.0,,,,,,Available Now,"3 Bedroom House in Lonehill, 2 Alliway way, This well-proportioned home offers generous space and excellent potential, making it ideal for famil",25 Mar 2026,2026-03-27T16:41:43.386242+00:00,to-rent,gauteng,johannesburg-metro,sandton,lonehill
privateproperty,RR4639212,https://www.privateproperty.co.za/to-rent/gauteng/johannesburg-metro/sandton/morningside/00-the-topaz/00-lower-road/RR4639212,2 Bedroom House in Morningside,18500.0,Morningside,Sandton,Gauteng,House,2.0,2.0,,,,,,,1.0,Available Now,"2 Bedroom House in Morningside, The Topaz, Lower road, Stylish 2-Bedroom Fully Furnished Apartment with Modern Finishes Step into this elegant and fully f",25 Mar 2026,2026-03-27T16:41:46.769845+00:00,to-rent,gauteng,johannesburg-metro,sandton,morningside
privateproperty,RR3401528,https://www.privateproperty.co.za/to-rent/gauteng/johannesburg-metro/johannesburg-central/observatory/RR3401528,1 Bedroom House in Observatory,6000.0,Observatory,Johannesburg Central,Gauteng,House,1.0,1.0,2.0,,40.0,,,,,,"1 Bedroom House in Observatory, Situated in Observatory, the thatch roof cottage is close to East Gate and many other amenities, wit",25 Mar 2026,2026-03-27T16:41:49.912651+00:00,to-rent,gauteng,johannesburg-metro,johannesburg-central,observatory
privateproperty,RR4639159,https://www.privateproperty.co.za/to-rent/gauteng/johannesburg-metro/northcliff/westdene/RR4639159,3 Bedroom House in Westdene,12850.0,Westdene,Northcliff,Gauteng,House,3.0,2.0,1.0,1.0,222.0,496.0,,,,Available Now,"3 Bedroom House in Westdene, 3 Bedroom family home availableTo Let This spacious 3 bedroom, 2.5 bathroom home offers comfortable",25 Mar 2026,2026-03-27T16:41:52.911045+00:00,to-rent,gauteng,johannesburg-metro,northcliff,westdene
privateproperty,RR4639150,https://www.privateproperty.co.za/to-rent/gauteng/johannesburg-metro/soweto/protea-north/RR4639150,1 Bedroom House in Protea North,3000.0,Protea North,Soweto,Gauteng,House,1.0,1.0,1.0,1.0,,,,,,Available Now,"1 Bedroom House in Protea North, Prime Roadside Business Opportunity in Protea North Prime Business Opportunity in Protea North, Sow",25 Mar 2026,2026-03-27T16:41:56.168014+00:00,to-rent,gauteng,johannesburg-metro,soweto,protea-north
privateproperty,RR4639126,https://www.privateproperty.co.za/to-rent/gauteng/johannesburg-metro/sandton/craigavon/RR4639126,4 Bedroom House in Craigavon,35000.0,Craigavon,Sandton,Gauteng,House,4.0,2.5,2.0,2.0,,,,,,Available Now,"4 Bedroom House in Craigavon, Located in the secure and sought-after Woodlands Estate, this spacious home offers comfort, style, a",25 Mar 2026,2026-03-27T16:41:58.691263+00:00,to-rent,gauteng,johannesburg-metro,sandton,craigavon
privateproperty,RR4639087,https://www.privateproperty.co.za/to-rent/gauteng/johannesburg-metro/sandton/woodmead/RR4639087,1 Bedroom House in Woodmead,10000.0,Woodmead,Sandton,Gauteng,House,1.0,1.0,,,,,,,1.0,Available Now,"1 Bedroom House in Woodmead, A beautiful open cottage availeble from 1 April situated in Woodmead ideal for couples ,student",25 Mar 2026,2026-03-27T16:42:01.890175+00:00,to-rent,gauteng,johannesburg-metro,sandton,woodmead
privateproperty,RR4639043,https://www.privateproperty.co.za/to-rent/gauteng/johannesburg-metro/sandton/bryanston/RR4639043,5 Bedroom House in Bryanston,60000.0,Bryanston,Sandton,Gauteng,House,5.0,5.5,4.0,4.0,713.0,1.0,,,,,"5 Bedroom House in Bryanston, Luxury 5-Bedroom Family Home for Rent in Bryanston This stunning freestanding home in the heart of",25 Mar 2026,2026-03-27T16:42:05.676229+00:00,to-rent,gauteng,johannesburg-metro,sandton,bryanston
privateproperty,RR4638868,https://www.privateproperty.co.za/to-rent/gauteng/johannesburg-metro/sandton/fourways/RR4638868,4 Bedroom House in Fourways,47500.0,Fourways,Sandton,Gauteng,House,4.0,4.5,5.0,2.0,600.0,1.0,,,,Available 1 June 2026,"4 Bedroom House in Fourways, You enter this home along a pretty walkway into the double-volume entrance and the view over the lak",25 Mar 2026,2026-03-27T16:42:09.775073+00:00,to-rent,gauteng,johannesburg-metro,sandton,fourways
privateproperty,RR4638808,https://www.privateproperty.co.za/to-rent/gauteng/johannesburg-metro/sandton/woodmead/0-woodmead/1000-riet-avenue/RR4638808,4 Bedroom House in Woodmead,30000.0,Woodmead,Sandton,Gauteng,House,4.0,2.0,2.0,2.0,,,,,,Available Now,"4 Bedroom House in Woodmead, Woodmead, 1000 Riet Avenue, Located: Woodmead Available: 1 March Extra charges: Elec, Water, refuse and Domestic Effluent Pleas",25 Mar 2026,2026-03-27T16:42:12.786844+00:00,to-rent,gauteng,johannesburg-metro,sandton,woodmead
privateproperty,RR4515933,https://www.privateproperty.co.za/to-rent/gauteng/johannesburg-metro/johannesburg-south/suideroord/RR4515933,3 Bedroom House in Suideroord,15000.0,Suideroord,Johannesburg South,Gauteng,House,3.0,2.0,2.0,,255.0,608.0,,,,,"3 Bedroom House in Suideroord, Welcome to the charming 3 bedroom family home offering comfort convenience and ample space for relax",25 Mar 2026,2026-03-27T16:42:16.855437+00:00,to-rent,gauteng,johannesburg-metro,johannesburg-south,suideroord
privateproperty,RR4638716,https://www.privateproperty.co.za/to-rent/gauteng/johannesburg-metro/northcliff/blackheath/RR4638716,1 Bedroom House in Blackheath,4000.0,Blackheath,Northcliff,Gauteng,House,1.0,1.0,1.0,,,,,,1.0,,"1 Bedroom House in Blackheath, Cozy Furnished 1-Bedroom Cottage in Blackheath Cozy fully furnished 1-bedroom cottage available in",25 Mar 2026,2026-03-27T16:42:21.143008+00:00,to-rent,gauteng,johannesburg-metro,northcliff,blackheath
privateproperty,RR4638700,https://www.privateproperty.co.za/to-rent/gauteng/johannesburg-metro/soweto/protea-glen/RR4638700,2 Bedroom House in Protea Glen,5000.0,Protea Glen,Soweto,Gauteng,House,2.0,1.0,,,,,,,,Available Now,"2 Bedroom House in Protea Glen, Practical 2-Bedroom Home in Protea Glen, Extension 2 Practical 2-Bedroom Home in Protea Glen, Exten",25 Mar 2026,2026-03-27T16:42:25.059931+00:00,to-rent,gauteng,johannesburg-metro,soweto,protea-glen
privateproperty,RR4638696,https://www.privateproperty.co.za/to-rent/gauteng/johannesburg-metro/sandton/beverley/RR4638696,3 Bedroom House in Beverley,32000.0,Beverley,Sandton,Gauteng,House,3.0,3.0,1.0,1.0,300.0,625.0,,,,,"3 Bedroom House in Beverley, Welcome to this beautifully presented family home in the prestigious Kintamani Estate in Beverley a",25 Mar 2026,2026-03-27T16:42:28.419075+00:00,to-rent,gauteng,johannesburg-metro,sandton,beverley
privateproperty,RR4355363,https://www.privateproperty.co.za/to-rent/gauteng/johannesburg-metro/midrand/helderfontein-estate/RR4355363,5 Bedroom House in Helderfontein Estate,80000.0,Helderfontein Estate,Midrand,Gauteng,House,5.0,5.0,6.0,4.0,,658.0,,,,,"5 Bedroom House in Helderfontein Estate, Discover the epitome of tranquil living in this exquisite 5-bedroom home nestled against the scenic",25 Mar 2026,2026-03-27T16:42:32.952537+00:00,to-rent,gauteng,johannesburg-metro,midrand,helderfontein-estate
privateproperty,RR4638625,https://www.privateproperty.co.za/to-rent/gauteng/johannesburg-metro/sandton/dainfern/dainfern-golf-estate/RR4638625,5 Bedroom House in Dainfern Golf Estate,70000.0,Dainfern,Sandton,Gauteng,House,5.0,5.5,2.0,2.0,580.0,1.0,,,1.0,,"5 Bedroom House in Dainfern Golf Estate, Step through the double-volume entrance hall and youre immediately welcomed into a home designed for",25 Mar 2026,2026-03-27T16:42:36.401527+00:00,to-rent,gauteng,johannesburg-metro,sandton,dainfern
privateproperty,RR4638595,https://www.privateproperty.co.za/to-rent/gauteng/johannesburg-metro/johannesburg-south/mondeor/RR4638595,4 Bedroom House in Mondeor,14000.0,Mondeor,Johannesburg South,Gauteng,House,3.0,2.0,6.0,2.0,,,,,,,"4 Bedroom House in Mondeor, 4bedrooms 3 bathrooms 2 lounges Kitchen FLATLET Double garages Double car port Close to amenities E",25 Mar 2026,2026-03-27T16:42:39.557090+00:00,to-rent,gauteng,johannesburg-metro,johannesburg-south,mondeor
privateproperty,RR4186708,https://www.privateproperty.co.za/to-rent/gauteng/johannesburg-metro/sandton/magaliessig/15-quail-street-street/RR4186708,3 Bedroom House in Magaliessig,25000.0,Magaliessig,Sandton,Gauteng,House,3.0,2.0,2.0,2.0,,,,,0.0,Available Now,"3 Bedroom House in Magaliessig, 15 Quail street Street, Cozy well-kept 3-bedroom home available for Rental in Magaliessig - Immediately This modern and sp",25 Mar 2026,2026-03-27T16:42:43.602000+00:00,to-rent,gauteng,johannesburg-metro,sandton,magaliessig
privateproperty,RR4638567,https://www.privateproperty.co.za/to-rent/gauteng/johannesburg-metro/bedfordview/bedfordview/RR4638567,1 Bedroom House in Bedfordview,8000.0,Bedfordview,Bedfordview,Gauteng,House,1.0,1.0,,,,,,,,Available Now,"1 Bedroom House in Bedfordview, This well located 1 bedroom apartment offers comfortable living, perfect for relaxing or entertainin",25 Mar 2026,2026-03-27T16:42:47.060410+00:00,to-rent,gauteng,johannesburg-metro,bedfordview,bedfordview
privateproperty,RR4638560,https://www.privateproperty.co.za/to-rent/gauteng/johannesburg-metro/sandton/dainfern/dainfern-golf-estate/21-galloway-lane/RR4638560,4 Bedroom House in Dainfern Golf Estate,42000.0,Dainfern,Sandton,Gauteng,House,4.0,3.0,2.0,2.0,,437.0,,,1.0,,"4 Bedroom House in Dainfern Golf Estate, 21 Galloway Lane, 4 Bedroom Fully Furnished . Located in the prestigious Dainfern Golf Estate, this spacious and styli",25 Mar 2026,2026-03-27T16:42:50.921849+00:00,to-rent,gauteng,johannesburg-metro,sandton,dainfern
privateproperty,RR4399036,https://www.privateproperty.co.za/to-rent/gauteng/johannesburg-metro/johannesburg-south/robertsham/RR4399036,2 Bedroom House in Robertsham,5700.0,Robertsham,Johannesburg South,Gauteng,House,2.0,2.0,1.0,,,,,,,Available Now,"2 Bedroom House in Robertsham, Charming and Spacious two Bedroom Flat Now Available! Discover this delightful two-bedroom flat for",25 Mar 2026,2026-03-27T16:42:53.921045+00:00,to-rent,gauteng,johannesburg-metro,johannesburg-south,robertsham
privateproperty,RR4638474,https://www.privateproperty.co.za/to-rent/gauteng/johannesburg-metro/midrand/noordwyk/ma602-starling/1-featherfush/RR4638474,3 Bedroom House in Noordwyk,15000.0,Noordwyk,Midrand,Gauteng,House,2.0,2.0,2.0,2.0,105.0,,,,,Available Now,"3 Bedroom House in Noordwyk, MA602 Starling, 1 Featherfush, 3 Bedroom, 2 Bathroom Townhouse to Rent Starlings Estate, Noordwyk This charming 3-bedroom, 2-bath",25 Mar 2026,2026-03-27T16:42:56.460529+00:00,to-rent,gauteng,johannesburg-metro,midrand,noordwyk
privateproperty,RR4638365,https://www.privateproperty.co.za/to-rent/gauteng/johannesburg-metro/midrand/olifantsfontein/RR4638365,4 Bedroom House in Olifantsfontein,48000.0,Olifantsfontein,Midrand,Gauteng,House,4.0,4.5,3.0,3.0,364.0,1.0,,,,,"4 Bedroom House in Olifantsfontein, Welcome to this dream home, where modernity meets elegance in every way. This stunning residence boa",24 Mar 2026,2026-03-27T16:43:11.343143+00:00,to-rent,gauteng,johannesburg-metro,midrand,olifantsfontein
privateproperty,RR4638351,https://www.privateproperty.co.za/to-rent/gauteng/johannesburg-metro/sandton/dainfern/1-winnie-mandela/RR4638351,4 Bedroom House in Dainfern,30000.0,Dainfern,Sandton,Gauteng,House,4.0,3.0,3.0,2.0,250.0,339.0,,,,,"4 Bedroom House in Dainfern, 1 Winnie Mandela, Executive 4-Bedroom Residence in Prestigious Estate in Beverley Designed with the needs of expatri",24 Mar 2026,2026-03-27T16:43:14.747570+00:00,to-rent,gauteng,johannesburg-metro,sandton,dainfern
privateproperty,RR4638317,https://www.privateproperty.co.za/to-rent/gauteng/johannesburg-metro/johannesburg-south/kibler-park/RR4638317,4 Bedroom House in Kibler Park,35000.0,Kibler Park,Johannesburg South,Gauteng,House,4.0,2.0,2.0,2.0,,,,,1.0,,"4 Bedroom House in Kibler Park, Stylish, Newly Renovated Family Home in the Heart of Kibler Park. Step into modern comfort with thi",24 Mar 2026,2026-03-27T16:43:17.648447+00:00,to-rent,gauteng,johannesburg-metro,johannesburg-south,kibler-park
privateproperty,RR4638267,https://www.privateproperty.co.za/to-rent/gauteng/johannesburg-metro/midrand/kyalami-hills/RR4638267,2 Bedroom House in Kyalami Hills,12500.0,Kyalami Hills,Midrand,Gauteng,House,2.0,2.0,1.0,1.0,,,,,,,"2 Bedroom House in Kyalami Hills, Enjoy modern estate living in this well-maintained 2-bedroom, 2-bathroom home located in the highly",24 Mar 2026,2026-03-27T16:43:21.734226+00:00,to-rent,gauteng,johannesburg-metro,midrand,kyalami-hills
privateproperty,RR4638217,https://www.privateproperty.co.za/to-rent/gauteng/johannesburg-metro/soweto/soweto-central/lufhereng/RR4638217,2 Bedroom House in Lufhereng,3000.0,Soweto Central,Soweto,Gauteng,House,2.0,1.0,,,,,,,,Available Now,"2 Bedroom House in Lufhereng, This brand-new 2-bedroom cottage in Lufhereng offers a clean, modern, and low-maintenance living spa",24 Mar 2026,2026-03-27T16:43:24.674201+00:00,to-rent,gauteng,johannesburg-metro,soweto,soweto-central
privateproperty,RR4638185,https://www.privateproperty.co.za/to-rent/gauteng/johannesburg-metro/randburg/ferndale/0-ferndale/4477-fir-avenue/RR4638185,3 Bedroom House in Ferndale,20000.0,Ferndale,Randburg,Gauteng,House,3.0,2.0,,,491.0,,,,,Available Now,"3 Bedroom House in Ferndale, Ferndale, 4477 Fir Avenue, This trendy freestanding family home is nestled in a quiet, sought-after family friendly pocket of F",24 Mar 2026,2026-03-27T16:43:27.395388+00:00,to-rent,gauteng,johannesburg-metro,randburg,ferndale
privateproperty,RR4638162,https://www.privateproperty.co.za/to-rent/gauteng/johannesburg-metro/sandton/dainfern/dainfern-golf-estate/RR4638162,5 Bedroom House in Dainfern Golf Estate,60000.0,Dainfern,Sandton,Gauteng,House,5.0,4.5,4.0,3.0,514.0,857.0,,,1.0,,"5 Bedroom House in Dainfern Golf Estate, Elegant Fully Furnished Home Welcome to this beautifully presented, fully furnished double-storey h",24 Mar 2026,2026-03-27T16:43:30.637924+00:00,to-rent,gauteng,johannesburg-metro,sandton,dainfern
privateproperty,RR4638123,https://www.privateproperty.co.za/to-rent/gauteng/johannesburg-metro/randburg/jukskei-park/44-mineraal-street/RR4638123,3 Bedroom House in Jukskei Park,15000.0,Jukskei Park,Randburg,Gauteng,House,3.0,3.0,2.0,,,1.0,,,,,"3 Bedroom House in Jukskei Park, 44 Mineraal Street, Modern Family Home with Stylish Finishes and Secure Living. This spacious and well-appointed residen",24 Mar 2026,2026-03-27T16:43:33.269157+00:00,to-rent,gauteng,johannesburg-metro,randburg,jukskei-park
privateproperty,RR4638117,https://www.privateproperty.co.za/to-rent/gauteng/johannesburg-metro/bedfordview/bedfordview/RR4638117,2 Bedroom House in Bedfordview,12250.0,Bedfordview,Bedfordview,Gauteng,House,2.0,1.0,1.0,,,,,,,Available Now,"2 Bedroom House in Bedfordview, Lovely upstairs 2-bedroom apartment offering modern, comfortable living. ..The contemporary kitchen",24 Mar 2026,2026-03-27T16:43:36.448188+00:00,to-rent,gauteng,johannesburg-metro,bedfordview,bedfordview
privateproperty,RR4638038,https://www.privateproperty.co.za/to-rent/gauteng/johannesburg-metro/soweto/protea-glen/RR4638038,3 Bedroom House in Protea Glen,6500.0,Protea Glen,Soweto,Gauteng,House,3.0,1.0,10.0,,,,,,,,"3 Bedroom House in Protea Glen, 3 bedroom house Standalone Standalone private house Kitchen fitted Lounge Wadrobe Beautifu",24 Mar 2026,2026-03-27T16:43:40.673047+00:00,to-rent,gauteng,johannesburg-metro,soweto,protea-glen
privateproperty,RR4637975,https://www.privateproperty.co.za/to-rent/gauteng/johannesburg-metro/sandton/lombardy-east/12-regency-place/17-donne-crescent/RR4637975,2 Bedroom House in Lombardy East,6800.0,Lombardy East,Sandton,Gauteng,House,2.0,1.0,,,60.0,,,,,Available Now,"2 Bedroom House in Lombardy East, 12 Regency Place, 17 Donne Crescent, Welcome to comfortable and affordable living in the heart of Lombardy East. This cosy 2-bedroom, 1",24 Mar 2026,2026-03-27T16:43:44.672441+00:00,to-rent,gauteng,johannesburg-metro,sandton,lombardy-east
privateproperty,RR4637931,https://www.privateproperty.co.za/to-rent/gauteng/johannesburg-metro/johannesburg-south/mondeor/289-ashden-road/RR4637931,4 Bedroom House in Mondeor,15000.0,Mondeor,Johannesburg South,Gauteng,House,4.0,3.5,2.0,,,796.0,,,,,"4 Bedroom House in Mondeor, 289 Ashden Road, A lovely large 4 bedroom family home to let in a street with a view of the Mondeor hills. Step into",24 Mar 2026,2026-03-27T16:43:47.672341+00:00,to-rent,gauteng,johannesburg-metro,johannesburg-south,mondeor
privateproperty,RR4637925,https://www.privateproperty.co.za/to-rent/gauteng/johannesburg-metro/midrand/carlswald-estate/RR4637925,3 Bedroom House in Carlswald Estate,28000.0,Carlswald Estate,Midrand,Gauteng,House,3.0,2.0,2.0,1.0,180.0,,,,,,"3 Bedroom House in Carlswald Estate, Step into refined, modern living with this newly built freestanding luxury home, perfectly positione",24 Mar 2026,2026-03-27T16:43:51.460857+00:00,to-rent,gauteng,johannesburg-metro,midrand,carlswald-estate
privateproperty,RR4637919,https://www.privateproperty.co.za/to-rent/gauteng/johannesburg-metro/johannesburg-south/robertsham/RR4637919,3 Bedroom House in Robertsham,10500.0,Robertsham,Johannesburg South,Gauteng,House,1.0,1.0,6.0,2.0,,,,,,Available Now,"3 Bedroom House in Robertsham, Neat 3 bedroom 3 bedroom home , with1 bathroom ,a Separate toilet spacious Kitchen , a seperate D",24 Mar 2026,2026-03-27T16:43:53.986501+00:00,to-rent,gauteng,johannesburg-metro,johannesburg-south,robertsham
privateproperty,RR4637883,https://www.privateproperty.co.za/to-rent/gauteng/johannesburg-metro/sandton/woodmead/RR4637883,2 Bedroom House in Woodmead,15000.0,Woodmead,Sandton,Gauteng,House,2.0,1.0,1.0,,,,,,1.0,Available Now,"2 Bedroom House in Woodmead, Stunningly furnished: 2 bedroom 1 bathroom open plan lounge kitchen and dining room. This fully equi",24 Mar 2026,2026-03-27T16:43:56.778536+00:00,to-rent,gauteng,johannesburg-metro,sandton,woodmead
privateproperty,RR4637857,https://www.privateproperty.co.za/to-rent/gauteng/johannesburg-metro/midrand/halfway-gardens/RR4637857,3 Bedroom House in Halfway Gardens,13000.0,Halfway Gardens,Midrand,Gauteng,House,3.0,2.0,2.0,1.0,148.0,302.0,,,,,"3 Bedroom House in Halfway Gardens, Delightful, well-proportioned 3-bedroom, 2-bathroom unit in the sought-after Boschendal complex, off",24 Mar 2026,2026-03-27T16:44:01.027871+00:00,to-rent,gauteng,johannesburg-metro,midrand,halfway-gardens
privateproperty,RR4637837,https://www.privateproperty.co.za/to-rent/gauteng/johannesburg-metro/sandton/dainfern/RR4637837,5 Bedroom House in Dainfern,75000.0,Dainfern,Sandton,Gauteng,House,5.0,4.5,3.0,3.0,501.0,1.0,,,,Available Now,"5 Bedroom House in Dainfern, Contemporary Living Designed for Comfort & Entertaining Experience the perfect fusion of modern ele",24 Mar 2026,2026-03-27T16:44:05.393631+00:00,to-rent,gauteng,johannesburg-metro,sandton,dainfern
privateproperty,RR4637821,https://www.privateproperty.co.za/to-rent/gauteng/johannesburg-metro/sandton/lonehill/RR4637821,2 Bedroom House in Lonehill,15500.0,Lonehill,Sandton,Gauteng,House,2.0,2.0,1.0,,,,,,1.0,Available Now,"2 Bedroom House in Lonehill, Elegant Fully Furnished 2 Bedroom, 2 Bathroom Apartment in Secure Lonehill Estate Located in the so",24 Mar 2026,2026-03-27T16:44:09.226832+00:00,to-rent,gauteng,johannesburg-metro,sandton,lonehill
privateproperty,RR4637783,https://www.privateproperty.co.za/to-rent/gauteng/johannesburg-metro/sandton/parkmore/new-brighton/RR4637783,4 Bedroom House in New Brighton,29950.0,Parkmore,Sandton,Gauteng,House,4.0,3.0,8.0,2.0,275.0,991.0,,,,Available Now,"4 Bedroom House in New Brighton, Discover a beautiful, recently renovated family home in a quiet and secure suburb, just minutes from",24 Mar 2026,2026-03-27T16:44:13.034710+00:00,to-rent,gauteng,johannesburg-metro,sandton,parkmore
privateproperty,RR4637736,https://www.privateproperty.co.za/to-rent/gauteng/johannesburg-metro/midrand/noordwyk/3-starling/7a-featherbush-street/RR4637736,3 Bedroom House in Noordwyk,15000.0,Noordwyk,Midrand,Gauteng,House,3.0,2.0,2.0,,,,,,,,"3 Bedroom House in Noordwyk, 3 Starling, 7a Featherbush street, 3-Bedroom, 2-Bathroom Townhouse to Rent in Starlings Estate, Noordwyk This lovely family townhouse",24 Mar 2026,2026-03-27T16:44:16.328386+00:00,to-rent,gauteng,johannesburg-metro,midrand,noordwyk
privateproperty,RR4637717,https://www.privateproperty.co.za/to-rent/gauteng/johannesburg-metro/midrand/kyalami/kyalami-glen-estate/RR4637717,4 Bedroom House in Kyalami Glen Estate,25000.0,Kyalami,Midrand,Gauteng,House,4.0,3.0,2.0,2.0,,,,,,Available Now,"4 Bedroom House in Kyalami Glen Estate, 4 Bedroom Family Home To Let in Kyalami Glen Situated in the sought-after Kyalami Glen, this spacio",24 Mar 2026,2026-03-27T16:44:18.994419+00:00,to-rent,gauteng,johannesburg-metro,midrand,kyalami
privateproperty,RR4637646,https://www.privateproperty.co.za/to-rent/gauteng/johannesburg-metro/johannesburg-south/forest-hill/RR4637646,3 Bedroom House in Forest Hill,3700.0,Forest Hill,Johannesburg South,Gauteng,House,3.0,1.0,,,,,,,,Available Now,"3 Bedroom House in Forest Hill, 1 Bedroom cottage to let at 35 Koll street Forest hill. Big room with wardrobe, very big lounge wit",24 Mar 2026,2026-03-27T16:44:22.471849+00:00,to-rent,gauteng,johannesburg-metro,johannesburg-south,forest-hill
privateproperty,RR4637631,https://www.privateproperty.co.za/to-rent/gauteng/johannesburg-metro/sandton/paulshof/00/132-132-holkham-road-paulshof/RR4637631,3 Bedroom House in Paulshof,17500.0,Paulshof,Sandton,Gauteng,House,3.0,2.0,1.0,,134.0,134.0,,,0.0,Available Now,"3 Bedroom House in Paulshof, 132 132 Holkham Road Paulshof, Fully Furnished 3 Bed to Let in Sandton A compact and functional kitchen, with an option to let unf",24 Mar 2026,2026-03-27T16:44:25.765157+00:00,to-rent,gauteng,johannesburg-metro,sandton,paulshof
privateproperty,RR4637572,https://www.privateproperty.co.za/to-rent/gauteng/johannesburg-metro/north-riding-to-lanseria/sundowner/RR4637572,3 Bedroom House in Sundowner,18000.0,Sundowner,North Riding To Lanseria,Gauteng,House,3.0,3.0,4.0,2.0,,220.0,,,,,"3 Bedroom House in Sundowner, Charming Family Home for Rent Pet Friendly & Perfect for Entertaining Please note that viewings on",24 Mar 2026,2026-03-27T16:44:28.838518+00:00,to-rent,gauteng,johannesburg-metro,north-riding-to-lanseria,sundowner
privateproperty,RR4637400,https://www.privateproperty.co.za/to-rent/gauteng/johannesburg-metro/rosebank-and-parktown/savoy-estate/24-fleming/RR4637400,4 Bedroom House in Savoy Estate,21500.0,Savoy Estate,Rosebank And Parktown,Gauteng,House,4.0,3.0,12.0,4.0,,,,,,Available 1 April 2026,"4 Bedroom House in Savoy Estate, 24 Fleming, Spacious Family Home in Prime Location Available 1 April 2026 This lovely and well-maintained home",24 Mar 2026,2026-03-27T16:44:31.907057+00:00,to-rent,gauteng,johannesburg-metro,rosebank-and-parktown,savoy-estate
privateproperty,RR4637494,https://www.privateproperty.co.za/to-rent/gauteng/johannesburg-metro/sandton/parkmore/RR4637494,4 Bedroom House in Parkmore,29950.0,Parkmore,Sandton,Gauteng,House,4.0,3.0,6.0,3.0,,991.0,,,,,"4 Bedroom House in Parkmore, This recently renovated property features well-maintained gardens and a lawn equipped with an automa",24 Mar 2026,2026-03-27T16:44:35.072309+00:00,to-rent,gauteng,johannesburg-metro,sandton,parkmore
privateproperty,RR4637474,https://www.privateproperty.co.za/to-rent/gauteng/johannesburg-metro/sandton/parkmore/14-street/RR4637474,4 Bedroom House in Parkmore,27500.0,Parkmore,Sandton,Gauteng,House,4.0,2.0,2.0,2.0,,991.0,,,,,"4 Bedroom House in Parkmore, 14 Street, Secure 4 Bedroom Family Home with Cottage Parkmore This well-positioned north-facing 4 bedroom hom",24 Mar 2026,2026-03-27T16:44:38.428443+00:00,to-rent,gauteng,johannesburg-metro,sandton,parkmore
privateproperty,RR4637471,https://www.privateproperty.co.za/to-rent/gauteng/johannesburg-metro/rosebank-and-parktown/savoy-estate/RR4637471,4 Bedroom House in Savoy Estate,21500.0,Savoy Estate,Rosebank And Parktown,Gauteng,House,4.0,3.5,3.0,1.0,1.0,1.0,,,,Available Now,"4 Bedroom House in Savoy Estate, 4 Bedroom Family Home in Boomed-Off Savoy Estate for Rental R 21 500pm Spacious 4-Bedroom Family Ho",24 Mar 2026,2026-03-27T16:44:41.633727+00:00,to-rent,gauteng,johannesburg-metro,rosebank-and-parktown,savoy-estate
privateproperty,RR4637432,https://www.privateproperty.co.za/to-rent/gauteng/johannesburg-metro/johannesburg-south/the-hill/rewlatch/RR4637432,1 Bedroom House in Rewlatch,4600.0,The Hill,Johannesburg South,Gauteng,House,1.0,1.0,2.0,,35.0,750.0,,,,Available Now,"1 Bedroom House in Rewlatch, Bachelor Cottage to Let in Rewlatch 1 Bedroom1 Shower and basin1 Separate toiletKitchen with fitted",24 Mar 2026,2026-03-27T16:44:44.941211+00:00,to-rent,gauteng,johannesburg-metro,johannesburg-south,the-hill
privateproperty,RR4637422,https://www.privateproperty.co.za/to-rent/gauteng/johannesburg-metro/northcliff/westdene/RR4637422,1 Bedroom House in Westdene,7400.0,Westdene,Northcliff,Gauteng,House,1.0,1.0,1.0,1.0,,,,,1.0,,"1 Bedroom House in Westdene, Renovated, Secluded Cottage in Meldene This completely private, newly renovated furnished cottage o",23 Mar 2026,2026-03-27T16:44:48.135742+00:00,to-rent,gauteng,johannesburg-metro,northcliff,westdene
privateproperty,RR4637413,https://www.privateproperty.co.za/to-rent/gauteng/johannesburg-metro/north-riding-to-lanseria/north-riding/RR4637413,1 Bedroom House in North Riding,7250.0,North Riding,North Riding To Lanseria,Gauteng,House,1.0,1.0,1.0,,,,,,1.0,Available Now,"1 Bedroom House in North Riding, Peaceful Shared Living for Mature Individual Comfortable and Secure Home Environment PLEASE READ T",23 Mar 2026,2026-03-27T16:44:51.459465+00:00,to-rent,gauteng,johannesburg-metro,north-riding-to-lanseria,north-riding
privateproperty,RR4637411,https://www.privateproperty.co.za/to-rent/gauteng/johannesburg-metro/midrand/sagewood/RR4637411,2 Bedroom House in Sagewood,8000.0,Sagewood,Midrand,Gauteng,House,2.0,1.0,1.0,1.0,81.0,,,,,Available Now,"2 Bedroom House in Sagewood, Looking for serenity, convenience, safety coupled with peace of mind - look no further!!! It boosts",23 Mar 2026,2026-03-27T16:44:55.243622+00:00,to-rent,gauteng,johannesburg-metro,midrand,sagewood
privateproperty,RR4637407,https://www.privateproperty.co.za/to-rent/gauteng/johannesburg-metro/sandton/rivonia/RR4637407,5 Bedroom House in Rivonia,40000.0,Rivonia,Sandton,Gauteng,House,5.0,3.0,2.0,,,,,,1.0,Available Now,"5 Bedroom House in Rivonia, FURNISHED HOME IDEAL FOR A FAMILY PLEASE READ DESCRIPTION TO ENSURE SUITABILITY This home is subje",23 Mar 2026,2026-03-27T16:44:59.331362+00:00,to-rent,gauteng,johannesburg-metro,sandton,rivonia
privateproperty,RR4637403,https://www.privateproperty.co.za/to-rent/gauteng/johannesburg-metro/midrand/noordwyk/ma500-starling/1-featherbush-street/RR4637403,3 Bedroom House in Noordwyk,15000.0,Noordwyk,Midrand,Gauteng,House,3.0,2.0,2.0,,105.0,,,,,Available Now,"3 Bedroom House in Noordwyk, MA500 Starling, 1 featherbush street, 3-Bedroom, 2-Bathroom Townhouse to Rent in Starlings Estate, Noordwyk This charming family home is",23 Mar 2026,2026-03-27T16:45:02.034595+00:00,to-rent,gauteng,johannesburg-metro,midrand,noordwyk
privateproperty,RR4637392,https://www.privateproperty.co.za/to-rent/gauteng/johannesburg-metro/sandton/woodmead/01-woodstream/58-wandel-avenue-woodmead/RR4637392,3 Bedroom House in Woodmead,32000.0,Woodmead,Sandton,Gauteng,House,3.0,3.0,2.0,2.0,,,,,,Available Now,"3 Bedroom House in Woodmead, 1 Woodstream, 58 Wandel Avenue Woodmead, An Elegant Sanctuary of Light and Form Enter a residence where refinement and tranquility converge",23 Mar 2026,2026-03-27T16:45:06.151136+00:00,to-rent,gauteng,johannesburg-metro,sandton,woodmead
privateproperty,RR4327642,https://www.privateproperty.co.za/to-rent/gauteng/johannesburg-metro/midrand/noordwyk/1-starlings-nb/7a-featherbush-street/RR4327642,3 Bedroom House in Noordwyk,15000.0,Noordwyk,Midrand,Gauteng,House,3.0,2.0,1.0,,105.0,,,,,,"3 Bedroom House in Noordwyk, 1 Starlings-NB, 7a Featherbush Street, This family home is located located within the estate. It has 3 spacious bedrooms with 2 bathroom m",23 Mar 2026,2026-03-27T16:45:09.069673+00:00,to-rent,gauteng,johannesburg-metro,midrand,noordwyk
privateproperty,RR4637370,https://www.privateproperty.co.za/to-rent/gauteng/johannesburg-metro/northcliff/melville/RR4637370,2 Bedroom House in Melville,19990.0,Melville,Northcliff,Gauteng,House,2.0,2.0,3.0,,,,,,,Available Now,"2 Bedroom House in Melville, VERSATILE TWO BEDROOM HOME PLEASE READ THE DESCRITPION - THIS IS A MUST HOME! Such a versatile home",23 Mar 2026,2026-03-27T16:45:11.925582+00:00,to-rent,gauteng,johannesburg-metro,northcliff,melville
privateproperty,RR4637361,https://www.privateproperty.co.za/to-rent/gauteng/johannesburg-metro/sandton/dainfern/dainfern-golf-estate/RR4637361,5 Bedroom House in Dainfern Golf Estate,70000.0,Dainfern,Sandton,Gauteng,House,5.0,4.5,3.0,3.0,496.0,913.0,,,,Available Now,"5 Bedroom House in Dainfern Golf Estate, Contemporary 5 bedroom family home with gorgeous street appeal. This tastefully renovated home pres",23 Mar 2026,2026-03-27T16:45:15.943153+00:00,to-rent,gauteng,johannesburg-metro,sandton,dainfern
privateproperty,RR4637355,https://www.privateproperty.co.za/to-rent/gauteng/johannesburg-metro/north-riding-to-lanseria/northgate/RR4637355,3 Bedroom House in Northgate,15000.0,Northgate,North Riding To Lanseria,Gauteng,House,3.0,2.0,2.0,2.0,140.0,,,,,Available Now,"3 Bedroom House in Northgate, This stunning, fully renovated 3-bedroom home combines sleek modern design with complete off-grid pe",23 Mar 2026,2026-03-27T16:45:19.780706+00:00,to-rent,gauteng,johannesburg-metro,north-riding-to-lanseria,northgate
privateproperty,RR4637351,https://www.privateproperty.co.za/to-rent/gauteng/johannesburg-metro/sandton/bryanston/5-west-end-place/RR4637351,4 Bedroom House in Bryanston,35000.0,Bryanston,Sandton,Gauteng,House,4.0,4.5,2.0,2.0,280.0,300.0,,,,Available 1 May 2026,"4 Bedroom House in Bryanston, 5 West End Place, WEST END ESTATE, BRYANSTON Available 1 May 2026 Indulge in the pinnacle of modern luxury living wit",23 Mar 2026,2026-03-27T16:45:22.585730+00:00,to-rent,gauteng,johannesburg-metro,sandton,bryanston
privateproperty,RR4637332,https://www.privateproperty.co.za/to-rent/gauteng/johannesburg-metro/johannesburg-south/suideroord/RR4637332,3 Bedroom House in Suideroord,25000.0,Suideroord,Johannesburg South,Gauteng,House,3.0,3.0,7.0,4.0,300.0,1.0,,,,,"3 Bedroom House in Suideroord, Exquisite Three-Bedroom Residence in Suideroord: Sophisticated Living Awaits Distinguished Suburban",23 Mar 2026,2026-03-27T16:45:38.712651+00:00,to-rent,gauteng,johannesburg-metro,johannesburg-south,suideroord
privateproperty,RR4637322,https://www.privateproperty.co.za/to-rent/gauteng/johannesburg-metro/sandton/sandhurst/1-on-eaton/RR4637322,4 Bedroom House in Sandhurst,50000.0,Sandhurst,Sandton,Gauteng,House,4.0,5.0,2.0,2.0,,,,,,,"4 Bedroom House in Sandhurst, 1 On Eaton, Situated in the prestigious Sanhurst Place on Eaton Road, this elegant and spacious home offers the",23 Mar 2026,2026-03-27T16:45:42.622078+00:00,to-rent,gauteng,johannesburg-metro,sandton,sandhurst
privateproperty,RR4637308,https://www.privateproperty.co.za/to-rent/gauteng/johannesburg-metro/randburg/jukskei-park/217-riverglades-estate/67-juweel-street/RR4637308,2 Bedroom House in Jukskei Park,10000.0,Jukskei Park,Randburg,Gauteng,House,2.0,1.0,2.0,,91.0,,,,,Available Now,"2 Bedroom House in Jukskei Park, 217 Riverglades Estate, 67 Juweel Street, Situated in the sought-after Riverglades Estate, this well-maintained top-floor unit offers comforta",23 Mar 2026,2026-03-27T16:45:45.159115+00:00,to-rent,gauteng,johannesburg-metro,randburg,jukskei-park
privateproperty,RR4637261,https://www.privateproperty.co.za/to-rent/gauteng/johannesburg-metro/johannesburg-central/cyrildene/RR4637261,5 Bedroom House in Cyrildene,16000.0,Cyrildene,Johannesburg Central,Gauteng,House,5.0,2.0,6.0,1.0,,,,,0.0,Available Now,"5 Bedroom House in Cyrildene, This spacious 5 bedroom house in Cyrildene, Johannesburg, offers a perfect blend of comfort and secu",23 Mar 2026,2026-03-27T16:45:49.260943+00:00,to-rent,gauteng,johannesburg-metro,johannesburg-central,cyrildene
privateproperty,RR4637205,https://www.privateproperty.co.za/to-rent/gauteng/johannesburg-metro/midrand/ebony-park/RR4637205,2 Bedroom House in Ebony Park,5000.0,Ebony Park,Midrand,Gauteng,House,2.0,1.0,,,180.0,,,,,Available Now,"2 Bedroom House in Ebony Park, This well-located two-bedroom house in Ebony Park offers a perfect blend of convenience, space, and",23 Mar 2026,2026-03-27T16:45:52.260459+00:00,to-rent,gauteng,johannesburg-metro,midrand,ebony-park
privateproperty,RR2766166,https://www.privateproperty.co.za/to-rent/gauteng/johannesburg-metro/johannesburg-central/kensington/RR2766166,2 Bedroom House in Kensington,11000.0,Kensington,Johannesburg Central,Gauteng,House,2.0,2.0,1.0,,,,,,,,"2 Bedroom House in Kensington, NEWLY PAINTED Cosy family home available from the 1st of April. 2 bedrooms main en-suite, 2 bathr",23 Mar 2026,2026-03-27T16:45:56.184296+00:00,to-rent,gauteng,johannesburg-metro,johannesburg-central,kensington
privateproperty,RR4083833,https://www.privateproperty.co.za/to-rent/gauteng/johannesburg-metro/johannesburg-south/naturena/RR4083833,3 Bedroom House in Naturena,6500.0,Naturena,Johannesburg South,Gauteng,House,3.0,1.0,2.0,,,276.0,,,,Available Now,"3 Bedroom House in Naturena, CLEAN CLEAN CLEAN This three-bedroom house with a separate bathroom and toilet and a beautifully de",23 Mar 2026,2026-03-27T16:45:59.539568+00:00,to-rent,gauteng,johannesburg-metro,johannesburg-south,naturena
privateproperty,RR4637048,https://www.privateproperty.co.za/to-rent/gauteng/johannesburg-metro/bedfordview/st-andrews/RR4637048,4 Bedroom House in St Andrews,35000.0,St Andrews,Bedfordview,Gauteng,House,4.0,3.0,2.0,2.0,,1.0,,,,,"4 Bedroom House in St Andrews, Renovated and Modernized Family Home on a Substantial Stand in St Andrews Situated in the sought-af",23 Mar 2026,2026-03-27T16:46:02.615303+00:00,to-rent,gauteng,johannesburg-metro,bedfordview,st-andrews
privateproperty,RR4637045,https://www.privateproperty.co.za/to-rent/gauteng/johannesburg-metro/sandton/hyde-park/RR4637045,5 Bedroom House in Hyde Park,85000.0,Hyde Park,Sandton,Gauteng,House,5.0,3.5,4.0,2.0,650.0,1.0,,,1.0,,"5 Bedroom House in Hyde Park, Elegant Five Bedroom Family Residence in Secure Boomed Morsim Road, Hyde Park Elegant Five Bedroom",23 Mar 2026,2026-03-27T16:46:05.942604+00:00,to-rent,gauteng,johannesburg-metro,sandton,hyde-park
privateproperty,RR4637027,https://www.privateproperty.co.za/to-rent/gauteng/johannesburg-metro/soweto/chiawelo/RR4637027,3 Bedroom House in Chiawelo,6000.0,Chiawelo,Soweto,Gauteng,House,3.0,1.0,2.0,2.0,,,,,,Available Now,"3 Bedroom House in Chiawelo, Well situated property in Chiawelo ext5. The property is close to Protea Gardens Mall with easy acce",23 Mar 2026,2026-03-27T16:46:09.652580+00:00,to-rent,gauteng,johannesburg-metro,soweto,chiawelo
privateproperty,RR4636968,https://www.privateproperty.co.za/to-rent/gauteng/johannesburg-metro/sandton/bryanston/RR4636968,1 Bedroom House in Bryanston,8000.0,Bryanston,Sandton,Gauteng,House,1.0,1.0,,,52.0,,,,,Available Now,"1 Bedroom House in Bryanston, Stunning 1-bedroom, 1-bathroom Apartment in Bryanston R8,000.00 This spacious ground-floor 1-bedroo",23 Mar 2026,2026-03-27T16:46:12.579107+00:00,to-rent,gauteng,johannesburg-metro,sandton,bryanston
privateproperty,RR4636929,https://www.privateproperty.co.za/to-rent/gauteng/johannesburg-metro/northcliff/auckland-park/0-auckland-park/36-surbiton-avenue/RR4636929,1 Bedroom House in Auckland Park,4300.0,Auckland Park,Northcliff,Gauteng,House,1.0,1.0,13.0,8.0,529.0,670.0,,,1.0,,"1 Bedroom House in Auckland Park, Auckland Park, 36 Surbiton Avenue, This well-maintained furnished double-storey property is in the heart of Auckland Park. It offers a",23 Mar 2026,2026-03-27T16:46:16.084722+00:00,to-rent,gauteng,johannesburg-metro,northcliff,auckland-park
privateproperty,RR4636797,https://www.privateproperty.co.za/to-rent/gauteng/johannesburg-metro/sandton/paulshof/00-greenwich-village/131-holkham-road/RR4636797,2 Bedroom House in Paulshof,7800.0,Paulshof,Sandton,Gauteng,House,2.0,1.0,2.0,,56.0,,,,,,"2 Bedroom House in Paulshof, Greenwich village, 131 Holkham Road, 2 bed 1 bath to let in sandton 1st floor unit available from the first of April Situated in Paulsh",23 Mar 2026,2026-03-27T16:46:20.087410+00:00,to-rent,gauteng,johannesburg-metro,sandton,paulshof
privateproperty,RR4636762,https://www.privateproperty.co.za/to-rent/gauteng/johannesburg-metro/sandton/craigavon/RR4636762,3 Bedroom House in Craigavon,19000.0,Craigavon,Sandton,Gauteng,House,3.0,2.0,2.0,2.0,197.0,350.0,,,,,"3 Bedroom House in Craigavon, Discover the perfect blend of comfort and security in this beautiful 3-bedroom, 2-bathroom home. Des",23 Mar 2026,2026-03-27T16:46:23.600536+00:00,to-rent,gauteng,johannesburg-metro,sandton,craigavon
privateproperty,RR4636725,https://www.privateproperty.co.za/to-rent/gauteng/johannesburg-metro/sandton/parkmore/new-brighton/RR4636725,4 Bedroom House in New Brighton,29900.0,Parkmore,Sandton,Gauteng,House,4.0,2.0,2.0,2.0,267.0,991.0,,,,,"4 Bedroom House in New Brighton, Family Home 8 Minutes from Sandton City with Landscaped Garden Family Home 8 Minutes from Sandton C",23 Mar 2026,2026-03-27T16:46:26.245069+00:00,to-rent,gauteng,johannesburg-metro,sandton,parkmore
privateproperty,RR4636718,https://www.privateproperty.co.za/to-rent/gauteng/johannesburg-metro/sandton/bramley/RR4636718,4 Bedroom House in Bramley,19500.0,Bramley,Sandton,Gauteng,House,4.0,4.0,2.0,,,,,,,,"4 Bedroom House in Bramley, Stunning 4 bedroom house to rent in Bramley Spacious 4-Bedroom Family Home to Rent - Bramley centra",23 Mar 2026,2026-03-27T16:46:30.331104+00:00,to-rent,gauteng,johannesburg-metro,sandton,bramley
privateproperty,RR4636651,https://www.privateproperty.co.za/to-rent/gauteng/johannesburg-metro/sandton/hyde-park/RR4636651,5 Bedroom House in Hyde Park,55000.0,Hyde Park,Sandton,Gauteng,House,5.0,3.5,4.0,4.0,,,,,,Available Now,"5 Bedroom House in Hyde Park, 5-Bedroom Modern Home to Rent in Hyde Park, Sandton This stunning double-storey home is perfectly s",23 Mar 2026,2026-03-27T16:46:34.121924+00:00,to-rent,gauteng,johannesburg-metro,sandton,hyde-park
privateproperty,RR4636649,https://www.privateproperty.co.za/to-rent/gauteng/johannesburg-metro/sandton/hyde-park/RR4636649,5 Bedroom House in Hyde Park,55000.0,Hyde Park,Sandton,Gauteng,House,5.0,4.0,6.0,,470.0,,,,,Available Now,"5 Bedroom House in Hyde Park, This beautiful home is ideally located just 3 kilometres from Sandton City, one of Johannesburgs mos",23 Mar 2026,2026-03-27T16:46:37.691327+00:00,to-rent,gauteng,johannesburg-metro,sandton,hyde-park
privateproperty,RR4636627,https://www.privateproperty.co.za/to-rent/gauteng/johannesburg-metro/sandton/fourways-gardens/RR4636627,4 Bedroom House in Fourways Gardens,100000.0,Fourways Gardens,Sandton,Gauteng,House,4.0,4.5,8.0,3.0,722.0,1.0,,,,,"4 Bedroom House in Fourways Gardens, Corporate Rental Only - This extraordinary four-bedroom, four-bathroom residence epitomizes sophist",23 Mar 2026,2026-03-27T16:46:42.025833+00:00,to-rent,gauteng,johannesburg-metro,sandton,fourways-gardens
privateproperty,RR4636467,https://www.privateproperty.co.za/to-rent/gauteng/johannesburg-metro/sandton/hyde-park/RR4636467,4 Bedroom House in Hyde Park,100000.0,Hyde Park,Sandton,Gauteng,House,4.0,4.5,4.0,4.0,,,,,,,"4 Bedroom House in Hyde Park, Live in the lap of Luxury on the Prestige Morsim Road This home epitomizes style and sophistication",23 Mar 2026,2026-03-27T16:46:45.973468+00:00,to-rent,gauteng,johannesburg-metro,sandton,hyde-park
privateproperty,RR4636455,https://www.privateproperty.co.za/to-rent/gauteng/johannesburg-metro/johannesburg-south/mondeor/RR4636455,3 Bedroom House in Mondeor,13400.0,Mondeor,Johannesburg South,Gauteng,House,3.0,2.0,4.0,2.0,250.0,,,,,Available Now,"3 Bedroom House in Mondeor, 3 Bedroom House to Rent in Mondeor Discover refined family living in this elegant Mondeor residence",23 Mar 2026,2026-03-27T16:46:49.587758+00:00,to-rent,gauteng,johannesburg-metro,johannesburg-south,mondeor
privateproperty,RR4636452,https://www.privateproperty.co.za/to-rent/gauteng/johannesburg-metro/sandton/fourways/RR4636452,3 Bedroom House in Fourways,17500.0,Fourways,Sandton,Gauteng,House,3.0,3.0,4.0,2.0,,349.0,,,,Available Now,"3 Bedroom House in Fourways, Fresh as a spring day, recently renovated home with a low maintenance garden. Filled with light and",23 Mar 2026,2026-03-27T16:46:53.020905+00:00,to-rent,gauteng,johannesburg-metro,sandton,fourways
privateproperty,RR4636437,https://www.privateproperty.co.za/to-rent/gauteng/johannesburg-metro/randburg/cedar-creek/RR4636437,4 Bedroom House in Cedar Creek,35000.0,Cedar Creek,Randburg,Gauteng,House,4.0,4.5,4.0,2.0,350.0,1.0,,,,,"4 Bedroom House in Cedar Creek, Nestled within the secure and sought-after Cedar Creek Estate, this beautifully designed home offers",23 Mar 2026,2026-03-27T16:46:55.836937+00:00,to-rent,gauteng,johannesburg-metro,randburg,cedar-creek
privateproperty,RR4636414,https://www.privateproperty.co.za/to-rent/gauteng/johannesburg-metro/sandton/paulshof/237-greenwich-village/4-holkham/RR4636414,2 Bedroom House in Paulshof,7800.0,Paulshof,Sandton,Gauteng,House,2.0,1.0,2.0,,54.0,54.0,,,,Available Now,"2 Bedroom House in Paulshof, 237 Greenwich Village, 4 Holkham, Available now , 1st floor Lock-up and go 2 bed 1 bath to let in paulshof Sandton Greenwich Village",23 Mar 2026,2026-03-27T16:46:59.994108+00:00,to-rent,gauteng,johannesburg-metro,sandton,paulshof
privateproperty,RR4636384,https://www.privateproperty.co.za/to-rent/gauteng/johannesburg-metro/sandton/rembrandt-park/RR4636384,House in Rembrandt Park,5000.0,Rembrandt Park,Sandton,Gauteng,House,0.0,1.0,,,36.0,34.0,,,,,"House in Rembrandt Park, Bachelor Apartment to Rent Ideal for a Professional Single or Couple Well-maintained bachelor apa",22 Mar 2026,2026-03-27T16:47:03.234393+00:00,to-rent,gauteng,johannesburg-metro,sandton,rembrandt-park
privateproperty,RR4636380,https://www.privateproperty.co.za/to-rent/gauteng/johannesburg-metro/sandton/rembrandt-park/RR4636380,1 Bedroom House in Rembrandt Park,6000.0,Rembrandt Park,Sandton,Gauteng,House,1.0,1.0,,,39.0,39.0,,,,,"1 Bedroom House in Rembrandt Park, Charming 1-Bedroom Cottage in Rembrandt Park This cozy and well-maintained 1-bedroom cottage, loca",22 Mar 2026,2026-03-27T16:47:06.901206+00:00,to-rent,gauteng,johannesburg-metro,sandton,rembrandt-park
privateproperty,RR4636352,https://www.privateproperty.co.za/to-rent/gauteng/johannesburg-metro/midrand/halfway-house/allandale/RR4636352,4 Bedroom House in Allandale,29950.0,Halfway House,Midrand,Gauteng,House,4.0,3.0,8.0,2.0,991.0,,,,,Available Now,"4 Bedroom House in Allandale, Nestled along sought-after Allandale Road, this inviting 4-bedroom, 3-bathroom home offers a perfect",22 Mar 2026,2026-03-27T16:47:09.984730+00:00,to-rent,gauteng,johannesburg-metro,midrand,halfway-house
privateproperty,RR4636345,https://www.privateproperty.co.za/to-rent/gauteng/johannesburg-metro/randburg/ferndale/RR4636345,5 Bedroom House in Ferndale,24500.0,Ferndale,Randburg,Gauteng,House,5.0,2.0,11.0,2.0,,1.0,,,,,"5 Bedroom House in Ferndale, 5 Bedroom House to Rent in Ferndale Discover generous family living in the heart of Ferndale. This",22 Mar 2026,2026-03-27T16:47:12.811298+00:00,to-rent,gauteng,johannesburg-metro,randburg,ferndale
privateproperty,RR4636344,https://www.privateproperty.co.za/to-rent/gauteng/johannesburg-metro/sandton/bryanston/RR4636344,5 Bedroom House in Bryanston,50000.0,Bryanston,Sandton,Gauteng,House,5.0,5.0,15.0,5.0,990.0,3.0,,,1.0,,"5 Bedroom House in Bryanston, 990m² Bryanston Luxury Home on 1 Acre Fully Furnished. Umbeatable value for money. This exceptional",22 Mar 2026,2026-03-27T16:47:16.367245+00:00,to-rent,gauteng,johannesburg-metro,sandton,bryanston
privateproperty,RR4636343,https://www.privateproperty.co.za/to-rent/gauteng/johannesburg-metro/midrand/willaway/30-lyndore-street/RR4636343,4 Bedroom House in Willaway,27000.0,Willaway,Midrand,Gauteng,House,4.0,3.0,1.0,1.0,,,,,1.0,Available Now,"4 Bedroom House in Willaway, 30 Lyndore Street, 4 Bedrooms | 3 Bathrooms | Study | Fully Furnished | Secure Estate Living Experience elegant, move-",22 Mar 2026,2026-03-27T16:47:20.333934+00:00,to-rent,gauteng,johannesburg-metro,midrand,willaway
privateproperty,RR4636341,https://www.privateproperty.co.za/to-rent/gauteng/johannesburg-metro/randburg/ferndale/RR4636341,1 Bedroom House in Ferndale,4500.0,Ferndale,Randburg,Gauteng,House,1.0,2.0,1.0,,,,,,,Available Now,"1 Bedroom House in Ferndale, This well maintained property in Ferndale, Randburg has been thoughtfully converted into a comfortab",22 Mar 2026,2026-03-27T16:47:23.294373+00:00,to-rent,gauteng,johannesburg-metro,randburg,ferndale
privateproperty,RR4636336,https://www.privateproperty.co.za/to-rent/gauteng/johannesburg-metro/soweto/protea-glen/1-fisher/RR4636336,2 Bedroom House in Protea Glen,4200.0,Protea Glen,Soweto,Gauteng,House,2.0,1.0,2.0,,50.0,300.0,,,,Available Now,"2 Bedroom House in Protea Glen, 1 Fisher, This property is located in protea Glen ext 14, Offers two bedrooms one fitted, tiled, Kitchen fi",22 Mar 2026,2026-03-27T16:47:26.958029+00:00,to-rent,gauteng,johannesburg-metro,soweto,protea-glen
privateproperty,RR4636316,https://www.privateproperty.co.za/to-rent/gauteng/johannesburg-metro/sandton/lonehill/RR4636316,3 Bedroom House in Lonehill,23000.0,Lonehill,Sandton,Gauteng,House,3.0,2.0,2.0,,120.0,151.0,,,0.0,,"3 Bedroom House in Lonehill, Ideal for Expatriate & Corporate Living or a discerning Family Furnished Option: R27 000 per month",22 Mar 2026,2026-03-27T16:47:30.067194+00:00,to-rent,gauteng,johannesburg-metro,sandton,lonehill
privateproperty,RR4636300,https://www.privateproperty.co.za/to-rent/gauteng/johannesburg-metro/sandton/gallo-manor/RR4636300,5 Bedroom House in Gallo Manor,39000.0,Gallo Manor,Sandton,Gauteng,House,5.0,4.0,8.0,2.0,348.0,1.0,,,1.0,,"5 Bedroom House in Gallo Manor, Elegant 3-Bedroom Family Home with Fully Furnished Cottage in Morningside, Sandton Discover refined",22 Mar 2026,2026-03-27T16:47:32.728218+00:00,to-rent,gauteng,johannesburg-metro,sandton,gallo-manor
privateproperty,RR4636291,https://www.privateproperty.co.za/to-rent/gauteng/johannesburg-metro/north-riding-to-lanseria/olivedale/RR4636291,3 Bedroom House in Olivedale,28000.0,Olivedale,North Riding To Lanseria,Gauteng,House,3.0,2.5,2.0,2.0,95.0,347.0,,,,,"3 Bedroom House in Olivedale, Step into contemporary elegance with this beautifully designed 3-bedroom, 2.5-bathroom double-storey",22 Mar 2026,2026-03-27T16:47:35.968112+00:00,to-rent,gauteng,johannesburg-metro,north-riding-to-lanseria,olivedale
privateproperty,RR4636264,https://www.privateproperty.co.za/to-rent/gauteng/johannesburg-metro/soweto/bram-fisherville/RR4636264,1 Bedroom House in Bram Fisherville,2500.0,Bram Fisherville,Soweto,Gauteng,House,1.0,1.0,,,,,,,,Available Now,"1 Bedroom House in Bram Fisherville, This neat and well-maintained bachelor unit offers comfortable and convenient living, perfect for a",22 Mar 2026,2026-03-27T16:47:40.166419+00:00,to-rent,gauteng,johannesburg-metro,soweto,bram-fisherville
privateproperty,RR4636256,https://www.privateproperty.co.za/to-rent/gauteng/johannesburg-metro/johannesburg-central/corlett-gardens/RR4636256,1 Bedroom House in Corlett Gardens,5000.0,Corlett Gardens,Johannesburg Central,Gauteng,House,1.0,1.0,2.0,,48.0,2.0,,,,Available Now,"1 Bedroom House in Corlett Gardens, 1 bedroom available for rental water included in the price in Johannesburg corlett gardens Deposit",22 Mar 2026,2026-03-27T16:47:42.858130+00:00,to-rent,gauteng,johannesburg-metro,johannesburg-central,corlett-gardens
privateproperty,RR4636202,https://www.privateproperty.co.za/to-rent/gauteng/johannesburg-metro/rosebank-and-parktown/norwood/RR4636202,3 Bedroom House in Norwood,15000.0,Norwood,Rosebank And Parktown,Gauteng,House,3.0,2.0,,,,991.0,,,,,"3 Bedroom House in Norwood, This well maintained and secure home offers comfortable living in an excellent location, just a shor",21 Mar 2026,2026-03-27T16:47:46.039571+00:00,to-rent,gauteng,johannesburg-metro,rosebank-and-parktown,norwood
privateproperty,RR4636088,https://www.privateproperty.co.za/to-rent/gauteng/johannesburg-metro/sandton/sandown/00-madison-palms/121-north-road/RR4636088,2 Bedroom House in Sandown,10000.0,Sandown,Sandton,Gauteng,House,2.0,2.0,2.0,,,75.0,,,,Available Now,"2 Bedroom House in Sandown, Madison palms, 121 North Road, 2 bed ground floor apartment to let in sandton Available from the 1st of April Open plan kitchen, s",21 Mar 2026,2026-03-27T16:47:50.085512+00:00,to-rent,gauteng,johannesburg-metro,sandton,sandown
privateproperty,RR4135754,https://www.privateproperty.co.za/to-rent/gauteng/johannesburg-metro/sandton/dainfern-valley/RR4135754,5 Bedroom House in Dainfern Valley,60000.0,Dainfern Valley,Sandton,Gauteng,House,5.0,4.5,3.0,3.0,513.0,844.0,,,,,"5 Bedroom House in Dainfern Valley, Stunning 5-Bedroom Home with Park Views in Dainfern Valley Estate Set in a secluded position overlo",20 Mar 2026,2026-03-27T16:47:53.868580+00:00,to-rent,gauteng,johannesburg-metro,sandton,dainfern-valley
privateproperty,RR4636005,https://www.privateproperty.co.za/to-rent/gauteng/johannesburg-metro/sandton/dainfern/dainfern-golf-estate/RR4636005,5 Bedroom House in Dainfern Golf Estate,60000.0,Dainfern,Sandton,Gauteng,House,5.0,4.5,3.0,3.0,500.0,850.0,,,1.0,,"5 Bedroom House in Dainfern Golf Estate, Dual Mandate - 5 Bedroom Home for Rent in Dainfern Golf Estate This double-storey semi-furnished fa",20 Mar 2026,2026-03-27T16:48:08.993536+00:00,to-rent,gauteng,johannesburg-metro,sandton,dainfern
privateproperty,RR3944016,https://www.privateproperty.co.za/to-rent/gauteng/johannesburg-metro/midrand/blue-hills/RR3944016,4 Bedroom House in Blue Hills,25000.0,Blue Hills,Midrand,Gauteng,House,4.0,3.0,2.0,2.0,,,,,,Available Now,"4 Bedroom House in Blue Hills, Modern free-standing 4 Bedroom home in Coral Wood Village Estate. The home set on a 400smq stand ha",20 Mar 2026,2026-03-27T16:48:12.787491+00:00,to-rent,gauteng,johannesburg-metro,midrand,blue-hills
privateproperty,RR4635968,https://www.privateproperty.co.za/to-rent/gauteng/johannesburg-metro/bedfordview/bedfordview/RR4635968,3 Bedroom House in Bedfordview,27000.0,Bedfordview,Bedfordview,Gauteng,House,3.0,2.0,2.0,2.0,,,,,,,"3 Bedroom House in Bedfordview, Experience the perfect blend of security, style, and low-maintenance luxury in this stunning 3-bedro",20 Mar 2026,2026-03-27T16:48:16.628084+00:00,to-rent,gauteng,johannesburg-metro,bedfordview,bedfordview
privateproperty,RR4624230,https://www.privateproperty.co.za/to-rent/gauteng/johannesburg-metro/midrand/jukskei-view/587-firefinch/RR4624230,4 Bedroom House in Jukskei View,15000.0,Jukskei View,Midrand,Gauteng,House,4.0,2.0,3.0,2.0,90.0,300.0,,,,,"4 Bedroom House in Jukskei View, 587 firefinch, 4-Bedroom House To Let in Waterfall View Estate Secure & Peaceful Living Available: 01 April 2026",20 Mar 2026,2026-03-27T16:48:20.289442+00:00,to-rent,gauteng,johannesburg-metro,midrand,jukskei-view
privateproperty,RR4635894,https://www.privateproperty.co.za/to-rent/gauteng/johannesburg-metro/northcliff/whiteridge/RR4635894,3 Bedroom House in Whiteridge,12500.0,Whiteridge,Northcliff,Gauteng,House,3.0,1.0,7.0,1.0,210.0,536.0,,,,,"3 Bedroom House in Whiteridge, 3-Bedroom Family Home in Secure Whiteridge Spacious Family Home in Secure Whiteridge, Roodepoort R",20 Mar 2026,2026-03-27T16:48:23.057056+00:00,to-rent,gauteng,johannesburg-metro,northcliff,whiteridge
privateproperty,RR4635892,https://www.privateproperty.co.za/to-rent/gauteng/johannesburg-metro/johannesburg-south/the-hill/RR4635892,1 Bedroom House in The Hill,4000.0,The Hill,Johannesburg South,Gauteng,House,1.0,1.0,,,,,,,,Available Now,"1 Bedroom House in The Hill, BIG ONE BEDROOM AND LOUNGE HALF HOUSE AT DRAKENSBERG ROAD, THE HILL. OPEN PLAN KITCHEN, BEDROOM BIC",20 Mar 2026,2026-03-27T16:48:26.669358+00:00,to-rent,gauteng,johannesburg-metro,johannesburg-south,the-hill
privateproperty,RR4635876,https://www.privateproperty.co.za/to-rent/gauteng/johannesburg-metro/midrand/kyalami-ah/RR4635876,3 Bedroom House in Kyalami AH,45000.0,Kyalami Ah,Midrand,Gauteng,House,3.0,2.0,2.0,2.0,160.0,4.0,,,1.0,,"3 Bedroom House in Kyalami AH, This lovely fully furnished home in Kyalami offers comfortable and convenient living in a secure and",20 Mar 2026,2026-03-27T16:48:29.892263+00:00,to-rent,gauteng,johannesburg-metro,midrand,kyalami-ah
privateproperty,RR4635781,https://www.privateproperty.co.za/to-rent/gauteng/johannesburg-metro/midrand/jukskei-view/RR4635781,4 Bedroom House in Jukskei View,15000.0,Jukskei View,Midrand,Gauteng,House,4.0,3.0,4.0,4.0,,,,,,,"4 Bedroom House in Jukskei View, Positioned within the secure and well-established Waterfall View Estate, this beautifully proportion",20 Mar 2026,2026-03-27T16:48:32.457521+00:00,to-rent,gauteng,johannesburg-metro,midrand,jukskei-view
privateproperty,RR4635754,https://www.privateproperty.co.za/to-rent/gauteng/johannesburg-metro/randburg/fontainebleau/RR4635754,1 Bedroom House in Fontainebleau,8000.0,Fontainebleau,Randburg,Gauteng,House,1.0,1.0,,,160.0,1.0,,,1.0,Available Now,"1 Bedroom House in Fontainebleau, Fully furnished room with private en-suite bathroom available in a peaceful and well-maintained home",20 Mar 2026,2026-03-27T16:48:36.522477+00:00,to-rent,gauteng,johannesburg-metro,randburg,fontainebleau
privateproperty,RR4635726,https://www.privateproperty.co.za/to-rent/gauteng/johannesburg-metro/sandton/parkmore/RR4635726,4 Bedroom House in Parkmore,45000.0,Parkmore,Sandton,Gauteng,House,4.0,2.5,2.0,2.0,,2.0,,,,,"4 Bedroom House in Parkmore, 4-Bedroom beautiful Family Home to Rent in Glenadrienne This exceptional 4-bedroom home in Glenadr",20 Mar 2026,2026-03-27T16:48:39.661793+00:00,to-rent,gauteng,johannesburg-metro,sandton,parkmore
privateproperty,RR4444028,https://www.privateproperty.co.za/to-rent/gauteng/johannesburg-metro/sandton/dainfern/dainfern-golf-estate/RR4444028,4 Bedroom House in Dainfern Golf Estate,55000.0,Dainfern,Sandton,Gauteng,House,4.0,3.0,2.0,2.0,427.0,1.0,,,,,"4 Bedroom House in Dainfern Golf Estate, SOLE MANDATE Single-Level Family Home in Dainfern Golf Estate This beautifully renovated 4-bedroom",20 Mar 2026,2026-03-27T16:48:43.451435+00:00,to-rent,gauteng,johannesburg-metro,sandton,dainfern
privateproperty,RR4635707,https://www.privateproperty.co.za/to-rent/gauteng/johannesburg-metro/northcliff/blackheath/RR4635707,2 Bedroom House in Blackheath,13500.0,Blackheath,Northcliff,Gauteng,House,2.0,2.0,2.0,,,,,,,Available Now,"2 Bedroom House in Blackheath, This newly renovated duplex home in Blackheath offers comfortable and versatile living with two bedr",20 Mar 2026,2026-03-27T16:48:46.152160+00:00,to-rent,gauteng,johannesburg-metro,northcliff,blackheath
privateproperty,RR3964203,https://www.privateproperty.co.za/to-rent/gauteng/johannesburg-metro/sandton/dainfern/RR3964203,1 Bedroom House in Dainfern,6000.0,Dainfern,Sandton,Gauteng,House,1.0,1.0,2.0,,,,,,,Available Now,"1 Bedroom House in Dainfern, Cosy 1 bedroom garden thatch cottage Plot This charming 1-bedroom garden thatch cottage nestled on",20 Mar 2026,2026-03-27T16:48:49.224260+00:00,to-rent,gauteng,johannesburg-metro,sandton,dainfern
privateproperty,RR4635658,https://www.privateproperty.co.za/to-rent/gauteng/johannesburg-metro/sandton/parkmore/RR4635658,1 Bedroom House in Parkmore,16000.0,Parkmore,Sandton,Gauteng,House,1.0,1.0,1.0,,100.0,,,,1.0,Available Now,"1 Bedroom House in Parkmore, Spacious Fully-Furnished Private 1-Bedroom Cottage with Carport This well-presented and fully furni",20 Mar 2026,2026-03-27T16:48:52.031962+00:00,to-rent,gauteng,johannesburg-metro,sandton,parkmore
privateproperty,RR4635654,https://www.privateproperty.co.za/to-rent/gauteng/johannesburg-metro/midrand/carlswald-estate/RR4635654,0.5 Bedroom House in Carlswald Estate,6500.0,Carlswald Estate,Midrand,Gauteng,House,0.5,1.0,,,,,,,1.0,,"0.5 Bedroom House in Carlswald Estate, Bachelor unit available for rental occupation in Carlswald AH. Generous size bachelor unit with well",20 Mar 2026,2026-03-27T16:48:55.359963+00:00,to-rent,gauteng,johannesburg-metro,midrand,carlswald-estate
privateproperty,RR4635605,https://www.privateproperty.co.za/to-rent/gauteng/johannesburg-metro/midrand/clayville/RR4635605,4 Bedroom House in Clayville,41500.0,Clayville,Midrand,Gauteng,House,4.0,3.5,2.0,2.0,340.0,600.0,,,,,"4 Bedroom House in Clayville, 4-Bedroom Home to Rent in Midstream Ridge This beautiful and modern home offers 4 spacious bedrooms",20 Mar 2026,2026-03-27T16:48:59.566259+00:00,to-rent,gauteng,johannesburg-metro,midrand,clayville
privateproperty,RR4635572,https://www.privateproperty.co.za/to-rent/gauteng/johannesburg-metro/midrand/kyalami-ah/RR4635572,4 Bedroom House in Kyalami AH,25500.0,Kyalami Ah,Midrand,Gauteng,House,4.0,2.0,7.0,3.0,,,,,,,"4 Bedroom House in Kyalami AH, This spacious property has so much to offer and is perfectly suited for comfortable family living.",20 Mar 2026,2026-03-27T16:49:02.322251+00:00,to-rent,gauteng,johannesburg-metro,midrand,kyalami-ah
privateproperty,RR4635552,https://www.privateproperty.co.za/to-rent/gauteng/johannesburg-metro/sandton/kelvin/28/28-louise-way/RR4635552,3 Bedroom House in Kelvin,27000.0,Kelvin,Sandton,Gauteng,House,3.0,2.0,2.0,,250.0,,,,0.0,Available Now,"3 Bedroom House in Kelvin, 28 ., 28 Louise Way, GORGEOUS FULLY FURNISHED KELVIN HOME This lovely home is fully furnished and fully equipped, in a q",20 Mar 2026,2026-03-27T16:49:06.216752+00:00,to-rent,gauteng,johannesburg-metro,sandton,kelvin
privateproperty,RR4635524,https://www.privateproperty.co.za/to-rent/gauteng/johannesburg-metro/sandton/hurlingham/28-simonsig-road/RR4635524,5 Bedroom House in Hurlingham,75000.0,Hurlingham,Sandton,Gauteng,House,5.0,3.0,4.0,2.0,,,,,1.0,Available Now,"5 Bedroom House in Hurlingham, 28 Simonsig Road, FULLY FURNISHED & STYLISHED LIVING Prime Location in Sandton Nestled in Bryanston, Sandton, along",20 Mar 2026,2026-03-27T16:49:09.177007+00:00,to-rent,gauteng,johannesburg-metro,sandton,hurlingham
privateproperty,RR4635504,https://www.privateproperty.co.za/to-rent/gauteng/johannesburg-metro/north-riding-to-lanseria/johannesburg-north/RR4635504,3 Bedroom House in Johannesburg North,18500.0,Johannesburg North,North Riding To Lanseria,Gauteng,House,3.0,2.0,3.0,2.0,190.0,,,,,Available Now,"3 Bedroom House in Johannesburg North, EMAILS ONLY, TO ENQUIRE ABOUT THIS RENTAL 3 beds with Pool and Outside office. This property is a",20 Mar 2026,2026-03-27T16:49:13.462297+00:00,to-rent,gauteng,johannesburg-metro,north-riding-to-lanseria,johannesburg-north
privateproperty,RR4635459,https://www.privateproperty.co.za/to-rent/gauteng/johannesburg-metro/randburg/randpark-ridge/RR4635459,2 Bedroom House in Randpark Ridge,11500.0,Randpark Ridge,Randburg,Gauteng,House,2.0,2.0,2.0,,76.0,,,,,,"2 Bedroom House in Randpark Ridge, Secure & Cozy Living in the Heart of Leafy Randpark Ridge. Ground floor unit. Nestled within a secu",20 Mar 2026,2026-03-27T16:49:16.555706+00:00,to-rent,gauteng,johannesburg-metro,randburg,randpark-ridge
privateproperty,RR4635447,https://www.privateproperty.co.za/to-rent/gauteng/johannesburg-metro/sandton/lonehill/RR4635447,3 Bedroom House in Lonehill,30000.0,Lonehill,Sandton,Gauteng,House,3.0,2.0,2.0,2.0,200.0,,,,1.0,Available Now,"3 Bedroom House in Lonehill, Tucked away in a quiet, secure estate in the heart of Lonehill, this single-level 3-bedroom home off",20 Mar 2026,2026-03-27T16:49:19.674031+00:00,to-rent,gauteng,johannesburg-metro,sandton,lonehill
privateproperty,RR4635414,https://www.privateproperty.co.za/to-rent/gauteng/johannesburg-metro/midrand/kyalami-estate/RR4635414,3 Bedroom House in Kyalami Estate,32500.0,Kyalami Estate,Midrand,Gauteng,House,3.0,2.0,2.0,2.0,259.0,444.0,,,,,"3 Bedroom House in Kyalami Estate, This elegant home features open-plan living areas, including formal and TV lounges as well as a dini",20 Mar 2026,2026-03-27T16:49:22.805323+00:00,to-rent,gauteng,johannesburg-metro,midrand,kyalami-estate
privateproperty,RR4635406,https://www.privateproperty.co.za/to-rent/gauteng/johannesburg-metro/johannesburg-central/kensington/RR4635406,3 Bedroom House in Kensington,14000.0,Kensington,Johannesburg Central,Gauteng,House,3.0,1.0,2.0,2.0,,,,,,Available Now,"3 Bedroom House in Kensington, Stunning 3 bedroom house to rent in Kensington JHB This immaculate 3 bedroom house offers you with y",20 Mar 2026,2026-03-27T16:49:26.787961+00:00,to-rent,gauteng,johannesburg-metro,johannesburg-central,kensington
privateproperty,RR4635386,https://www.privateproperty.co.za/to-rent/gauteng/johannesburg-metro/johannesburg-central/coronationville/RR4635386,3 Bedroom House in Coronationville,6650.0,Coronationville,Johannesburg Central,Gauteng,House,3.0,1.0,4.0,,123.0,297.0,,,,,"3 Bedroom House in Coronationville, Available 1 April! Secure Your 3-Bedroom Home in Coronationville Today Enjoy easy living in this 3-",20 Mar 2026,2026-03-27T16:49:29.451447+00:00,to-rent,gauteng,johannesburg-metro,johannesburg-central,coronationville
privateproperty,RR4635374,https://www.privateproperty.co.za/to-rent/gauteng/johannesburg-metro/sandton/hyde-park/RR4635374,3 Bedroom House in Hyde Park,45000.0,Hyde Park,Sandton,Gauteng,House,3.0,2.5,3.0,3.0,,4.0,,,,Available Now,"3 Bedroom House in Hyde Park, Welcome to this exquisite, full of charm property, a true gem nestled on a spacious 4040 square mete",20 Mar 2026,2026-03-27T16:49:33.253312+00:00,to-rent,gauteng,johannesburg-metro,sandton,hyde-park
privateproperty,RR4635320,https://www.privateproperty.co.za/to-rent/gauteng/johannesburg-metro/sandton/bryanston/RR4635320,3 Bedroom House in Bryanston,21000.0,Bryanston,Sandton,Gauteng,House,3.0,2.0,4.0,,,,,,,,"3 Bedroom House in Bryanston, Elegant Free-Standing Family Home in a Secure Boomed Cul-de-Sac Elegant Free-Standing Family Home i",20 Mar 2026,2026-03-27T16:49:36.545344+00:00,to-rent,gauteng,johannesburg-metro,sandton,bryanston
privateproperty,RR4635256,https://www.privateproperty.co.za/to-rent/gauteng/johannesburg-metro/sandton/parkmore/new-brighton/16-allandale-road/RR4635256,4 Bedroom House in New Brighton,29950.0,Parkmore,Sandton,Gauteng,House,4.0,3.0,2.0,2.0,275.0,991.0,,,,,"4 Bedroom House in New Brighton, 16 Allandale Road, Spacious 4-Bedroom Family Home with Garden Cottage, Security, DSTV & Wi-Fi Ready Enjoy comfortable",19 Mar 2026,2026-03-27T16:49:39.947592+00:00,to-rent,gauteng,johannesburg-metro,sandton,parkmore
privateproperty,RR4635098,https://www.privateproperty.co.za/to-rent/gauteng/johannesburg-metro/johannesburg-central/linksfield/linksfield-ridge/RR4635098,5 Bedroom House in Linksfield Ridge,40000.0,Linksfield,Johannesburg Central,Gauteng,House,5.0,3.5,2.0,2.0,,1.0,,,,,"5 Bedroom House in Linksfield Ridge, Set high on the ridge in a quiet, boomed-off street, this expansive three-level home offers a rare c",19 Mar 2026,2026-03-27T16:49:44.149417+00:00,to-rent,gauteng,johannesburg-metro,johannesburg-central,linksfield
privateproperty,RR4635053,https://www.privateproperty.co.za/to-rent/gauteng/johannesburg-metro/soweto/protea-glen/RR4635053,2 Bedroom House in Protea Glen,5000.0,Protea Glen,Soweto,Gauteng,House,2.0,1.0,1.0,,,,,,,Available Now,"2 Bedroom House in Protea Glen, This charming 2-bedroom, 1-bathroom home is situated in the growing community of Protea Glen, offeri",19 Mar 2026,2026-03-27T16:49:48.049668+00:00,to-rent,gauteng,johannesburg-metro,soweto,protea-glen
privateproperty,RR4635042,https://www.privateproperty.co.za/to-rent/gauteng/johannesburg-metro/north-riding-to-lanseria/north-riding/21-olive-crest-estate/288-quorn-drive/RR4635042,4 Bedroom House in North Riding,50000.0,North Riding,North Riding To Lanseria,Gauteng,House,4.0,2.5,4.0,4.0,,,,,1.0,Available Now,"4 Bedroom House in North Riding, 21 olive crest estate, 288 quorn drive, Premier Fully Furnished Executive Residence in Secure Eco-Estate EXQUISITE SANCTUARY | ECO-ESTATE |",19 Mar 2026,2026-03-27T16:49:51.283042+00:00,to-rent,gauteng,johannesburg-metro,north-riding-to-lanseria,north-riding
privateproperty,RR4635040,https://www.privateproperty.co.za/to-rent/gauteng/johannesburg-metro/sandton/fourways/RR4635040,3 Bedroom House in Fourways,25000.0,Fourways,Sandton,Gauteng,House,3.0,3.0,2.0,2.0,,140.0,,,0.0,,"3 Bedroom House in Fourways, Move-In Ready 3-Bedroom Double-Storey Home with Furnished Bedrooms & Appliances Included Perfect for",19 Mar 2026,2026-03-27T16:49:54.431155+00:00,to-rent,gauteng,johannesburg-metro,sandton,fourways
privateproperty,RR4635034,https://www.privateproperty.co.za/to-rent/gauteng/johannesburg-metro/midrand/riverside-view/RR4635034,3 Bedroom House in Riverside View,8000.0,Riverside View,Midrand,Gauteng,House,3.0,1.5,,,,213.0,,,,,"3 Bedroom House in Riverside View, This well-maintained three bedroom home is ideally situated in Riverside View, offering both comfort",19 Mar 2026,2026-03-27T16:49:57.590189+00:00,to-rent,gauteng,johannesburg-metro,midrand,riverside-view
privateproperty,RR3753688,https://www.privateproperty.co.za/to-rent/gauteng/johannesburg-metro/sandton/benmore-gardens/aa-waterstone-drive/RR3753688,5 Bedroom House in Benmore Gardens,75000.0,Benmore Gardens,Sandton,Gauteng,House,5.0,5.5,9.0,3.0,,803.0,,,0.0,,"5 Bedroom House in Benmore Gardens, AA Waterstone Drive, UNFURNISHED CLOSE TO FRENCH SCHOOL! ESCAPE FROM THE CITY BUSTLE! NO MORE LOAD SHEDDING! UNIQUE AND",19 Mar 2026,2026-03-27T16:50:00.399339+00:00,to-rent,gauteng,johannesburg-metro,sandton,benmore-gardens
privateproperty,RR4634953,https://www.privateproperty.co.za/to-rent/gauteng/johannesburg-metro/sandton/lonehill/229-mykonos/11-olympus-crescent/RR4634953,3 Bedroom House in Lonehill,40000.0,Lonehill,Sandton,Gauteng,House,3.0,3.0,3.0,1.0,243.0,536.0,,,1.0,,"3 Bedroom House in Lonehill, 229 Mykonos, 11 Olympus Crescent, 3 Bedroom House to Rent Step into Mykonos Estate in Lonehill and prepare to be transported, not to",19 Mar 2026,2026-03-27T16:50:04.326166+00:00,to-rent,gauteng,johannesburg-metro,sandton,lonehill
privateproperty,RR4634936,https://www.privateproperty.co.za/to-rent/gauteng/johannesburg-metro/johannesburg-south/rosettenville/RR4634936,3 Bedroom House in Rosettenville,7500.0,Rosettenville,Johannesburg South,Gauteng,House,3.0,1.0,2.0,2.0,,,,,,Available Now,"3 Bedroom House in Rosettenville, 3 BEDROOM FREE STANDING HOUSE AT LANG STREET, ROSETTENVILLE, JOHANNESBURG SOUTH. WITH LOUNGE, KITCH",19 Mar 2026,2026-03-27T16:50:08.128314+00:00,to-rent,gauteng,johannesburg-metro,johannesburg-south,rosettenville
privateproperty,RR4634907,https://www.privateproperty.co.za/to-rent/gauteng/johannesburg-metro/sandton/hyde-park/RR4634907,4 Bedroom House in Hyde Park,45000.0,Hyde Park,Sandton,Gauteng,House,4.0,4.0,2.0,2.0,,,,,,Available Now,"4 Bedroom House in Hyde Park, This stylish residence offers the perfect blend of modern design and family comfort. Featuring four",19 Mar 2026,2026-03-27T16:50:12.330410+00:00,to-rent,gauteng,johannesburg-metro,sandton,hyde-park
privateproperty,RR4634897,https://www.privateproperty.co.za/to-rent/gauteng/johannesburg-metro/sandton/lonehill/3-robert-bruce/RR4634897,3 Bedroom House in Lonehill,35000.0,Lonehill,Sandton,Gauteng,House,3.0,3.0,4.0,2.0,,563.0,,,,Available Now,"3 Bedroom House in Lonehill, 3 Robert Bruce, Ultra-Modern 4-Bedroom Cluster in Secure Beverley Estate Located in a prestigious Estate, in Beverl",19 Mar 2026,2026-03-27T16:50:15.800916+00:00,to-rent,gauteng,johannesburg-metro,sandton,lonehill
privateproperty,RR4634880,https://www.privateproperty.co.za/to-rent/gauteng/johannesburg-metro/randburg/ferndale/0/211-kent-avenue/RR4634880,2 Bedroom House in Ferndale,8250.0,Ferndale,Randburg,Gauteng,House,2.0,1.0,,,60.0,,,,,Available 15 April 2026,"2 Bedroom House in Ferndale, ., 211 Kent Avenue, Available 15 April 2026 Introducing a renovated 2-bedroom unit in Ferndale Ridge, Randburg. This",19 Mar 2026,2026-03-27T16:50:19.316647+00:00,to-rent,gauteng,johannesburg-metro,randburg,ferndale
privateproperty,RR4634771,https://www.privateproperty.co.za/to-rent/gauteng/johannesburg-metro/randburg/bordeaux/RR4634771,4 Bedroom House in Bordeaux,30000.0,Bordeaux,Randburg,Gauteng,House,4.0,2.0,4.0,3.0,,993.0,,,,,"4 Bedroom House in Bordeaux, Secure, Fully Renovated, North Facing Family Home in Boomed Area of Bordeaux Located in a very secur",19 Mar 2026,2026-03-27T16:50:22.183716+00:00,to-rent,gauteng,johannesburg-metro,randburg,bordeaux
privateproperty,RR509303,https://www.privateproperty.co.za/to-rent/gauteng/johannesburg-metro/rosebank-and-parktown/parkhurst/42-third-avenue/RR509303,3 Bedroom House in Parkhurst,26000.0,Parkhurst,Rosebank And Parktown,Gauteng,House,3.0,2.0,3.0,,,,,,1.0,Available Now,"3 Bedroom House in Parkhurst, 42 Third Avenue, Stylish,ly furnished, immaculate, secure, three bedroomed home with spacious living areas opening on",19 Mar 2026,2026-03-27T16:50:37.035934+00:00,to-rent,gauteng,johannesburg-metro,rosebank-and-parktown,parkhurst
privateproperty,RR4634706,https://www.privateproperty.co.za/to-rent/gauteng/johannesburg-metro/north-riding-to-lanseria/cosmo-city/RR4634706,3 Bedroom House in Cosmo City,8000.0,Cosmo City,North Riding To Lanseria,Gauteng,House,3.0,2.0,2.0,,,,,,,,"3 Bedroom House in Cosmo City, Stunning 3 Bedroom House to Rent available from 1st April 2026 Welcome to a Family home, where conv",19 Mar 2026,2026-03-27T16:50:41.242878+00:00,to-rent,gauteng,johannesburg-metro,north-riding-to-lanseria,cosmo-city
privateproperty,RR4634697,https://www.privateproperty.co.za/to-rent/gauteng/johannesburg-metro/north-riding-to-lanseria/cosmo-city/RR4634697,3 Bedroom House in Cosmo City,6500.0,Cosmo City,North Riding To Lanseria,Gauteng,House,3.0,1.0,4.0,,75.0,280.0,,,,,"3 Bedroom House in Cosmo City, This is a 3 bedrooms house in Ext 0 It is very close to transport and shops The Mall is also a wal",19 Mar 2026,2026-03-27T16:50:44.658435+00:00,to-rent,gauteng,johannesburg-metro,north-riding-to-lanseria,cosmo-city
privateproperty,RR4634652,https://www.privateproperty.co.za/to-rent/gauteng/johannesburg-metro/johannesburg-central/kensington/10-emerald-street/RR4634652,3 Bedroom House in Kensington,12000.0,Kensington,Johannesburg Central,Gauteng,House,1.0,1.0,,,,,,,,Available Now,"3 Bedroom House in Kensington, 10 Emerald street, 3-Bedroom House for Rent - 10 Emerald Street, Kensington Price: R12,000month Available: Now This spa",19 Mar 2026,2026-03-27T16:50:48.488047+00:00,to-rent,gauteng,johannesburg-metro,johannesburg-central,kensington
privateproperty,RR4634530,https://www.privateproperty.co.za/to-rent/gauteng/johannesburg-metro/randburg/ferndale/RR4634530,1 Bedroom House in Ferndale,4500.0,Ferndale,Randburg,Gauteng,House,1.0,2.0,1.0,,,,,,,Available Now,"1 Bedroom House in Ferndale, This well maintained property in Ferndale, Randburg has been thoughtfully converted into a comfortab",19 Mar 2026,2026-03-27T16:50:52.539893+00:00,to-rent,gauteng,johannesburg-metro,randburg,ferndale
privateproperty,RR4634521,https://www.privateproperty.co.za/to-rent/gauteng/johannesburg-metro/bedfordview/bedfordview/RR4634521,5 Bedroom House in Bedfordview,43000.0,Bedfordview,Bedfordview,Gauteng,House,5.0,5.0,3.0,3.0,,,,,1.0,,"5 Bedroom House in Bedfordview, STUNNING FIVE BEDROOM FAMILY HOME TO LET IN BEDFORDVIEW Nestled in the prestigious gated community",19 Mar 2026,2026-03-27T16:50:55.832193+00:00,to-rent,gauteng,johannesburg-metro,bedfordview,bedfordview
privateproperty,RR4634504,https://www.privateproperty.co.za/to-rent/gauteng/johannesburg-metro/sandton/dainfern/dainfern-golf-estate/RR4634504,6 Bedroom House in Dainfern Golf Estate,45000.0,Dainfern,Sandton,Gauteng,House,6.0,5.5,8.0,4.0,700.0,1.0,,,,,"6 Bedroom House in Dainfern Golf Estate, Entertainers Mansion Secure, Private Double storey Home for large family. The entire house has ceram",19 Mar 2026,2026-03-27T16:50:59.169675+00:00,to-rent,gauteng,johannesburg-metro,sandton,dainfern
privateproperty,RR4634468,https://www.privateproperty.co.za/to-rent/gauteng/johannesburg-metro/midrand/clayville/ma416-clayville-extention-37/1-clayville-37/RR4634468,3 Bedroom House in Clayville,8000.0,Clayville,Midrand,Gauteng,House,3.0,2.0,2.0,,,,,,,Available Now,"3 Bedroom House in Clayville, MA416 Clayville Extention 37, 1 Clayville 37, 3-Bedroom Freestanding House To Rent in Clayville Extension 37 Spacious Family Living | Secure & Co",19 Mar 2026,2026-03-27T16:51:03.054178+00:00,to-rent,gauteng,johannesburg-metro,midrand,clayville
privateproperty,RR4634400,https://www.privateproperty.co.za/to-rent/gauteng/johannesburg-metro/johannesburg-central/johannesburg-cbd/RR4634400,1 Bedroom House in Johannesburg CBD,2500.0,Johannesburg Cbd,Johannesburg Central,Gauteng,House,1.0,1.0,,,,,,,,Available Now,"1 Bedroom House in Johannesburg CBD, Amazing Rooms to Rent This property features Single rooms Shared toilet and Shower Shared Kitch",19 Mar 2026,2026-03-27T16:51:07.204813+00:00,to-rent,gauteng,johannesburg-metro,johannesburg-central,johannesburg-cbd
privateproperty,RR4634362,https://www.privateproperty.co.za/to-rent/gauteng/johannesburg-metro/sandton/fourways/RR4634362,4 Bedroom House in Fourways,38000.0,Fourways,Sandton,Gauteng,House,4.0,2.5,8.0,2.0,,806.0,,,,,"4 Bedroom House in Fourways, Set within the prestigious and ever-popular Fernbrook Lifestyle Estate, this impressive four-bedroom",18 Mar 2026,2026-03-27T16:51:10.243897+00:00,to-rent,gauteng,johannesburg-metro,sandton,fourways
privateproperty,RR4634308,https://www.privateproperty.co.za/to-rent/gauteng/johannesburg-metro/sandton/lonehill/RR4634308,7 Bedroom House in Lonehill,50000.0,Lonehill,Sandton,Gauteng,House,7.0,8.0,4.0,4.0,,1.0,,,1.0,Available Now,"7 Bedroom House in Lonehill, Tucked within a secure and exclusive gated estate in Lonehill, this home offers a unique lodge-style",18 Mar 2026,2026-03-27T16:51:14.562258+00:00,to-rent,gauteng,johannesburg-metro,sandton,lonehill
privateproperty,RR4634281,https://www.privateproperty.co.za/to-rent/gauteng/johannesburg-metro/northcliff/linden/mf6-3rd-street/RR4634281,4 Bedroom House in Linden,22000.0,Linden,Northcliff,Gauteng,House,4.0,3.0,4.0,2.0,302.0,816.0,,,,,"4 Bedroom House in Linden, MF6 3rd Street, Amazingly Spacious Family Home in the Heart of Linden Welcome to this inviting home, perfectly posi",18 Mar 2026,2026-03-27T16:51:17.366570+00:00,to-rent,gauteng,johannesburg-metro,northcliff,linden
privateproperty,RR4634265,https://www.privateproperty.co.za/to-rent/gauteng/johannesburg-metro/bedfordview/bedfordview/RR4634265,1 Bedroom House in Bedfordview,12500.0,Bedfordview,Bedfordview,Gauteng,House,1.0,1.0,,,,,,,,Available Now,"1 Bedroom House in Bedfordview, This well located 1 bedroom apartment offers comfortable living with a spacious lounge, perfect for",18 Mar 2026,2026-03-27T16:51:20.348226+00:00,to-rent,gauteng,johannesburg-metro,bedfordview,bedfordview
privateproperty,RR4634262,https://www.privateproperty.co.za/to-rent/gauteng/johannesburg-metro/bedfordview/bedfordview/RR4634262,1 Bedroom House in Bedfordview,10500.0,Bedfordview,Bedfordview,Gauteng,House,1.0,1.0,,,,,,,,Available Now,"1 Bedroom House in Bedfordview, This well located 1 bedroom apartment offers comfortable living with a spacious lounge, perfect for",18 Mar 2026,2026-03-27T16:51:23.793861+00:00,to-rent,gauteng,johannesburg-metro,bedfordview,bedfordview
privateproperty,RR4634261,https://www.privateproperty.co.za/to-rent/gauteng/johannesburg-metro/bedfordview/bedfordview/RR4634261,1 Bedroom House in Bedfordview,11000.0,Bedfordview,Bedfordview,Gauteng,House,1.0,1.0,1.0,1.0,,,,,,Available Now,"1 Bedroom House in Bedfordview, This well located 1 bedroom apartment offers comfortable living with a spacious lounge, perfect for",18 Mar 2026,2026-03-27T16:51:27.498801+00:00,to-rent,gauteng,johannesburg-metro,bedfordview,bedfordview
privateproperty,RR4634154,https://www.privateproperty.co.za/to-rent/gauteng/johannesburg-metro/johannesburg-central/glenhazel/RR4634154,3 Bedroom House in Glenhazel,18000.0,Glenhazel,Johannesburg Central,Gauteng,House,2.5,2.0,5.0,1.0,,,,,,,"3 Bedroom House in Glenhazel, Spacious 3 Bedroom House in Glenhazel Step into comfort and space with this well-maintained 3-bedro",18 Mar 2026,2026-03-27T16:51:31.783040+00:00,to-rent,gauteng,johannesburg-metro,johannesburg-central,glenhazel
privateproperty,RR4634099,https://www.privateproperty.co.za/to-rent/gauteng/johannesburg-metro/sandton/parkmore/RR4634099,1 Bedroom House in Parkmore,9000.0,Parkmore,Sandton,Gauteng,House,1.0,1.0,1.0,1.0,73.0,3.0,,,,,"1 Bedroom House in Parkmore, Enjoy comfortable, easy living in this well-maintained 1-bedroom apartment, perfect for a single pro",18 Mar 2026,2026-03-27T16:51:35.222552+00:00,to-rent,gauteng,johannesburg-metro,sandton,parkmore
privateproperty,RR4633948,https://www.privateproperty.co.za/to-rent/gauteng/johannesburg-metro/sandton/beverley/RR4633948,2 Bedroom House in Beverley,13850.0,Beverley,Sandton,Gauteng,House,2.0,2.5,2.0,,,,,,,Available 1 April 2026,"2 Bedroom House in Beverley, Beautiful Free-Standing 2-Bedroom Townhouse with Private Garden in Secure Complex Available 1 April",18 Mar 2026,2026-03-27T16:51:38.312001+00:00,to-rent,gauteng,johannesburg-metro,sandton,beverley
privateproperty,RR4633935,https://www.privateproperty.co.za/to-rent/gauteng/johannesburg-metro/midrand/blue-hills/02-the-junction/02-held-drive/RR4633935,2 Bedroom House in Blue Hills,8000.0,Blue Hills,Midrand,Gauteng,House,2.0,1.0,1.0,,,,,,,,"2 Bedroom House in Blue Hills, 2 The Junction, 2 Held Drive, Modern Living Starts Here Welcome to this remarkable security complex that is designed to fulfil a",18 Mar 2026,2026-03-27T16:51:41.049504+00:00,to-rent,gauteng,johannesburg-metro,midrand,blue-hills
privateproperty,RR4633849,https://www.privateproperty.co.za/to-rent/gauteng/johannesburg-metro/sandton/fourways-gardens/RR4633849,6 Bedroom House in Fourways Gardens,50000.0,Fourways Gardens,Sandton,Gauteng,House,6.0,4.5,2.0,2.0,400.0,1.0,,,,,"6 Bedroom House in Fourways Gardens, This beautifully appointed residence offers a refined blend of space, comfort, and effortless family",18 Mar 2026,2026-03-27T16:51:45.284306+00:00,to-rent,gauteng,johannesburg-metro,sandton,fourways-gardens
privateproperty,RR4633836,https://www.privateproperty.co.za/to-rent/gauteng/johannesburg-metro/midrand/country-view/RR4633836,2 Bedroom House in Country View,8300.0,Country View,Midrand,Gauteng,House,2.0,1.0,1.0,,46.0,,,,,,"2 Bedroom House in Country View, Move into a brand-new 2-bed apartment 4246 m² that balances affordability with modern living starti",18 Mar 2026,2026-03-27T16:51:48.785947+00:00,to-rent,gauteng,johannesburg-metro,midrand,country-view
privateproperty,RR4633690,https://www.privateproperty.co.za/to-rent/gauteng/johannesburg-metro/northcliff/brixton/RR4633690,7 Bedroom House in Brixton,3500.0,Brixton,Northcliff,Gauteng,House,7.0,7.0,,,,,,,1.0,Available Now,"7 Bedroom House in Brixton, Sharing room R2500 Single rooms R3500 Student accommodation - Available! Property Specs: Walking d",18 Mar 2026,2026-03-27T16:51:52.527289+00:00,to-rent,gauteng,johannesburg-metro,northcliff,brixton
privateproperty,RR4633829,https://www.privateproperty.co.za/to-rent/gauteng/johannesburg-metro/midrand/clayville/RR4633829,1 Bedroom House in Clayville,6700.0,Clayville,Midrand,Gauteng,House,1.0,1.0,,,35.0,,,,,,"1 Bedroom House in Clayville, Live smart. Live central. Welcome to Parklands Heights. Step into a sleek, modern 1-bed apartment at",18 Mar 2026,2026-03-27T16:51:56.481373+00:00,to-rent,gauteng,johannesburg-metro,midrand,clayville
privateproperty,RR4633761,https://www.privateproperty.co.za/to-rent/gauteng/johannesburg-metro/midrand/barbeque-downs/4-kyalami-view-1/1-candican-road/RR4633761,3 Bedroom House in Barbeque Downs,12500.0,Barbeque Downs,Midrand,Gauteng,House,3.0,2.0,3.0,2.0,191.0,360.0,,,,,"3 Bedroom House in Barbeque Downs, 4 Kyalami View 1, 1 Candican Road, Spacious 3-Bedroom Family Home with Private Garden in Secure Estate! This well-maintained 3-bedroom,",18 Mar 2026,2026-03-27T16:51:59.829159+00:00,to-rent,gauteng,johannesburg-metro,midrand,barbeque-downs
privateproperty,RR4633702,https://www.privateproperty.co.za/to-rent/gauteng/johannesburg-metro/sandton/parkmore/new-brighton/1-allendale-road/RR4633702,4 Bedroom House in New Brighton,29500.0,Parkmore,Sandton,Gauteng,House,4.0,3.0,6.0,2.0,275.0,991.0,,,,,"4 Bedroom House in New Brighton, 1 Allendale Road, Spacious 4-Bed Family Home with Scenic Views in New Brighton Spacious Family Home with Scenic Views",18 Mar 2026,2026-03-27T16:52:02.728681+00:00,to-rent,gauteng,johannesburg-metro,sandton,parkmore
privateproperty,RR4633699,https://www.privateproperty.co.za/to-rent/gauteng/johannesburg-metro/sandton/bryanston/beverley-gardens/RR4633699,2 Bedroom House in Beverley Gardens,13500.0,Bryanston,Sandton,Gauteng,House,2.0,2.5,3.0,,,96.0,,,,,"2 Bedroom House in Beverley Gardens, Discover modern living in this charming cluster home, perfectly situated for rental in the sought-af",18 Mar 2026,2026-03-27T16:52:06.682477+00:00,to-rent,gauteng,johannesburg-metro,sandton,bryanston
privateproperty,RR4633682,https://www.privateproperty.co.za/to-rent/gauteng/johannesburg-metro/sandton/parkmore/RR4633682,4 Bedroom House in Parkmore,27500.0,Parkmore,Sandton,Gauteng,House,4.0,2.0,,,991.0,,,,,,"4 Bedroom House in Parkmore, Secure North-Facing 4-Bedroom Family Home with Cottage & Pool in Parkmore This beautifully position",18 Mar 2026,2026-03-27T16:52:10.368892+00:00,to-rent,gauteng,johannesburg-metro,sandton,parkmore
privateproperty,RR4633578,https://www.privateproperty.co.za/to-rent/gauteng/johannesburg-metro/sandton/dainfern/dainfern-golf-estate/633-dainfern-golf-estate/RR4633578,3 Bedroom House in Dainfern Golf Estate,35000.0,Dainfern,Sandton,Gauteng,House,3.0,2.5,4.0,2.0,,502.0,,,,,"3 Bedroom House in Dainfern Golf Estate, 633 Dainfern Golf Estate, , Stunning 3 Bedroom, 2.5 Bathroom Home in Secure Golf Estate Welcome to your new oasis nestled within",18 Mar 2026,2026-03-27T16:52:13.276509+00:00,to-rent,gauteng,johannesburg-metro,sandton,dainfern
privateproperty,RR4633532,https://www.privateproperty.co.za/to-rent/gauteng/johannesburg-metro/johannesburg-central/sydenham/RR4633532,3 Bedroom House in Sydenham,15000.0,Sydenham,Johannesburg Central,Gauteng,House,3.0,2.5,4.0,2.0,196.0,495.0,,,,Available Now,"3 Bedroom House in Sydenham, 3 Bed 2.5 Bath house to rent in Sydenham Welcome to your charming new home! With a classic design,",18 Mar 2026,2026-03-27T16:52:15.974019+00:00,to-rent,gauteng,johannesburg-metro,johannesburg-central,sydenham
privateproperty,RR4633500,https://www.privateproperty.co.za/to-rent/gauteng/johannesburg-metro/sandton/bryanston/bryanston-east/RR4633500,6 Bedroom House in Bryanston East,60000.0,Bryanston,Sandton,Gauteng,House,6.0,6.0,6.0,2.0,,,,,1.0,Available Now,"6 Bedroom House in Bryanston East, Modern Luxury fully furnished 6-Bedroom 6 bathroom All-En Suite Home To Rent in Bryanston Modern Lu",18 Mar 2026,2026-03-27T16:52:19.067030+00:00,to-rent,gauteng,johannesburg-metro,sandton,bryanston
privateproperty,RR4633482,https://www.privateproperty.co.za/to-rent/gauteng/johannesburg-metro/sandton/dainfern/dainfern-golf-estate/RR4633482,5 Bedroom House in Dainfern Golf Estate,75000.0,Dainfern,Sandton,Gauteng,House,5.0,4.5,6.0,3.0,560.0,1.0,,,,Available Now,"5 Bedroom House in Dainfern Golf Estate, This beautifully designed, architecturally inspired home offers expansive living areas perfectly sui",18 Mar 2026,2026-03-27T16:52:23.199487+00:00,to-rent,gauteng,johannesburg-metro,sandton,dainfern
privateproperty,RR4633475,https://www.privateproperty.co.za/to-rent/gauteng/johannesburg-metro/sandton/broadacres/12-broadacres-drive/RR4633475,3 Bedroom House in Broadacres,23000.0,Broadacres,Sandton,Gauteng,House,3.0,2.5,2.0,2.0,110.0,272.0,,,,,"3 Bedroom House in Broadacres, 12 Broadacres Drive, Three bedroom for rent Spacious andamp Well-Designed Living -Open-plan lounge and kitchen area, p",18 Mar 2026,2026-03-27T16:52:26.006379+00:00,to-rent,gauteng,johannesburg-metro,sandton,broadacres
privateproperty,RR4633463,https://www.privateproperty.co.za/to-rent/gauteng/johannesburg-metro/johannesburg-central/lyndhurst/RR4633463,3 Bedroom House in Lyndhurst,14000.0,Lyndhurst,Johannesburg Central,Gauteng,House,2.0,2.0,4.0,,,,,,,Available Now,"3 Bedroom House in Lyndhurst, 3-Bedroom Family Home for Rent in Lyndhurst R14,000month Spacious home suited for a family, located",18 Mar 2026,2026-03-27T16:52:29.675985+00:00,to-rent,gauteng,johannesburg-metro,johannesburg-central,lyndhurst
privateproperty,RR4633461,https://www.privateproperty.co.za/to-rent/gauteng/johannesburg-metro/sandton/dainfern/dainfern-golf-estate/RR4633461,4 Bedroom House in Dainfern Golf Estate,65000.0,Dainfern,Sandton,Gauteng,House,4.0,2.5,2.0,2.0,430.0,710.0,,,1.0,,"4 Bedroom House in Dainfern Golf Estate, Tastefully furnished four bedroom home. This tastefully, furnished four-bedroom home is situated in",18 Mar 2026,2026-03-27T16:52:32.849307+00:00,to-rent,gauteng,johannesburg-metro,sandton,dainfern
privateproperty,RR4633422,https://www.privateproperty.co.za/to-rent/gauteng/johannesburg-metro/sandton/morningside/RR4633422,5 Bedroom House in Morningside,50000.0,Morningside,Sandton,Gauteng,House,5.0,4.0,2.0,2.0,600.0,1.0,,,,Available Now,"5 Bedroom House in Morningside, Step into a lifestyle of space, comfort, and effortless entertaining with this exceptional double-st",17 Mar 2026,2026-03-27T16:52:36.260079+00:00,to-rent,gauteng,johannesburg-metro,sandton,morningside
privateproperty,RR4633418,https://www.privateproperty.co.za/to-rent/gauteng/johannesburg-metro/soweto/pimville/RR4633418,3 Bedroom House in Pimville,7000.0,Pimville,Soweto,Gauteng,House,3.0,2.0,1.0,1.0,300.0,300.0,,,,,"3 Bedroom House in Pimville, Located in the heart of Pimville Zone 5, this well-maintained 3-bedroom home offers comfort, conveni",17 Mar 2026,2026-03-27T16:52:39.870144+00:00,to-rent,gauteng,johannesburg-metro,soweto,pimville
privateproperty,RR4633377,https://www.privateproperty.co.za/to-rent/gauteng/johannesburg-metro/sandton/hyde-park/RR4633377,5 Bedroom House in Hyde Park,55000.0,Hyde Park,Sandton,Gauteng,House,5.0,3.5,,,470.0,,,,,,"5 Bedroom House in Hyde Park, This beautiful and spacious home is ideally located on 6th Road in the prestigious suburb of Hyde Pa",17 Mar 2026,2026-03-27T16:52:42.485529+00:00,to-rent,gauteng,johannesburg-metro,sandton,hyde-park
privateproperty,RR4633260,https://www.privateproperty.co.za/to-rent/gauteng/johannesburg-metro/sandton/dainfern/dainfern-golf-estate/RR4633260,5 Bedroom House in Dainfern Golf Estate,80000.0,Dainfern,Sandton,Gauteng,House,5.0,5.5,3.0,3.0,681.0,882.0,,,1.0,Available Now,"5 Bedroom House in Dainfern Golf Estate, Fully Furnished Option This striking Balinese-inspired home offers generous proportions, beautiful",17 Mar 2026,2026-03-27T16:52:46.103423+00:00,to-rent,gauteng,johannesburg-metro,sandton,dainfern
privateproperty,RR2623735,https://www.privateproperty.co.za/to-rent/gauteng/johannesburg-metro/north-riding-to-lanseria/boskruin/610-vink-crescent/RR2623735,2 Bedroom House in Boskruin,13000.0,Boskruin,North Riding To Lanseria,Gauteng,House,2.0,2.0,2.0,,,1.0,,,,,"2 Bedroom House in Boskruin, 610 Vink Crescent, A perfect family home nestled in the quiet suburb of Boskruin. A beautifully maintained garden coc",17 Mar 2026,2026-03-27T16:52:49.813971+00:00,to-rent,gauteng,johannesburg-metro,north-riding-to-lanseria,boskruin
privateproperty,RR4633176,https://www.privateproperty.co.za/to-rent/gauteng/johannesburg-metro/randburg/ferndale/5-empire-kat/295-long-avenue/RR4633176,3 Bedroom House in Ferndale,40000.0,Ferndale,Randburg,Gauteng,House,3.0,3.5,2.0,2.0,548.0,4.0,,,,,"3 Bedroom House in Ferndale, 5 Empire Kat, 295 Long Avenue, This beautifully designed modern home offers the perfect blend of comfort, space, and security, situ",17 Mar 2026,2026-03-27T16:52:53.719131+00:00,to-rent,gauteng,johannesburg-metro,randburg,ferndale
privateproperty,RR4633162,https://www.privateproperty.co.za/to-rent/gauteng/johannesburg-metro/sandton/parkmore/new-brighton/RR4633162,4 Bedroom House in New Brighton,29900.0,Parkmore,Sandton,Gauteng,House,4.0,3.0,2.0,1.0,,991.0,,,,,"4 Bedroom House in New Brighton, This beautifully renovated 4-bedroom family home is perfectly positioned in a quiet, well-maintained",17 Mar 2026,2026-03-27T16:53:08.344385+00:00,to-rent,gauteng,johannesburg-metro,sandton,parkmore
privateproperty,RR4633047,https://www.privateproperty.co.za/to-rent/gauteng/johannesburg-metro/bedfordview/morninghill/RR4633047,4 Bedroom House in Morninghill,18000.0,Morninghill,Bedfordview,Gauteng,House,4.0,2.0,2.0,2.0,,,,,,Available Now,"4 Bedroom House in Morninghill, Spacious 4 bedroom house to let in Morninghill 4 Bedroom House to Rent in Morning Hill This spaciou",17 Mar 2026,2026-03-27T16:53:12.268869+00:00,to-rent,gauteng,johannesburg-metro,bedfordview,morninghill
privateproperty,RR4632926,https://www.privateproperty.co.za/to-rent/gauteng/johannesburg-metro/north-riding-to-lanseria/north-riding/57-smit-street/RR4632926,3 Bedroom House in North Riding,25000.0,North Riding,North Riding To Lanseria,Gauteng,House,3.0,1.0,5.0,2.0,267.0,452.0,,,1.0,,"3 Bedroom House in North Riding, 57 Smit Street, Escape to Morocco Vibes - Rent Now! Discover this charming multi-story family home located in a des",17 Mar 2026,2026-03-27T16:53:15.245815+00:00,to-rent,gauteng,johannesburg-metro,north-riding-to-lanseria,north-riding
privateproperty,RR4632909,https://www.privateproperty.co.za/to-rent/gauteng/johannesburg-metro/randburg/randpark/RR4632909,4 Bedroom House in Randpark,20500.0,Randpark,Randburg,Gauteng,House,4.0,2.0,9.0,3.0,,,,,,,"4 Bedroom House in Randpark, This stunning home is an entertainers dream and offers - 4 bedrooms - 2 bathrooms En-suite has bat",17 Mar 2026,2026-03-27T16:53:17.761090+00:00,to-rent,gauteng,johannesburg-metro,randburg,randpark
privateproperty,RR4632891,https://www.privateproperty.co.za/to-rent/gauteng/johannesburg-metro/northcliff/roosevelt-park/franklin-roosevelt-park/RR4632891,3 Bedroom House in Franklin Roosevelt Park,19500.0,Roosevelt Park,Northcliff,Gauteng,House,3.0,2.5,6.0,2.0,334.0,996.0,,,,,"3 Bedroom House in Franklin Roosevelt Park, 3 Bedroom House with Study, Domestic accommodation and Swimming Pool In Roosevelt Park Border Linden",17 Mar 2026,2026-03-27T16:53:20.812621+00:00,to-rent,gauteng,johannesburg-metro,northcliff,roosevelt-park
privateproperty,RR4632781,https://www.privateproperty.co.za/to-rent/gauteng/johannesburg-metro/sandton/kengies/43-stone-crest/69-frederick/RR4632781,3 Bedroom House in Kengies,14000.0,Kengies,Sandton,Gauteng,House,3.0,2.0,1.0,,94.0,,,,,,"3 Bedroom House in Kengies, 43 Stone Crest, 69 Frederick, A modern 3 Bedroom Apartment for Rental at Stone Crest Complex. Discover the perfect blend of comfo",17 Mar 2026,2026-03-27T16:53:25.075491+00:00,to-rent,gauteng,johannesburg-metro,sandton,kengies
privateproperty,RR4632759,https://www.privateproperty.co.za/to-rent/gauteng/johannesburg-metro/sandton/fourways/00-springwood-estate/2-poplar-avenue/RR4632759,3 Bedroom House in Fourways,25000.0,Fourways,Sandton,Gauteng,House,2.0,2.0,2.0,2.0,148.0,,,,1.0,,"3 Bedroom House in Fourways, Springwood Estate, 2 Poplar Avenue, Price negotiable based on needed furniture discussions! This well-designed 3-bedroom home comes ful",17 Mar 2026,2026-03-27T16:53:28.946832+00:00,to-rent,gauteng,johannesburg-metro,sandton,fourways
privateproperty,RR4331043,https://www.privateproperty.co.za/to-rent/gauteng/johannesburg-metro/sandton/norscot/RR4331043,2 Bedroom House in Norscot,11500.0,Norscot,Sandton,Gauteng,House,2.0,2.0,2.0,,,,,,,Available Now,"2 Bedroom House in Norscot, Spacious 2-Bedroom Family Home for Rent in Desirable Neighborhood, We''re excited to present t",17 Mar 2026,2026-03-27T16:53:31.714221+00:00,to-rent,gauteng,johannesburg-metro,sandton,norscot
privateproperty,RR4632658,https://www.privateproperty.co.za/to-rent/gauteng/johannesburg-metro/johannesburg-south/glenvista/195-vorster-avenue/RR4632658,4 Bedroom House in Glenvista,40000.0,Glenvista,Johannesburg South,Gauteng,House,4.0,3.0,2.0,2.0,264.0,1.0,,,,,"4 Bedroom House in Glenvista, 195 Vorster Avenue, Elegant Villa-Style Home with Cottage and Expansive Golf Course Views This elegant villa-style resi",17 Mar 2026,2026-03-27T16:53:35.420971+00:00,to-rent,gauteng,johannesburg-metro,johannesburg-south,glenvista
privateproperty,RR4632535,https://www.privateproperty.co.za/to-rent/gauteng/johannesburg-metro/north-riding-to-lanseria/sundowner/RR4632535,6 Bedroom House in Sundowner,27500.0,Sundowner,North Riding To Lanseria,Gauteng,House,6.0,3.0,4.0,2.0,474.0,1.0,,,,Available Now,"6 Bedroom House in Sundowner, Large 6 bedroom family home available to let in Sundowner A spacious and well-appointed family home",17 Mar 2026,2026-03-27T16:53:39.002897+00:00,to-rent,gauteng,johannesburg-metro,north-riding-to-lanseria,sundowner
privateproperty,RR4632532,https://www.privateproperty.co.za/to-rent/gauteng/johannesburg-metro/northcliff/quellerina/RR4632532,8 Bedroom House in Quellerina,35000.0,Quellerina,Northcliff,Gauteng,House,8.0,5.0,16.0,7.0,900.0,,,,,Available Now,"8 Bedroom House in Quellerina, This exquisite property offers the perfect blend of luxury, space, and versatilityideal for extended",17 Mar 2026,2026-03-27T16:53:41.915550+00:00,to-rent,gauteng,johannesburg-metro,northcliff,quellerina
privateproperty,RR4470052,https://www.privateproperty.co.za/to-rent/gauteng/johannesburg-metro/johannesburg-south/winchester-hills/9-kuneni/RR4470052,1 Bedroom House in Winchester Hills,4500.0,Winchester Hills,Johannesburg South,Gauteng,House,1.0,1.0,,,,,,,,Available Now,"1 Bedroom House in Winchester Hills, 9 Kuneni, 1 Bedroom unit available immediately at 4500.00",17 Mar 2026,2026-03-27T16:53:44.761901+00:00,to-rent,gauteng,johannesburg-metro,johannesburg-south,winchester-hills
privateproperty,RR4528278,https://www.privateproperty.co.za/to-rent/gauteng/johannesburg-metro/midrand/glen-austin/glen-austin-ah/106-pitzer-road/RR4528278,3 Bedroom House in Glen Austin AH,13000.0,Glen Austin,Midrand,Gauteng,House,3.0,2.0,7.0,2.0,190.0,,,,,,"3 Bedroom House in Glen Austin AH, 106 Pitzer Road, Nestled on 2.5 acres of serene countryside, 106 Pitzer Road offers the perfect blend of charm, space",17 Mar 2026,2026-03-27T16:53:48.858442+00:00,to-rent,gauteng,johannesburg-metro,midrand,glen-austin
privateproperty,RR4632409,https://www.privateproperty.co.za/to-rent/gauteng/johannesburg-metro/midrand/helderfontein-estate/RR4632409,4 Bedroom House in Helderfontein Estate,50000.0,Helderfontein Estate,Midrand,Gauteng,House,4.0,3.5,4.0,2.0,416.0,715.0,,,1.0,,"4 Bedroom House in Helderfontein Estate, Situated in the prestigious Helderfontein Eco Estate, this exceptional family home offers an elegant",17 Mar 2026,2026-03-27T16:53:52.488860+00:00,to-rent,gauteng,johannesburg-metro,midrand,helderfontein-estate
privateproperty,RR4632356,https://www.privateproperty.co.za/to-rent/gauteng/johannesburg-metro/sandton/paulshof/RR4632356,5 Bedroom House in Paulshof,34500.0,Paulshof,Sandton,Gauteng,House,5.0,4.0,5.0,3.0,,,,,,Available Now,"5 Bedroom House in Paulshof, This is the kind of home where memories are made. From the moment you walk in, you''ll feel the warm",17 Mar 2026,2026-03-27T16:53:55.468152+00:00,to-rent,gauteng,johannesburg-metro,sandton,paulshof
privateproperty,RR4632303,https://www.privateproperty.co.za/to-rent/gauteng/johannesburg-metro/sandton/fourways-gardens/RR4632303,4 Bedroom House in Fourways Gardens,50000.0,Fourways Gardens,Sandton,Gauteng,House,4.0,3.5,4.0,2.0,,,,,1.0,AVAILABLE 15 JUNE 2026,"4 Bedroom House in Fourways Gardens, Luxury 4 Bedroom Home in Fourways Gardens AVAILABLE 15 JUNE 2026 This spacious and beautifully appo",17 Mar 2026,2026-03-27T16:53:58.419233+00:00,to-rent,gauteng,johannesburg-metro,sandton,fourways-gardens
privateproperty,RR4632290,https://www.privateproperty.co.za/to-rent/gauteng/johannesburg-metro/sandton/woodmead/RR4632290,3 Bedroom House in Woodmead,28900.0,Woodmead,Sandton,Gauteng,House,3.0,2.0,4.0,2.0,,,,,,Available Now,"3 Bedroom House in Woodmead, Three Bedroom Family Home A well-located freestanding home in the sought-after Woodmead area is ava",17 Mar 2026,2026-03-27T16:54:02.451839+00:00,to-rent,gauteng,johannesburg-metro,sandton,woodmead
privateproperty,RR3229850,https://www.privateproperty.co.za/to-rent/gauteng/johannesburg-metro/johannesburg-central/kensington/RR3229850,2 Bedroom House in Kensington,11000.0,Kensington,Johannesburg Central,Gauteng,House,2.0,2.0,1.0,,,,,,,,"2 Bedroom House in Kensington, NEWLY PAINTED Cozy family home available from the 1st of April. 2 bedrooms main en-suite , 2 bathr",17 Mar 2026,2026-03-27T16:54:05.116183+00:00,to-rent,gauteng,johannesburg-metro,johannesburg-central,kensington
privateproperty,RR4329848,https://www.privateproperty.co.za/to-rent/gauteng/johannesburg-metro/sandton/hurlingham-manor/29-riesling-crescent/RR4329848,4 Bedroom House in Hurlingham Manor,35000.0,Hurlingham Manor,Sandton,Gauteng,House,4.0,3.5,4.0,2.0,,825.0,,,,,"4 Bedroom House in Hurlingham Manor, 29 Riesling Crescent, Nestled in the sought-after suburb of Hurlingham Manor, this delightful family home offers an except",17 Mar 2026,2026-03-27T16:54:08.456440+00:00,to-rent,gauteng,johannesburg-metro,sandton,hurlingham-manor
privateproperty,RR4632243,https://www.privateproperty.co.za/to-rent/gauteng/johannesburg-metro/sandton/dainfern-valley/RR4632243,4 Bedroom House in Dainfern Valley,48000.0,Dainfern Valley,Sandton,Gauteng,House,4.0,3.5,2.0,2.0,450.0,1.0,,,,Available Now,"4 Bedroom House in Dainfern Valley, A home that exudes a unique charm of its own. One not to miss. This magnificent four-bedroom residen",16 Mar 2026,2026-03-27T16:54:11.186701+00:00,to-rent,gauteng,johannesburg-metro,sandton,dainfern-valley
privateproperty,RR4632238,https://www.privateproperty.co.za/to-rent/gauteng/johannesburg-metro/sandton/bryanston/bryanston-east/RR4632238,6 Bedroom House in Bryanston East,65000.0,Bryanston,Sandton,Gauteng,House,6.0,6.0,10.0,2.0,,,,,1.0,Available Now,"6 Bedroom House in Bryanston East, modern Luxury fully furnished 6-Bedroom All-En Suite Home To Rent in Bryanston, Johannesburg Modern",16 Mar 2026,2026-03-27T16:54:15.477635+00:00,to-rent,gauteng,johannesburg-metro,sandton,bryanston
privateproperty,RR4632190,https://www.privateproperty.co.za/to-rent/gauteng/johannesburg-metro/sandton/hyde-park/RR4632190,4 Bedroom House in Hyde Park,50000.0,Hyde Park,Sandton,Gauteng,House,4.0,3.5,4.0,2.0,450.0,,,,,Available Now,"4 Bedroom House in Hyde Park, 4 Bedroom House to Rent in Hyde Park Set in the prestigious suburb of Hyde Park, this elegant resid",16 Mar 2026,2026-03-27T16:54:19.551083+00:00,to-rent,gauteng,johannesburg-metro,sandton,hyde-park
privateproperty,RR4632187,https://www.privateproperty.co.za/to-rent/gauteng/johannesburg-metro/sandton/dainfern/RR4632187,3 Bedroom House in Dainfern,24000.0,Dainfern,Sandton,Gauteng,House,3.0,2.5,2.0,2.0,157.0,,,,,Available 1 April 2026,"3 Bedroom House in Dainfern, Absolutely ideal for either growing families or empty nesters, this blue-chip home also offers an ad",16 Mar 2026,2026-03-27T16:54:22.473260+00:00,to-rent,gauteng,johannesburg-metro,sandton,dainfern
privateproperty,RR4632137,https://www.privateproperty.co.za/to-rent/gauteng/johannesburg-metro/midrand/clayville/1402nox-clayville/1-clayville-37/RR4632137,3 Bedroom House in Clayville,8000.0,Clayville,Midrand,Gauteng,House,2.0,2.0,2.0,,,,,,,Available Now,"3 Bedroom House in Clayville, 1402NOX Clayville, 1 Clayville 37, This neat and well-maintained 3-bedroom, 2-bathroom freestanding home is situated in a secure boomed",16 Mar 2026,2026-03-27T16:54:25.595320+00:00,to-rent,gauteng,johannesburg-metro,midrand,clayville
privateproperty,RR4632119,https://www.privateproperty.co.za/to-rent/gauteng/johannesburg-metro/johannesburg-south/gillview/999-erica-street/RR4632119,4 Bedroom House in Gillview,12500.0,Gillview,Johannesburg South,Gauteng,House,4.0,3.0,3.0,2.0,,779.0,,,,,"4 Bedroom House in Gillview, 999 Erica Street, ON SHOW THIS SATURDAY 28 MARCH 2026 FROM 10:30AM TO 11:30AM This wellmaintained property offers the",16 Mar 2026,2026-03-27T16:54:28.793777+00:00,to-rent,gauteng,johannesburg-metro,johannesburg-south,gillview
privateproperty,RR4631917,https://www.privateproperty.co.za/to-rent/gauteng/johannesburg-metro/midrand/country-view/363-azalea-ave/RR4631917,1 Bedroom House in Country View,9600.0,Country View,Midrand,Gauteng,House,1.0,1.0,,,56.0,,,,1.0,Available Now,"1 Bedroom House in Country View, 363 Azalea Ave, This beautifully presented 1 bedroom fully furnished apartment is located within a secure and well-m",16 Mar 2026,2026-03-27T16:54:32.328915+00:00,to-rent,gauteng,johannesburg-metro,midrand,country-view
privateproperty,RR4631883,https://www.privateproperty.co.za/to-rent/gauteng/johannesburg-metro/sandton/dainfern/dainfern-golf-estate/RR4631883,4 Bedroom House in Dainfern Golf Estate,55000.0,Dainfern,Sandton,Gauteng,House,4.0,3.5,2.0,2.0,410.0,742.0,,,,Available Now,"4 Bedroom House in Dainfern Golf Estate, Renovated split level home within walking distance to the school and clubhouse. This renovated split",16 Mar 2026,2026-03-27T16:54:36.647757+00:00,to-rent,gauteng,johannesburg-metro,sandton,dainfern
privateproperty,RR4631774,https://www.privateproperty.co.za/to-rent/gauteng/johannesburg-metro/sandton/craigavon/witkoppen/RR4631774,3 Bedroom House in Witkoppen,30000.0,Craigavon,Sandton,Gauteng,House,3.0,2.5,2.0,2.0,366.0,,,,,,"3 Bedroom House in Witkoppen, This modern double-storey home offers the perfect blend of style, comfort, and security within a sou",16 Mar 2026,2026-03-27T16:54:39.841017+00:00,to-rent,gauteng,johannesburg-metro,sandton,craigavon
privateproperty,RR4631680,https://www.privateproperty.co.za/to-rent/gauteng/johannesburg-metro/johannesburg-south/kibler-park/RR4631680,11 Bedroom House in Kibler Park,4800.0,Kibler Park,Johannesburg South,Gauteng,House,11.0,1.0,1.0,,,,,,,Available Now,"11 Bedroom House in Kibler Park, Charming 1-Bedroom Garden Cottage to Rent in Kibler Park Where style, convenience, and security mee",16 Mar 2026,2026-03-27T16:54:42.523396+00:00,to-rent,gauteng,johannesburg-metro,johannesburg-south,kibler-park
privateproperty,RR4631600,https://www.privateproperty.co.za/to-rent/gauteng/johannesburg-metro/midrand/waterfall-estate/waterfall-country-estate/RR4631600,4 Bedroom House in Waterfall Country Estate,65000.0,Waterfall Estate,Midrand,Gauteng,House,4.0,4.5,3.0,3.0,,1.0,,,,,"4 Bedroom House in Waterfall Country Estate, Nestled within the prestigious Waterfall Country Estate, this beautifully designed 4-bedroom, 4.5-ba",16 Mar 2026,2026-03-27T16:54:46.046406+00:00,to-rent,gauteng,johannesburg-metro,midrand,waterfall-estate
privateproperty,RR4631533,https://www.privateproperty.co.za/to-rent/gauteng/johannesburg-metro/johannesburg-central/sandringham/RR4631533,4 Bedroom House in Sandringham,16000.0,Sandringham,Johannesburg Central,Gauteng,House,2.0,2.0,2.0,,981.0,,,,,,"4 Bedroom House in Sandringham, Indoor outdoor Lifestyle with sparkling pool in an established garden, open plan receptions Well fi",16 Mar 2026,2026-03-27T16:54:50.277671+00:00,to-rent,gauteng,johannesburg-metro,johannesburg-central,sandringham
privateproperty,RR4631530,https://www.privateproperty.co.za/to-rent/gauteng/johannesburg-metro/sandton/bryanston/8-westminster-avenue/RR4631530,3 Bedroom House in Bryanston,42000.0,Bryanston,Sandton,Gauteng,House,3.0,3.0,2.0,2.0,258.0,302.0,,,0.0,Available Now,"3 Bedroom House in Bryanston, 8 Westminster Avenue, Modern Bryanston Unfurnished Rental: Contemporary Living with Private Pool and Security. This conte",16 Mar 2026,2026-03-27T16:54:52.922076+00:00,to-rent,gauteng,johannesburg-metro,sandton,bryanston
privateproperty,RR4631525,https://www.privateproperty.co.za/to-rent/gauteng/johannesburg-metro/randburg/randpark-ridge/RR4631525,3 Bedroom House in Randpark Ridge,17000.0,Randpark Ridge,Randburg,Gauteng,House,3.0,1.0,2.0,2.0,,,,,,Available Now,"3 Bedroom House in Randpark Ridge, Charming 3-Bedroom Home with Garden in Randpark Ridge Discover this inviting 3-bedroom, 2-bathroom",16 Mar 2026,2026-03-27T16:54:57.166729+00:00,to-rent,gauteng,johannesburg-metro,randburg,randpark-ridge
privateproperty,RR4631473,https://www.privateproperty.co.za/to-rent/gauteng/johannesburg-metro/johannesburg-central/sydenham/RR4631473,3 Bedroom House in Sydenham,15000.0,Sydenham,Johannesburg Central,Gauteng,House,3.0,1.0,1.0,1.0,,1.0,,,,,"3 Bedroom House in Sydenham, PET FRIENDLY SPACIOUS Comfortable home separate Lounge Dining Room Well fitted Kitchen with Hob &",16 Mar 2026,2026-03-27T16:55:00.320083+00:00,to-rent,gauteng,johannesburg-metro,johannesburg-central,sydenham
privateproperty,RR4631466,https://www.privateproperty.co.za/to-rent/gauteng/johannesburg-metro/midrand/kyalami/kyalami-glen-estate/RR4631466,4 Bedroom House in Kyalami Glen Estate,24000.0,Kyalami,Midrand,Gauteng,House,4.0,4.0,2.0,2.0,420.0,733.0,,,,Available Now,"4 Bedroom House in Kyalami Glen Estate, Comfortable 4-Bedroom Family Home to Rent in a Secure Estate This well-designed family home is loca",16 Mar 2026,2026-03-27T16:55:04.081720+00:00,to-rent,gauteng,johannesburg-metro,midrand,kyalami
privateproperty,RR4631419,https://www.privateproperty.co.za/to-rent/gauteng/johannesburg-metro/randburg/cedar-lakes/RR4631419,4 Bedroom House in Cedar Lakes,47500.0,Cedar Lakes,Randburg,Gauteng,House,4.0,4.5,3.0,3.0,600.0,1.0,,,,,"4 Bedroom House in Cedar Lakes, Easy living . . . just beautiful . . . best position . . . Welcoming, under-cover double volume entr",16 Mar 2026,2026-03-27T16:55:08.025261+00:00,to-rent,gauteng,johannesburg-metro,randburg,cedar-lakes
privateproperty,RR4630797,https://www.privateproperty.co.za/to-rent/gauteng/johannesburg-metro/midrand/olifantsfontein/RR4630797,4 Bedroom House in Olifantsfontein,52000.0,Olifantsfontein,Midrand,Gauteng,House,4.0,4.0,7.0,3.0,346.0,1.0,,,,,"4 Bedroom House in Olifantsfontein, Exquisite 4 Beds, 4 Baths and 3 Garages in popular but Private Midstream Heights. R60k with Furnitu",16 Mar 2026,2026-03-27T16:55:12.002065+00:00,to-rent,gauteng,johannesburg-metro,midrand,olifantsfontein
privateproperty,RR4631330,https://www.privateproperty.co.za/to-rent/gauteng/johannesburg-metro/northcliff/melville/RR4631330,4 Bedroom House in Melville,4950.0,Melville,Northcliff,Gauteng,House,4.0,2.0,1.0,1.0,150.0,495.0,,,,Available Now,"4 Bedroom House in Melville, Freshly renovated studio rooms 4 available in a shared house in the heart of Melville. The property",16 Mar 2026,2026-03-27T16:55:15.416091+00:00,to-rent,gauteng,johannesburg-metro,northcliff,melville
privateproperty,RR4631305,https://www.privateproperty.co.za/to-rent/gauteng/johannesburg-metro/north-riding-to-lanseria/nooitgedacht/nietgedacht-ah/22196-coyote-lion-pride/corner-oslo-street-elephant-street/RR4631305,3 Bedroom House in Nietgedacht AH,25000.0,Nooitgedacht,North Riding To Lanseria,Gauteng,House,3.0,2.0,2.0,,,,,,1.0,Available Now,"3 Bedroom House in Nietgedacht AH, 22196 Coyote Lion Pride, Corner Oslo street, Elephant Street, FULLY FURNISHED Welcome to your peaceful home, perfectly placed between Lanseria Airport, Montecasi",16 Mar 2026,2026-03-27T16:55:19.420761+00:00,to-rent,gauteng,johannesburg-metro,north-riding-to-lanseria,nooitgedacht
privateproperty,RR4631296,https://www.privateproperty.co.za/to-rent/gauteng/johannesburg-metro/north-riding-to-lanseria/northgate/9-bavitana-complex/8-aureole-avenue/RR4631296,2 Bedroom House in Northgate,7800.0,Northgate,North Riding To Lanseria,Gauteng,House,2.0,1.0,2.0,,55.0,,,,,Available Now,"2 Bedroom House in Northgate, 9 Bavitana Complex, 8 Aureole Avenue, This neat ground floor apartment in the well-maintained Bavitana Complex offers comfortable and conv",16 Mar 2026,2026-03-27T16:55:23.595111+00:00,to-rent,gauteng,johannesburg-metro,north-riding-to-lanseria,northgate
privateproperty,RR4631244,https://www.privateproperty.co.za/to-rent/gauteng/johannesburg-metro/midrand/halfway-gardens/RR4631244,3 Bedroom House in Halfway Gardens,15000.0,Halfway Gardens,Midrand,Gauteng,House,3.0,2.0,2.0,1.0,,120.0,,,,Available Now,"3 Bedroom House in Halfway Gardens, Welcome to this well-maintained 3-bedroom, 2-bathroom simplex home located in the sought-after Const",16 Mar 2026,2026-03-27T16:55:39.529306+00:00,to-rent,gauteng,johannesburg-metro,midrand,halfway-gardens
privateproperty,RR4631212,https://www.privateproperty.co.za/to-rent/gauteng/johannesburg-metro/midrand/noordwyk/RR4631212,4 Bedroom House in Noordwyk,19000.0,Noordwyk,Midrand,Gauteng,House,4.0,2.5,4.0,2.0,200.0,,,,,,"4 Bedroom House in Noordwyk, 4 Bedroom Home To Rent | Pet Friendly | Herons View Estate Welcome home to comfort, style, and secu",16 Mar 2026,2026-03-27T16:55:42.920429+00:00,to-rent,gauteng,johannesburg-metro,midrand,noordwyk
privateproperty,RR4631211,https://www.privateproperty.co.za/to-rent/gauteng/johannesburg-metro/rosebank-and-parktown/highlands-north/RR4631211,3 Bedroom House in Highlands North,14000.0,Highlands North,Rosebank And Parktown,Gauteng,House,3.0,1.0,5.0,1.0,495.0,496.0,,,,Available Now,"3 Bedroom House in Highlands North, Spacious Family Home in Prime Highlands North Location This well-located 3-bedroom home in the hear",16 Mar 2026,2026-03-27T16:55:46.064916+00:00,to-rent,gauteng,johannesburg-metro,rosebank-and-parktown,highlands-north
privateproperty,RR4631195,https://www.privateproperty.co.za/to-rent/gauteng/johannesburg-metro/midrand/helderfontein-estate/RR4631195,5 Bedroom House in Helderfontein Estate,95000.0,Helderfontein Estate,Midrand,Gauteng,House,5.0,5.5,5.0,3.0,920.0,1.0,,,0.0,,"5 Bedroom House in Helderfontein Estate, Situated within the prestigious Helderfontein Estate and moments from Steyn City and Dainfern, this",16 Mar 2026,2026-03-27T16:55:49.638623+00:00,to-rent,gauteng,johannesburg-metro,midrand,helderfontein-estate
privateproperty,RR4631188,https://www.privateproperty.co.za/to-rent/gauteng/johannesburg-metro/north-riding-to-lanseria/jackal-creek-northriding/RR4631188,3 Bedroom House in Jackal Creek (Northriding),18000.0,Jackal Creek Northriding,North Riding To Lanseria,Gauteng,House,3.0,3.0,2.0,2.0,200.0,,,,,,"3 Bedroom House in Jackal Creek (Northriding), Spacious and well-maintained 3-bedroom, 3-bathroom freestanding home available in the secure and hig",16 Mar 2026,2026-03-27T16:55:52.553351+00:00,to-rent,gauteng,johannesburg-metro,north-riding-to-lanseria,jackal-creek-northriding
privateproperty,RR4631184,https://www.privateproperty.co.za/to-rent/gauteng/johannesburg-metro/midrand/clayville/888nd-clayville/1-clayville-37/RR4631184,3 Bedroom House in Clayville,8000.0,Clayville,Midrand,Gauteng,House,2.0,2.0,2.0,,,,,,,Available Now,"3 Bedroom House in Clayville, 888ND Clayville, 1 Clayville 37, Neat and well-maintained 3-bedroom, 2-bathroom freestanding home available in a secure boomed-off st",16 Mar 2026,2026-03-27T16:55:56.780182+00:00,to-rent,gauteng,johannesburg-metro,midrand,clayville
privateproperty,RR4527530,https://www.privateproperty.co.za/to-rent/gauteng/johannesburg-metro/sandton/kelvin/RR4527530,6 Bedroom House in Kelvin,23000.0,Kelvin,Sandton,Gauteng,House,4.0,1.0,2.0,2.0,,,,,,Available Now,"6 Bedroom House in Kelvin, Spacious Family Home for Rent Kelvin, Sandton Johannesburg Prime, Secure Location Looking for c",15 Mar 2026,2026-03-27T16:56:00.246099+00:00,to-rent,gauteng,johannesburg-metro,sandton,kelvin
privateproperty,RR4631139,https://www.privateproperty.co.za/to-rent/gauteng/johannesburg-metro/bedfordview/bedfordview/RR4631139,3 Bedroom House in Bedfordview,27000.0,Bedfordview,Bedfordview,Gauteng,House,3.0,2.5,4.0,,,,,,,Available Now,"3 Bedroom House in Bedfordview, A Lovely Place to Call Home Beautiful House for Rent. Spacious 3-Bedroom Home with Indoor Heated P",15 Mar 2026,2026-03-27T16:56:03.111256+00:00,to-rent,gauteng,johannesburg-metro,bedfordview,bedfordview
privateproperty,RR4631126,https://www.privateproperty.co.za/to-rent/gauteng/johannesburg-metro/soweto/protea-glen/RR4631126,1 Bedroom House in Protea Glen,2000.0,Protea Glen,Soweto,Gauteng,House,1.0,1.0,,,,,,,,Available Now,"1 Bedroom House in Protea Glen, Bachelor unit is available in Protea Glen Ext28, the property is well situated just a street away to",15 Mar 2026,2026-03-27T16:56:05.915644+00:00,to-rent,gauteng,johannesburg-metro,soweto,protea-glen
privateproperty,RR4631053,https://www.privateproperty.co.za/to-rent/gauteng/johannesburg-metro/north-riding-to-lanseria/kya-sands/1-kya-sands-estate/1-main-road/RR4631053,2 Bedroom House in Kya Sands,6600.0,Kya Sands,North Riding To Lanseria,Gauteng,House,2.0,1.0,5.0,,50.0,260.0,,,,,"2 Bedroom House in Kya Sands, 1 Kya Sands Estate, 1 Main Road, Neat Free Standing 2 Bed 1 Bath Rental Offer This neat and well-maintained 2-bedroom, free standing",15 Mar 2026,2026-03-27T16:56:10.106971+00:00,to-rent,gauteng,johannesburg-metro,north-riding-to-lanseria,kya-sands
privateproperty,RR4631038,https://www.privateproperty.co.za/to-rent/gauteng/johannesburg-metro/midrand/noordwyk/ma302-erand-court/1-vodaworld/RR4631038,1 Bedroom House in Noordwyk,6500.0,Noordwyk,Midrand,Gauteng,House,1.0,1.0,1.0,,,,,,,Available Now,"1 Bedroom House in Noordwyk, MA302 Erand Court, 1 Vodaworld, 1-Bedroom Apartment for Rent in Erand Court Enjoy comfortable and secure living in this neat, well-",14 Mar 2026,2026-03-27T16:56:12.996216+00:00,to-rent,gauteng,johannesburg-metro,midrand,noordwyk
privateproperty,RR4631037,https://www.privateproperty.co.za/to-rent/gauteng/johannesburg-metro/midrand/clayville/ma301-clayville-37/1-clayvill-37/RR4631037,3 Bedroom House in Clayville,8000.0,Clayville,Midrand,Gauteng,House,2.0,2.0,2.0,,,,,,,Available Now,"3 Bedroom House in Clayville, MA301 Clayville 37, 1 Clayvill 37, 3-Bedroom Freestanding House for Rent Clayville Extension 37 This neat and well-maintained 3-bedro",14 Mar 2026,2026-03-27T16:56:16.346079+00:00,to-rent,gauteng,johannesburg-metro,midrand,clayville
privateproperty,RR4631004,https://www.privateproperty.co.za/to-rent/gauteng/johannesburg-metro/johannesburg-south/oakdene/RR4631004,1 Bedroom House in Oakdene,5300.0,Oakdene,Johannesburg South,Gauteng,House,1.0,1.0,,,15.0,500.0,,,1.0,,"1 Bedroom House in Oakdene, One fully furnished bedroom is available for a single person in a shared house, offering breathtakin",14 Mar 2026,2026-03-27T16:56:18.903102+00:00,to-rent,gauteng,johannesburg-metro,johannesburg-south,oakdene
privateproperty,RR4630997,https://www.privateproperty.co.za/to-rent/gauteng/johannesburg-metro/midrand/glen-austin/glen-austin-ah/470-fiet-star/73-anne-road/RR4630997,1 Bedroom House in Glen Austin AH,10000.0,Glen Austin,Midrand,Gauteng,House,1.0,1.0,,,,90.0,,,1.0,Available Now,"1 Bedroom House in Glen Austin AH, 470 Fiet Star, 73 ANNE ROAD, Discover this beautifully renovated and fully furnished cottage, offering a perfect blend of comfort",14 Mar 2026,2026-03-27T16:56:22.843876+00:00,to-rent,gauteng,johannesburg-metro,midrand,glen-austin
privateproperty,RR4630978,https://www.privateproperty.co.za/to-rent/gauteng/johannesburg-metro/northcliff/westdene/RR4630978,5 Bedroom House in Westdene,3500.0,Westdene,Northcliff,Gauteng,House,5.0,5.0,5.0,,,941.0,,,1.0,,"5 Bedroom House in Westdene, Price starting from R3500-R8000 Wake up to peaceful lake views in this beautifully designed luxury",14 Mar 2026,2026-03-27T16:56:26.519747+00:00,to-rent,gauteng,johannesburg-metro,northcliff,westdene
privateproperty,RR4630953,https://www.privateproperty.co.za/to-rent/gauteng/johannesburg-metro/sandton/bryanston/095-the-fitzroy/49-arklow-road/RR4630953,4 Bedroom House in Bryanston,32000.0,Bryanston,Sandton,Gauteng,House,4.0,4.5,2.0,2.0,229.0,,,,,,"4 Bedroom House in Bryanston, 95 The Fitzroy, 49 Arklow Road, Modern, Trendy, Cluster with inverter and solar panels. This lovely, modern and trendy cluster home",14 Mar 2026,2026-03-27T16:56:29.362492+00:00,to-rent,gauteng,johannesburg-metro,sandton,bryanston
privateproperty,RR4630933,https://www.privateproperty.co.za/to-rent/gauteng/johannesburg-metro/midrand/halfway-gardens/RR4630933,4 Bedroom House in Halfway Gardens,19000.0,Halfway Gardens,Midrand,Gauteng,House,3.0,3.0,2.0,2.0,251.0,252.0,,,,Available Now,"4 Bedroom House in Halfway Gardens, Spacious 4 Bedroom Double-Storey Home To Rent Available Immediately This beautiful double-storey ho",14 Mar 2026,2026-03-27T16:56:32.067224+00:00,to-rent,gauteng,johannesburg-metro,midrand,halfway-gardens
privateproperty,RR4630926,https://www.privateproperty.co.za/to-rent/gauteng/johannesburg-metro/north-riding-to-lanseria/olivedale/RR4630926,2 Bedroom House in Olivedale,10250.0,Olivedale,North Riding To Lanseria,Gauteng,House,2.0,1.0,4.0,2.0,113.0,,,,,Available Now,"2 Bedroom House in Olivedale, This is a delightful two bedroomed unit with a loft and double garage. Below are the property featu",14 Mar 2026,2026-03-27T16:56:36.253418+00:00,to-rent,gauteng,johannesburg-metro,north-riding-to-lanseria,olivedale
privateproperty,RR4630924,https://www.privateproperty.co.za/to-rent/gauteng/johannesburg-metro/bedfordview/bedfordview/RR4630924,3 Bedroom House in Bedfordview,25000.0,Bedfordview,Bedfordview,Gauteng,House,3.0,2.5,4.0,,,,,,,Available Now,"3 Bedroom House in Bedfordview, Whether youre looking to house a growing family or scale your business, this versatile Bedfordview e",14 Mar 2026,2026-03-27T16:56:40.083288+00:00,to-rent,gauteng,johannesburg-metro,bedfordview,bedfordview
privateproperty,RR4630916,https://www.privateproperty.co.za/to-rent/gauteng/johannesburg-metro/midrand/halfway-gardens/RR4630916,4 Bedroom House in Halfway Gardens,20000.0,Halfway Gardens,Midrand,Gauteng,House,4.0,3.0,1.0,1.0,,,,,,Available Now,"4 Bedroom House in Halfway Gardens, Spacious 4-Bedroom Home to Rent in Halfway Gardens, Midrand Welcome to this beautiful and spacious",14 Mar 2026,2026-03-27T16:56:44.393932+00:00,to-rent,gauteng,johannesburg-metro,midrand,halfway-gardens
privateproperty,RR4630853,https://www.privateproperty.co.za/to-rent/gauteng/johannesburg-metro/midrand/summerset/RR4630853,4 Bedroom House in Summerset,19450.0,Summerset,Midrand,Gauteng,House,1.0,2.5,2.0,2.0,,,,,,Available Now,"4 Bedroom House in Summerset, Welcome to this immaculate family home located in one of Midrands most sought-after suburbs. Featuri",14 Mar 2026,2026-03-27T16:56:47.139485+00:00,to-rent,gauteng,johannesburg-metro,midrand,summerset
privateproperty,RR4334924,https://www.privateproperty.co.za/to-rent/gauteng/johannesburg-metro/midrand/noordwyk/RR4334924,3 Bedroom House in Noordwyk,15000.0,Noordwyk,Midrand,Gauteng,House,3.0,2.0,4.0,2.0,305.0,282.0,,,,Available Now,"3 Bedroom House in Noordwyk, For Rent: Stunning 3-Bedroom, 2-Bathroom Single-Story Home in Noordwyk Looking for a perfect family",14 Mar 2026,2026-03-27T16:56:50.418751+00:00,to-rent,gauteng,johannesburg-metro,midrand,noordwyk
privateproperty,RR4630827,https://www.privateproperty.co.za/to-rent/gauteng/johannesburg-metro/sandton/bryanston/RR4630827,4 Bedroom House in Bryanston,38000.0,Bryanston,Sandton,Gauteng,House,4.0,4.0,2.0,2.0,,,,,1.0,Available Now,"4 Bedroom House in Bryanston, 4 Bedroom Fully Furnished House for Rent in Bryanston. This beautiful 4 bedroom 3.5 bathroom fully",13 Mar 2026,2026-03-27T16:56:53.347908+00:00,to-rent,gauteng,johannesburg-metro,sandton,bryanston
privateproperty,RR4630821,https://www.privateproperty.co.za/to-rent/gauteng/johannesburg-metro/sandton/craigavon/RR4630821,3 Bedroom House in Craigavon,17000.0,Craigavon,Sandton,Gauteng,House,2.5,2.5,4.0,2.0,164.0,164.0,,,1.0,,"3 Bedroom House in Craigavon, Beautiful standalone 3-bedroom townhouse available for rent, offering space, privacy, and modern con",13 Mar 2026,2026-03-27T16:56:57.169407+00:00,to-rent,gauteng,johannesburg-metro,sandton,craigavon
privateproperty,RR4630817,https://www.privateproperty.co.za/to-rent/gauteng/johannesburg-metro/sandton/sandown/RR4630817,4 Bedroom House in Sandown,50000.0,Sandown,Sandton,Gauteng,House,4.0,3.0,2.0,2.0,562.0,,,,,,"4 Bedroom House in Sandown, Exquisite 4 Bed Cluster for Rent in Sandown Sandton Experience refined living in this elegant 4 bed",13 Mar 2026,2026-03-27T16:57:00.118589+00:00,to-rent,gauteng,johannesburg-metro,sandton,sandown
privateproperty,RR4630803,https://www.privateproperty.co.za/to-rent/gauteng/johannesburg-metro/rosebank-and-parktown/parkhurst/RR4630803,3 Bedroom House in Parkhurst,27000.0,Parkhurst,Rosebank And Parktown,Gauteng,House,3.0,2.0,5.0,2.0,,495.0,,,,,"3 Bedroom House in Parkhurst, Spacious Parkhurst home. This lovely family home is available to rent from 1st May. Back up solar.",13 Mar 2026,2026-03-27T16:57:02.698566+00:00,to-rent,gauteng,johannesburg-metro,rosebank-and-parktown,parkhurst
privateproperty,RR4630786,https://www.privateproperty.co.za/to-rent/gauteng/johannesburg-metro/sandton/sunninghill/RR4630786,3 Bedroom House in Sunninghill,26000.0,Sunninghill,Sandton,Gauteng,House,3.0,2.0,4.0,2.0,,,,,,,"3 Bedroom House in Sunninghill, Modern 3-Bed Townhouse in Secure Sunninghill Estate with Private Garden. This modern 3-bedroom, 2.5",13 Mar 2026,2026-03-27T16:57:06.332726+00:00,to-rent,gauteng,johannesburg-metro,sandton,sunninghill
privateproperty,RR4630735,https://www.privateproperty.co.za/to-rent/gauteng/johannesburg-metro/johannesburg-south/winchester-hills/RR4630735,4 Bedroom House in Winchester Hills,13000.0,Winchester Hills,Johannesburg South,Gauteng,House,4.0,2.0,8.0,,,1.0,,,,,"4 Bedroom House in Winchester Hills, 4 Bedroom house to rent in Winchester Looking for a perfect space Winchester Hills near freeway",13 Mar 2026,2026-03-27T16:57:10.480354+00:00,to-rent,gauteng,johannesburg-metro,johannesburg-south,winchester-hills
privateproperty,RR4630709,https://www.privateproperty.co.za/to-rent/gauteng/johannesburg-metro/johannesburg-central/bezuidenhout-valley/RR4630709,2 Bedroom House in Bezuidenhout Valley,6850.0,Bezuidenhout Valley,Johannesburg Central,Gauteng,House,2.0,1.0,,,,,,,,Available Now,"2 Bedroom House in Bezuidenhout Valley, This lovely 2-bedroom home offers comfortable living in the heart of Bezuidenhout Valley. The proper",13 Mar 2026,2026-03-27T16:57:13.291628+00:00,to-rent,gauteng,johannesburg-metro,johannesburg-central,bezuidenhout-valley
privateproperty,RR4630604,https://www.privateproperty.co.za/to-rent/gauteng/johannesburg-metro/johannesburg-central/bezuidenhout-valley/RR4630604,3 Bedroom House in Bezuidenhout Valley,8000.0,Bezuidenhout Valley,Johannesburg Central,Gauteng,House,3.0,2.0,2.0,,,,,,,Available Now,"3 Bedroom House in Bezuidenhout Valley, Lovely 3 bedroom house to let in Bez-Valley Neat and immaculate house, consisting of 3 well sized be",13 Mar 2026,2026-03-27T16:57:17.503698+00:00,to-rent,gauteng,johannesburg-metro,johannesburg-central,bezuidenhout-valley
privateproperty,RR4630593,https://www.privateproperty.co.za/to-rent/gauteng/johannesburg-metro/sandton/fourways/2-byzance-avenue/RR4630593,4 Bedroom House in Fourways,40000.0,Fourways,Sandton,Gauteng,House,4.0,2.5,6.0,2.0,502.0,1.0,,,,,"4 Bedroom House in Fourways, 2 Byzance Avenue, Private Balinese-Inspired Residence for Rent in Prestigious Waterford Estate | Entertainers Dream wi",13 Mar 2026,2026-03-27T16:57:20.316910+00:00,to-rent,gauteng,johannesburg-metro,sandton,fourways
privateproperty,RR3989661,https://www.privateproperty.co.za/to-rent/gauteng/johannesburg-metro/rosebank-and-parktown/parkview/3-na/103-dundalk/RR3989661,2 Bedroom House in Parkview,21500.0,Parkview,Rosebank And Parktown,Gauteng,House,2.0,2.0,1.0,,230.0,,,,1.0,Available March 2026,"2 Bedroom House in Parkview, 3 N/A, 103 Dundalk, One of three free-standing units on a beautifully maintained shared property, just two blocks from t",13 Mar 2026,2026-03-27T16:57:23.716236+00:00,to-rent,gauteng,johannesburg-metro,rosebank-and-parktown,parkview
privateproperty,RR4630491,https://www.privateproperty.co.za/to-rent/gauteng/johannesburg-metro/johannesburg-central/linksfield/linksfield-ridge/RR4630491,4 Bedroom House in Linksfield Ridge,57000.0,Linksfield,Johannesburg Central,Gauteng,House,4.0,4.5,11.0,8.0,840.0,2.0,,,1.0,Available Now,"4 Bedroom House in Linksfield Ridge, Luxurious home on the top of Linksfield Ridge. Views over the suburbs below and mountains in the dis",13 Mar 2026,2026-03-27T16:57:27.880019+00:00,to-rent,gauteng,johannesburg-metro,johannesburg-central,linksfield
privateproperty,RR4630430,https://www.privateproperty.co.za/to-rent/gauteng/johannesburg-metro/sandton/morningside/RR4630430,4 Bedroom House in Morningside,38000.0,Morningside,Sandton,Gauteng,House,4.0,2.0,3.0,1.0,295.0,405.0,,,,,"4 Bedroom House in Morningside, Modern Family Home in Secure Morningside Estate Discover this spacious 4-bedroom, 3.5-bathroom resi",13 Mar 2026,2026-03-27T16:57:30.903493+00:00,to-rent,gauteng,johannesburg-metro,sandton,morningside
privateproperty,RR4630421,https://www.privateproperty.co.za/to-rent/gauteng/johannesburg-metro/northcliff/riverlea/RR4630421,4 Bedroom House in Riverlea,10000.0,Riverlea,Northcliff,Gauteng,House,4.0,2.0,,,,,,,,,"4 Bedroom House in Riverlea, This well-positioned family home is situated on a corner stand in a quiet cul-de-sac, offering priva",13 Mar 2026,2026-03-27T16:57:33.603868+00:00,to-rent,gauteng,johannesburg-metro,northcliff,riverlea
privateproperty,RR4630386,https://www.privateproperty.co.za/to-rent/gauteng/johannesburg-metro/sandton/morningside/RR4630386,5 Bedroom House in Morningside,60000.0,Morningside,Sandton,Gauteng,House,5.0,5.0,4.0,2.0,550.0,400.0,,,,,"5 Bedroom House in Morningside, Architectural 5-B Cluster with Solar & Borehole - Boomed Morningside Enclave This beautifully design",13 Mar 2026,2026-03-27T16:57:36.182576+00:00,to-rent,gauteng,johannesburg-metro,sandton,morningside
privateproperty,RR4630322,https://www.privateproperty.co.za/to-rent/gauteng/johannesburg-metro/midrand/carlswald-estate/RR4630322,2 Bedroom House in Carlswald Estate,10250.0,Carlswald Estate,Midrand,Gauteng,House,2.0,2.0,2.0,,,,,,,Available Now,"2 Bedroom House in Carlswald Estate, Luxurious 2 Bedrooms and 2 Bathrooms first floor at 92 On New By Hyder Properties at Carlswald in Mi",13 Mar 2026,2026-03-27T16:57:39.546697+00:00,to-rent,gauteng,johannesburg-metro,midrand,carlswald-estate
privateproperty,RR4630319,https://www.privateproperty.co.za/to-rent/gauteng/johannesburg-metro/johannesburg-south/ormonde/RR4630319,4 Bedroom House in Ormonde,13500.0,Ormonde,Johannesburg South,Gauteng,House,4.0,2.0,2.0,2.0,,390.0,,,,,"4 Bedroom House in Ormonde, This beautiful and spacious family home is situated in the sought-after suburb of Ormonde, offering",13 Mar 2026,2026-03-27T16:57:42.846846+00:00,to-rent,gauteng,johannesburg-metro,johannesburg-south,ormonde
privateproperty,RR4630288,https://www.privateproperty.co.za/to-rent/gauteng/johannesburg-metro/johannesburg-south/ormonde/9-saffron/9-saffron/RR4630288,3 Bedroom House in Ormonde,12800.0,Ormonde,Johannesburg South,Gauteng,House,3.0,2.5,10.0,4.0,200.0,,,,,Available Now,"3 Bedroom House in Ormonde, 9 SAFFRON, 9 SAFFRON, Spacious 3-Bedroom Home with Modern Conveniences This beautiful home offers generous space and a pr",13 Mar 2026,2026-03-27T16:57:45.496688+00:00,to-rent,gauteng,johannesburg-metro,johannesburg-south,ormonde
privateproperty,RR4630238,https://www.privateproperty.co.za/to-rent/gauteng/johannesburg-metro/midrand/kyalami/sun-valley/RR4630238,3 Bedroom House in Sun Valley,25000.0,Kyalami,Midrand,Gauteng,House,3.0,3.0,2.0,2.0,,1.0,,,,,"3 Bedroom House in Sun Valley, Experience the freedom of wide-open spaces and peaceful countryside living in this exceptional 3-bed",13 Mar 2026,2026-03-27T16:57:48.919714+00:00,to-rent,gauteng,johannesburg-metro,midrand,kyalami
privateproperty,RR4630219,https://www.privateproperty.co.za/to-rent/gauteng/johannesburg-metro/northcliff/westdene/RR4630219,4 Bedroom House in Westdene,15000.0,Westdene,Northcliff,Gauteng,House,4.0,2.0,4.0,,289.0,496.0,,,,,"4 Bedroom House in Westdene, Large family home available to Let This uniquely designed home offers a perfect blend of style, spa",13 Mar 2026,2026-03-27T16:58:04.919001+00:00,to-rent,gauteng,johannesburg-metro,northcliff,westdene
privateproperty,RR4630215,https://www.privateproperty.co.za/to-rent/gauteng/johannesburg-metro/sandton/fourways-gardens/RR4630215,4 Bedroom House in Fourways Gardens,50000.0,Fourways Gardens,Sandton,Gauteng,House,2.0,2.5,2.0,2.0,500.0,1.0,,,,,"4 Bedroom House in Fourways Gardens, Spacious 4-bedroom home with cottage with good size private garden and large sparkling pool. Well,",13 Mar 2026,2026-03-27T16:58:08.205446+00:00,to-rent,gauteng,johannesburg-metro,sandton,fourways-gardens
privateproperty,RR4630076,https://www.privateproperty.co.za/to-rent/gauteng/johannesburg-metro/northcliff/auckland-park/4-finchley/4-finchley-avenue/RR4630076,14 Bedroom House in Auckland Park,3500.0,Auckland Park,Northcliff,Gauteng,House,14.0,4.0,,,,,,,1.0,,"14 Bedroom House in Auckland Park, 4 Finchley, 4 Finchley Avenue, 12 Bedroom House to Rent in Auckland Park Newly Renovated Student Accommodation in Auckland Park 15",13 Mar 2026,2026-03-27T16:58:11.023049+00:00,to-rent,gauteng,johannesburg-metro,northcliff,auckland-park
privateproperty,RR4629998,https://www.privateproperty.co.za/to-rent/gauteng/johannesburg-metro/sandton/fourways/RR4629998,3 Bedroom House in Fourways,25000.0,Fourways,Sandton,Gauteng,House,3.0,2.0,4.0,2.0,290.0,634.0,,,,,"3 Bedroom House in Fourways, Situated in a boomed off part of Fourways, this revamped pet friendly home boasts ultra modern finis",13 Mar 2026,2026-03-27T16:58:15.296396+00:00,to-rent,gauteng,johannesburg-metro,sandton,fourways
privateproperty,RR4116768,https://www.privateproperty.co.za/to-rent/gauteng/johannesburg-metro/soweto/protea-glen/119-cabbage/RR4116768,1 Bedroom House in Protea Glen,2900.0,Protea Glen,Soweto,Gauteng,House,1.0,1.0,1.0,,30.0,150.0,,,,Available Now,"1 Bedroom House in Protea Glen, 119 Cabbage, Bachelor apartment located in Protea glen ext 29 This beautiful bachelor is a separate two room, it",13 Mar 2026,2026-03-27T16:58:19.244026+00:00,to-rent,gauteng,johannesburg-metro,soweto,protea-glen
privateproperty,RR4629969,https://www.privateproperty.co.za/to-rent/gauteng/johannesburg-metro/rosebank-and-parktown/savoy-estate/RR4629969,5 Bedroom House in Savoy Estate,30000.0,Savoy Estate,Rosebank And Parktown,Gauteng,House,5.0,5.0,4.0,2.0,,,,,,,"5 Bedroom House in Savoy Estate, MAGNIFICENT FAMILY HOME IN EXCELLENT CONDITION MUST BE SEEN 5 BEDROOMS 5 BATHROOMS EN SUITE GUEST",13 Mar 2026,2026-03-27T16:58:22.283371+00:00,to-rent,gauteng,johannesburg-metro,rosebank-and-parktown,savoy-estate
privateproperty,RR4629942,https://www.privateproperty.co.za/to-rent/gauteng/johannesburg-metro/johannesburg-south/kibler-park/78-sweetlyn-street/RR4629942,2 Bedroom House in Kibler Park,7000.0,Kibler Park,Johannesburg South,Gauteng,House,1.0,1.0,2.0,2.0,,556.0,,,,,"2 Bedroom House in Kibler Park, 78 Sweetlyn street, 2 Bedroom Apartment for Rent Route 82, Kibler Park 2 Bedroom Apartment for Rent Route 82, Kibler",12 Mar 2026,2026-03-27T16:58:25.273594+00:00,to-rent,gauteng,johannesburg-metro,johannesburg-south,kibler-park
privateproperty,RR4629934,https://www.privateproperty.co.za/to-rent/gauteng/johannesburg-metro/johannesburg-south/alveda/78-hamilton-street/RR4629934,3 Bedroom House in Alveda,8000.0,Alveda,Johannesburg South,Gauteng,House,3.0,2.0,6.0,2.0,,500.0,,,,Available Now,"3 Bedroom House in Alveda, 78 Hamilton street, Modern 3-Bedroom Alveda Home with Double Garage and Ample Parking This inviting residential rental",12 Mar 2026,2026-03-27T16:58:29.061713+00:00,to-rent,gauteng,johannesburg-metro,johannesburg-south,alveda
privateproperty,RR4629933,https://www.privateproperty.co.za/to-rent/gauteng/johannesburg-metro/north-riding-to-lanseria/chartwell/RR4629933,4 Bedroom House in Chartwell,25000.0,Chartwell,North Riding To Lanseria,Gauteng,House,4.0,2.0,1.0,,,,,,,Available Now,"4 Bedroom House in Chartwell, Luxury 4-Bedroom Standalone House to Rent &ndash Chartwell Escape to luxury living in this stunning",12 Mar 2026,2026-03-27T16:58:32.053897+00:00,to-rent,gauteng,johannesburg-metro,north-riding-to-lanseria,chartwell
privateproperty,RR4629930,https://www.privateproperty.co.za/to-rent/gauteng/johannesburg-metro/midrand/kyalami-ah/RR4629930,2 Bedroom House in Kyalami AH,20000.0,Kyalami Ah,Midrand,Gauteng,House,2.0,2.0,1.0,1.0,,,,,,,"2 Bedroom House in Kyalami AH, Are you looking for somewhere unique, a space to transport you somewhere you dreamed of This could",12 Mar 2026,2026-03-27T16:58:34.957536+00:00,to-rent,gauteng,johannesburg-metro,midrand,kyalami-ah
privateproperty,RR4629889,https://www.privateproperty.co.za/to-rent/gauteng/johannesburg-metro/sandton/bryanston/RR4629889,4 Bedroom House in Bryanston,40000.0,Bryanston,Sandton,Gauteng,House,4.0,3.0,6.0,2.0,,645.0,,,,,"4 Bedroom House in Bryanston, Situated within the prestigious Santa Lourdes Estate in Bryanston, this elegant and spacious home of",12 Mar 2026,2026-03-27T16:58:39.120257+00:00,to-rent,gauteng,johannesburg-metro,sandton,bryanston
privateproperty,RR4629823,https://www.privateproperty.co.za/to-rent/gauteng/johannesburg-metro/sandton/dainfern/dainfern-golf-estate/RR4629823,4 Bedroom House in Dainfern Golf Estate,55000.0,Dainfern,Sandton,Gauteng,House,4.0,3.0,4.0,2.0,330.0,878.0,,,,Available Now,"4 Bedroom House in Dainfern Golf Estate, Beautifully renovated and thoughtfully designed, this exceptional single-storey home is ideally posi",12 Mar 2026,2026-03-27T16:58:43.241795+00:00,to-rent,gauteng,johannesburg-metro,sandton,dainfern
privateproperty,RR4629757,https://www.privateproperty.co.za/to-rent/gauteng/johannesburg-metro/sandton/morningside/RR4629757,6 Bedroom House in Morningside,80000.0,Morningside,Sandton,Gauteng,House,6.0,6.0,1.0,1.0,,,,,,Available Now,"6 Bedroom House in Morningside, This exceptional residence offers the perfect blend of luxury, comfort, and entertainment. Boasting",12 Mar 2026,2026-03-27T16:58:46.613753+00:00,to-rent,gauteng,johannesburg-metro,sandton,morningside
privateproperty,RR4629753,https://www.privateproperty.co.za/to-rent/gauteng/johannesburg-metro/north-riding-to-lanseria/jackal-creek-northriding/jackal-creek-golf-estate/RR4629753,3 Bedroom House in Jackal Creek Golf Estate,18500.0,Jackal Creek Northriding,North Riding To Lanseria,Gauteng,House,3.0,3.0,4.0,2.0,131.0,,,,,Available Now,"3 Bedroom House in Jackal Creek Golf Estate, Turnberry Modern Luxury Living at Jackal Creek Golf Estate AVAILABLE 15th APRIL 2026 Experience th",12 Mar 2026,2026-03-27T16:58:49.982472+00:00,to-rent,gauteng,johannesburg-metro,north-riding-to-lanseria,jackal-creek-northriding
privateproperty,RR4629716,https://www.privateproperty.co.za/to-rent/gauteng/johannesburg-metro/sandton/dainfern/dainfern-golf-estate/RR4629716,4 Bedroom House in Dainfern Golf Estate,36000.0,Dainfern,Sandton,Gauteng,House,4.0,3.0,4.0,2.0,350.0,690.0,,,,Available Now,"4 Bedroom House in Dainfern Golf Estate, Perfectly positioned on the golf course, this exquisite and spacious modern home offers elegant livi",12 Mar 2026,2026-03-27T16:58:54.207006+00:00,to-rent,gauteng,johannesburg-metro,sandton,dainfern
privateproperty,RR4629690,https://www.privateproperty.co.za/to-rent/gauteng/johannesburg-metro/sandton/dainfern-valley/RR4629690,4 Bedroom House in Dainfern Valley,48000.0,Dainfern Valley,Sandton,Gauteng,House,4.0,3.5,2.0,2.0,450.0,1.0,,,,,"4 Bedroom House in Dainfern Valley, This magnificent 4-bedroom home in the popular Dainfern Valley secure estate, is positioned on an el",12 Mar 2026,2026-03-27T16:58:57.562031+00:00,to-rent,gauteng,johannesburg-metro,sandton,dainfern-valley
privateproperty,RR4629672,https://www.privateproperty.co.za/to-rent/gauteng/johannesburg-metro/sandton/dainfern/dainfern-golf-estate/RR4629672,4 Bedroom House in Dainfern Golf Estate,36000.0,Dainfern,Sandton,Gauteng,House,4.0,4.5,6.0,2.0,350.0,670.0,,,,Available Now,"4 Bedroom House in Dainfern Golf Estate, This 4-bedroom, 4.5-bathroom family home offers a lifestyle in a safe and vibrant community, offerin",12 Mar 2026,2026-03-27T16:59:00.174396+00:00,to-rent,gauteng,johannesburg-metro,sandton,dainfern
privateproperty,RR4629668,https://www.privateproperty.co.za/to-rent/gauteng/johannesburg-metro/sandton/beverley/239-soho-beverley/1-soho-lane/RR4629668,2 Bedroom House in Beverley,15000.0,Beverley,Sandton,Gauteng,House,2.0,2.0,1.0,,64.0,,,,0.0,,"2 Bedroom House in Beverley, 239 SOHO Beverley, 1 Soho Lane, Step into modern luxury with this beautifully furnished second-floor apartment in the exclusive Soho",12 Mar 2026,2026-03-27T16:59:03.445756+00:00,to-rent,gauteng,johannesburg-metro,sandton,beverley
privateproperty,RR4629581,https://www.privateproperty.co.za/to-rent/gauteng/johannesburg-metro/johannesburg-central/kensington/RR4629581,2 Bedroom House in Kensington,8000.0,Kensington,Johannesburg Central,Gauteng,House,2.0,1.0,1.0,,,,,,,Available Now,"2 Bedroom House in Kensington, 2 Bedroom Cave House to rent in Kensington This Cave House offers you with 2 bedroom with built in c",12 Mar 2026,2026-03-27T16:59:06.840537+00:00,to-rent,gauteng,johannesburg-metro,johannesburg-central,kensington
privateproperty,RR4629563,https://www.privateproperty.co.za/to-rent/gauteng/johannesburg-metro/north-riding-to-lanseria/cosmo-city/RR4629563,2 Bedroom House in Cosmo City,6500.0,Cosmo City,North Riding To Lanseria,Gauteng,House,2.0,1.5,1.0,,310.0,,,,,Available Now,"2 Bedroom House in Cosmo City, Beautiful 3-Bedroom House to Rent in Cosmo City Ext 7 A neat 3-bedroom, 1.5-bathroom home is avail",12 Mar 2026,2026-03-27T16:59:10.847926+00:00,to-rent,gauteng,johannesburg-metro,north-riding-to-lanseria,cosmo-city
privateproperty,RR4629556,https://www.privateproperty.co.za/to-rent/gauteng/johannesburg-metro/northcliff/westdene/10a-third-avenue/RR4629556,2 Bedroom House in Westdene,10000.0,Westdene,Northcliff,Gauteng,House,2.0,1.0,2.0,,,,,,,,"2 Bedroom House in Westdene, 10A Third Avenue, 2-bedroom, 1-bathroom house offers comfortable and convenient living. The home features beautiful w",12 Mar 2026,2026-03-27T16:59:14.015514+00:00,to-rent,gauteng,johannesburg-metro,northcliff,westdene
privateproperty,RR4032999,https://www.privateproperty.co.za/to-rent/gauteng/johannesburg-metro/rosebank-and-parktown/craighall-park/000-craigtowne/76-marlborough-avenue/RR4032999,3 Bedroom House in Craighall Park,25000.0,Craighall Park,Rosebank And Parktown,Gauteng,House,3.0,2.5,2.0,1.0,120.0,,,,0.0,,"3 Bedroom House in Craighall Park, Craigtowne, 76 Marlborough Avenue, This unfurnished townhouse offers excellent security, good entertaining spaces and sophisticated sty",12 Mar 2026,2026-03-27T16:59:16.847058+00:00,to-rent,gauteng,johannesburg-metro,rosebank-and-parktown,craighall-park
privateproperty,RR4629394,https://www.privateproperty.co.za/to-rent/gauteng/johannesburg-metro/randburg/blairgowrie/15-mackay/RR4629394,1 Bedroom House in Blairgowrie,11000.0,Blairgowrie,Randburg,Gauteng,House,1.0,1.5,1.0,,,,,,,Available Now,"1 Bedroom House in Blairgowrie, 15 Mackay, Trendy Loft Living: The Ultimate All-Inclusive Garden Sanctuary Looking for a space that matches yo",12 Mar 2026,2026-03-27T16:59:19.629175+00:00,to-rent,gauteng,johannesburg-metro,randburg,blairgowrie
privateproperty,RR4629372,https://www.privateproperty.co.za/to-rent/gauteng/johannesburg-metro/sandton/morningside/RR4629372,4 Bedroom House in Morningside,27000.0,Morningside,Sandton,Gauteng,House,4.0,4.0,3.0,1.0,206.0,215.0,,,,,"4 Bedroom House in Morningside, Modern 4-Bedroom Estate Home in Secure Morningside, Sandton Discover contemporary living in this ex",12 Mar 2026,2026-03-27T16:59:24.247647+00:00,to-rent,gauteng,johannesburg-metro,sandton,morningside
privateproperty,RR4629303,https://www.privateproperty.co.za/to-rent/gauteng/johannesburg-metro/johannesburg-south/naturena/50-malta-street/RR4629303,5 Bedroom House in Naturena,17500.0,Naturena,Johannesburg South,Gauteng,House,5.0,2.0,3.0,2.0,293.0,946.0,,,,,"5 Bedroom House in Naturena, 50 Malta Street, This well-sized 293 m² family home is located in a secure boomed-off street, offering comfort, space",12 Mar 2026,2026-03-27T16:59:27.131753+00:00,to-rent,gauteng,johannesburg-metro,johannesburg-south,naturena
privateproperty,RR4629282,https://www.privateproperty.co.za/to-rent/gauteng/johannesburg-metro/johannesburg-south/kibler-park/RR4629282,3 Bedroom House in Kibler Park,13500.0,Kibler Park,Johannesburg South,Gauteng,House,3.0,1.0,1.0,1.0,,,,,,,"3 Bedroom House in Kibler Park, Spacious 3-Bedroom Family Home with Solar & Workshop Kibler Park Rental Price: R13 500 per month D",12 Mar 2026,2026-03-27T16:59:29.973110+00:00,to-rent,gauteng,johannesburg-metro,johannesburg-south,kibler-park
privateproperty,RR4629274,https://www.privateproperty.co.za/to-rent/gauteng/johannesburg-metro/sandton/sunninghill/RR4629274,3 Bedroom House in Sunninghill,12000.0,Sunninghill,Sandton,Gauteng,House,3.0,2.0,,,140.0,140.0,,,,Available Now,"3 Bedroom House in Sunninghill, Tenant prequalification required. 3 bed 2 bath with loft bedroom. Two balconies. On border of Waterf",12 Mar 2026,2026-03-27T16:59:33.006806+00:00,to-rent,gauteng,johannesburg-metro,sandton,sunninghill
privateproperty,RR4629234,https://www.privateproperty.co.za/to-rent/gauteng/johannesburg-metro/sandton/beverley/RR4629234,3 Bedroom House in Beverley,35000.0,Beverley,Sandton,Gauteng,House,3.0,2.5,4.0,2.0,,562.0,,,,Available Now,"3 Bedroom House in Beverley, well-appointed 3 bedroom, 2 bathroom family home in onyx Estate. Discover this modern three-bedroom",12 Mar 2026,2026-03-27T16:59:37.300023+00:00,to-rent,gauteng,johannesburg-metro,sandton,beverley
privateproperty,RR4629202,https://www.privateproperty.co.za/to-rent/gauteng/johannesburg-metro/sandton/fourways/RR4629202,4 Bedroom House in Fourways,34000.0,Fourways,Sandton,Gauteng,House,4.0,4.5,4.0,2.0,320.0,408.0,,,,,"4 Bedroom House in Fourways, Modern 4-Bedroom, 4.5-Bathroom Home with Backup Water Tank and Inverter System This modern, upmarke",12 Mar 2026,2026-03-27T16:59:40.981519+00:00,to-rent,gauteng,johannesburg-metro,sandton,fourways
privateproperty,RR4629028,https://www.privateproperty.co.za/to-rent/gauteng/johannesburg-metro/randburg/ferndale/RR4629028,3 Bedroom House in Ferndale,16000.0,Ferndale,Randburg,Gauteng,House,3.0,3.0,3.0,2.0,,,,,,Available Now,"3 Bedroom House in Ferndale, Discover the perfect balance of comfort and convenience in this spacious 3-bedroom, 3 en-suite bathr",12 Mar 2026,2026-03-27T16:59:44.037640+00:00,to-rent,gauteng,johannesburg-metro,randburg,ferndale
privateproperty,RR4629010,https://www.privateproperty.co.za/to-rent/gauteng/johannesburg-metro/johannesburg-central/kensington/RR4629010,3 Bedroom House in Kensington,14500.0,Kensington,Johannesburg Central,Gauteng,House,3.0,2.0,2.0,1.0,,,,,,,"3 Bedroom House in Kensington, 3BEDROOM HOUSE TO RENT IN KENSINGTON 3bedroom fitted with wadrobe each bedroom,Kitchen fitted with",12 Mar 2026,2026-03-27T16:59:47.449730+00:00,to-rent,gauteng,johannesburg-metro,johannesburg-central,kensington
privateproperty,RR675547,https://www.privateproperty.co.za/to-rent/gauteng/johannesburg-metro/north-riding-to-lanseria/lanseria-and-surrounds/8-rhenosterspruit-495/RR675547,1 Bedroom House in Lanseria and surrounds,4300.0,Lanseria And Surrounds,North Riding To Lanseria,Gauteng,House,1.0,1.0,,,65.0,,,,,Available Now,"1 Bedroom House in Lanseria and surrounds, 8 Rhenosterspruit 495, Unbelievable views over the Rhenosterspruit Nature Reserve on a 32ha smallholding. Compact 1 bedroom",12 Mar 2026,2026-03-27T16:59:51.389208+00:00,to-rent,gauteng,johannesburg-metro,north-riding-to-lanseria,lanseria-and-surrounds
privateproperty,RR4628986,https://www.privateproperty.co.za/to-rent/gauteng/johannesburg-metro/midrand/barbeque-downs/RR4628986,3 Bedroom House in Barbeque Downs,17500.0,Barbeque Downs,Midrand,Gauteng,House,3.0,2.0,2.0,2.0,170.0,423.0,,,,,"3 Bedroom House in Barbeque Downs, 3-Bedroom House to Let in Barbeque Downs, Midrand Your Perfect Family Home Awaits! Welcome to your",12 Mar 2026,2026-03-27T16:59:54.761923+00:00,to-rent,gauteng,johannesburg-metro,midrand,barbeque-downs
privateproperty,RR4628947,https://www.privateproperty.co.za/to-rent/gauteng/johannesburg-metro/midrand/clayville/ma230-clayville-37/1-clayville/RR4628947,3 Bedroom House in Clayville,8000.0,Clayville,Midrand,Gauteng,House,2.0,2.0,2.0,,,,,,,Available Now,"3 Bedroom House in Clayville, MA230 Clayville 37, 1 Clayville, 3 Bedroom Freestanding House for Rent Clayville Extension 37 This neat and well-maintained 3-bedro",12 Mar 2026,2026-03-27T16:59:58.193639+00:00,to-rent,gauteng,johannesburg-metro,midrand,clayville
privateproperty,RR4313545,https://www.privateproperty.co.za/to-rent/gauteng/johannesburg-metro/midrand/crowthorne/RR4313545,1 Bedroom House in Crowthorne,9000.0,Crowthorne,Midrand,Gauteng,House,1.0,1.0,1.0,,,,,,,available now,"1 Bedroom House in Crowthorne, One bedroom, one bathroom. Unique living space with large terrace use, picturesque gardens. Car port",12 Mar 2026,2026-03-27T17:00:01.973866+00:00,to-rent,gauteng,johannesburg-metro,midrand,crowthorne
privateproperty,RR4628923,https://www.privateproperty.co.za/to-rent/gauteng/johannesburg-metro/sandton/douglasdale/11-montrose-two/141-hornbill-road/RR4628923,2 Bedroom House in Douglasdale,15000.0,Douglasdale,Sandton,Gauteng,House,2.0,1.5,2.0,2.0,150.0,585.0,,,,,"2 Bedroom House in Douglasdale, 11 Montrose Two, 141 Hornbill Road, This charming 2-bedroom home in the secure Montrose Too Estate offers the perfect space for a young",11 Mar 2026,2026-03-27T17:00:04.541117+00:00,to-rent,gauteng,johannesburg-metro,sandton,douglasdale
privateproperty,RR4628895,https://www.privateproperty.co.za/to-rent/gauteng/johannesburg-metro/north-riding-to-lanseria/kya-sands/21-tirong-estate/2222-clairvaux-road/RR4628895,3 Bedroom House in Kya Sands,7600.0,Kya Sands,North Riding To Lanseria,Gauteng,House,3.0,1.0,3.0,,65.0,250.0,,,,,"3 Bedroom House in Kya Sands, 21 Tirong Estate, 2222 Clairvaux Road, Neat Secured 3 Bed 1 Bath Rental Offer Beautiful Neat well secured Free Standing Family Home in a we",11 Mar 2026,2026-03-27T17:00:08.381654+00:00,to-rent,gauteng,johannesburg-metro,north-riding-to-lanseria,kya-sands
privateproperty,RR4628800,https://www.privateproperty.co.za/to-rent/gauteng/johannesburg-metro/randburg/jukskei-park/7-jaspis-avenue/RR4628800,5 Bedroom House in Jukskei Park,24000.0,Jukskei Park,Randburg,Gauteng,House,5.0,3.0,2.0,2.0,336.0,1.0,,,,Available Now,"5 Bedroom House in Jukskei Park, 7 Jaspis Avenue, Situated in the heart of Jukskei Park in Randburg, this inviting five-bedroom family summer home off",11 Mar 2026,2026-03-27T17:00:12.212485+00:00,to-rent,gauteng,johannesburg-metro,randburg,jukskei-park
privateproperty,RR4628782,https://www.privateproperty.co.za/to-rent/gauteng/johannesburg-metro/midrand/olifantsfontein/l400-clayville/2-1020-autumn-road/RR4628782,3 Bedroom House in Olifantsfontein,8000.0,Olifantsfontein,Midrand,Gauteng,House,2.0,2.0,2.0,,,,,,,Available Now,"3 Bedroom House in Olifantsfontein, L400 Clayville, 2 1020 Autumn Road, 3 Bedroom, 2 Bathroom Freestanding House for Rent Clayville Extension 37 This neat and well-mainta",11 Mar 2026,2026-03-27T17:00:16.399102+00:00,to-rent,gauteng,johannesburg-metro,midrand,olifantsfontein
privateproperty,RR4628703,https://www.privateproperty.co.za/to-rent/gauteng/johannesburg-metro/sandton/craigavon/RR4628703,3 Bedroom House in Craigavon,23000.0,Craigavon,Sandton,Gauteng,House,3.0,2.5,3.0,2.0,198.0,,,,,,"3 Bedroom House in Craigavon, 3 Bedroom Cluster Home To Rent | Pet Friendly | Mont Tremblant Estate Welcome home to comfort, styl",11 Mar 2026,2026-03-27T17:00:19.182909+00:00,to-rent,gauteng,johannesburg-metro,sandton,craigavon
privateproperty,RR4628700,https://www.privateproperty.co.za/to-rent/gauteng/johannesburg-metro/bedfordview/bedfordview/RR4628700,4 Bedroom House in Bedfordview,38000.0,Bedfordview,Bedfordview,Gauteng,House,4.0,2.5,4.0,2.0,,,,,,,"4 Bedroom House in Bedfordview, Discover the perfect blend of sophisticated design and effortless functionality in this stunning 4-b",11 Mar 2026,2026-03-27T17:00:35.193534+00:00,to-rent,gauteng,johannesburg-metro,bedfordview,bedfordview
privateproperty,RR4628631,https://www.privateproperty.co.za/to-rent/gauteng/johannesburg-metro/sandton/dainfern/dainfern-golf-estate/RR4628631,5 Bedroom House in Dainfern Golf Estate,70000.0,Dainfern,Sandton,Gauteng,House,5.0,4.5,3.0,3.0,496.0,913.0,,,,Available Now,"5 Bedroom House in Dainfern Golf Estate, SOLE MANDATE This beautifully refurbished residence offers a harmonious blend of modern finishes an",11 Mar 2026,2026-03-27T17:00:39.089266+00:00,to-rent,gauteng,johannesburg-metro,sandton,dainfern
privateproperty,RR4628602,https://www.privateproperty.co.za/to-rent/gauteng/johannesburg-metro/johannesburg-south/ormonde/RR4628602,3 Bedroom House in Ormonde,25000.0,Ormonde,Johannesburg South,Gauteng,House,3.0,3.0,5.0,1.0,450.0,,,,,,"3 Bedroom House in Ormonde, Charming 3-Bedroom, 3-Bathroom Home in Lakewood Estate Charming 3-Bedroom, 3-Bathroom Home in Lakew",11 Mar 2026,2026-03-27T17:00:43.476120+00:00,to-rent,gauteng,johannesburg-metro,johannesburg-south,ormonde
privateproperty,RR4628596,https://www.privateproperty.co.za/to-rent/gauteng/johannesburg-metro/sandton/woodmead/RR4628596,5 Bedroom House in Woodmead,40000.0,Woodmead,Sandton,Gauteng,House,5.0,3.0,2.0,2.0,168.0,361.0,,,1.0,Available Now,"5 Bedroom House in Woodmead, Luxury Fully Furnished 5 Bedroom Home To Rent in Woodmead | Short & Long-Term Rental This exception",11 Mar 2026,2026-03-27T17:00:46.444750+00:00,to-rent,gauteng,johannesburg-metro,sandton,woodmead
privateproperty,RR4628566,https://www.privateproperty.co.za/to-rent/gauteng/johannesburg-metro/midrand/blue-hills/572-gallops-lane/RR4628566,3 Bedroom House in Blue Hills,25000.0,Blue Hills,Midrand,Gauteng,House,3.0,3.0,4.0,2.0,400.0,1.0,,,,,"3 Bedroom House in Blue Hills, 572 Gallops lane, Set in the sought-after equestrian enclave of Sun Valley, this impressive freestanding double-storey",11 Mar 2026,2026-03-27T17:00:50.418389+00:00,to-rent,gauteng,johannesburg-metro,midrand,blue-hills
privateproperty,RR4628531,https://www.privateproperty.co.za/to-rent/gauteng/johannesburg-metro/randburg/malanshof/RR4628531,3 Bedroom House in Malanshof,14000.0,Malanshof,Randburg,Gauteng,House,3.0,2.0,2.0,2.0,210.0,,,,,,"3 Bedroom House in Malanshof, Beautiful home in quiet cul-de-sac setting for added peace of mind This beautiful home is situated i",11 Mar 2026,2026-03-27T17:00:53.197617+00:00,to-rent,gauteng,johannesburg-metro,randburg,malanshof
privateproperty,RR4628378,https://www.privateproperty.co.za/to-rent/gauteng/johannesburg-metro/sandton/paulshof/RR4628378,3 Bedroom House in Paulshof,18999.0,Paulshof,Sandton,Gauteng,House,3.0,3.0,2.0,,137.0,475.0,,,,Available Now,"3 Bedroom House in Paulshof, 3 Bed, 3 Bath Cluster - Paulshof A charming and timeless beautiful home, in Kildrummy Park it br",11 Mar 2026,2026-03-27T17:00:57.192014+00:00,to-rent,gauteng,johannesburg-metro,sandton,paulshof
privateproperty,RR4628275,https://www.privateproperty.co.za/to-rent/gauteng/johannesburg-metro/randburg/maroeladal/RR4628275,4 Bedroom House in Maroeladal,36000.0,Maroeladal,Randburg,Gauteng,House,4.0,3.5,2.0,2.0,,,,,,,"4 Bedroom House in Maroeladal, This stunning 4 Bedroom Bali style home is available for rent. Nestled in the safe and secure Water",11 Mar 2026,2026-03-27T17:00:59.743942+00:00,to-rent,gauteng,johannesburg-metro,randburg,maroeladal
privateproperty,RR4628219,https://www.privateproperty.co.za/to-rent/gauteng/johannesburg-metro/randburg/jukskei-park/149-river-glades/67-juweel/RR4628219,2 Bedroom House in Jukskei Park,11000.0,Jukskei Park,Randburg,Gauteng,House,2.0,2.0,1.0,,,,,,,,"2 Bedroom House in Jukskei Park, 149 River Glades, 67 Juweel, CHARMING 2 BEDROOM APARTMENT IN RIVER GLADES ESTATE, JUKSKEI PARK, RANDBURG: Spacious, yet cozy 2-",11 Mar 2026,2026-03-27T17:01:02.393041+00:00,to-rent,gauteng,johannesburg-metro,randburg,jukskei-park
privateproperty,RR4628196,https://www.privateproperty.co.za/to-rent/gauteng/johannesburg-metro/bedfordview/st-andrews/RR4628196,4 Bedroom House in St Andrews,40000.0,St Andrews,Bedfordview,Gauteng,House,4.0,2.5,8.0,3.0,,2.0,,,,,"4 Bedroom House in St Andrews, Light, bright, and designed for easy family living, this expansive double-storey home offers generou",11 Mar 2026,2026-03-27T17:01:05.961281+00:00,to-rent,gauteng,johannesburg-metro,bedfordview,st-andrews
privateproperty,RR4628194,https://www.privateproperty.co.za/to-rent/gauteng/johannesburg-metro/north-riding-to-lanseria/chartwell/RR4628194,3 Bedroom House in Chartwell,22900.0,Chartwell,North Riding To Lanseria,Gauteng,House,3.0,2.5,3.0,,,,,,,,"3 Bedroom House in Chartwell, Experience the charm of country living in the city in a gated community. This spacious and well-mai",11 Mar 2026,2026-03-27T17:01:08.919192+00:00,to-rent,gauteng,johannesburg-metro,north-riding-to-lanseria,chartwell
privateproperty,RR4628131,https://www.privateproperty.co.za/to-rent/gauteng/johannesburg-metro/sandton/hyde-park/00-morsim-road/RR4628131,5 Bedroom House in Hyde Park,92000.0,Hyde Park,Sandton,Gauteng,House,5.0,4.0,5.0,2.0,750.0,1.0,,,1.0,,"5 Bedroom House in Hyde Park, Morsim Road, Uniquly styled luxury 6 bedroom, 5.5 baths home in exclusive Sandton, Hyde Park Fully furnished bes",11 Mar 2026,2026-03-27T17:01:13.126703+00:00,to-rent,gauteng,johannesburg-metro,sandton,hyde-park
privateproperty,RR4628127,https://www.privateproperty.co.za/to-rent/gauteng/johannesburg-metro/bedfordview/bedfordview/RR4628127,1 Bedroom House in Bedfordview,15000.0,Bedfordview,Bedfordview,Gauteng,House,1.0,1.0,1.0,,,,,,1.0,Available Now,"1 Bedroom House in Bedfordview, This modern, fully furnished 1-bedroom apartment offers comfortable living with a well-sized bedroom",11 Mar 2026,2026-03-27T17:01:16.140389+00:00,to-rent,gauteng,johannesburg-metro,bedfordview,bedfordview
privateproperty,RR4555978,https://www.privateproperty.co.za/to-rent/gauteng/johannesburg-metro/johannesburg-south/kibler-park/RR4555978,3 Bedroom House in Kibler Park,11000.0,Kibler Park,Johannesburg South,Gauteng,House,3.0,1.0,3.0,1.0,,,,,,,"3 Bedroom House in Kibler Park, Spacious 3-Bed Kibler Park Home with Garden and Parking Discover this spacious 3-bedroom, 1-bathroo",11 Mar 2026,2026-03-27T17:01:19.493513+00:00,to-rent,gauteng,johannesburg-metro,johannesburg-south,kibler-park
privateproperty,RR4628106,https://www.privateproperty.co.za/to-rent/gauteng/johannesburg-metro/sandton/lonehill/RR4628106,3 Bedroom House in Lonehill,22000.0,Lonehill,Sandton,Gauteng,House,3.0,3.0,3.0,2.0,270.0,465.0,,,,,"3 Bedroom House in Lonehill, This neat freestanding cluster home is situated in the sought-after complex and offers comfortable,",11 Mar 2026,2026-03-27T17:01:23.445552+00:00,to-rent,gauteng,johannesburg-metro,sandton,lonehill
privateproperty,RR4628049,https://www.privateproperty.co.za/to-rent/gauteng/johannesburg-metro/bedfordview/bedfordview/RR4628049,1 Bedroom House in Bedfordview,15000.0,Bedfordview,Bedfordview,Gauteng,House,1.0,1.0,1.0,,,,,,1.0,Available Now,"1 Bedroom House in Bedfordview, Enjoy comfortable and convenient living in this stylish 1 bedroom studio apartment, perfectly design",11 Mar 2026,2026-03-27T17:01:27.238819+00:00,to-rent,gauteng,johannesburg-metro,bedfordview,bedfordview
privateproperty,RR4627952,https://www.privateproperty.co.za/to-rent/gauteng/johannesburg-metro/johannesburg-central/kensington/RR4627952,1 Bedroom House in Kensington,4800.0,Kensington,Johannesburg Central,Gauteng,House,1.0,1.0,,,,,,,,Available Now,"1 Bedroom House in Kensington, It offers 1 bedroom, lounge with open plan kitchen and 1 bathroom. Surrounded by a beautiful garden.",11 Mar 2026,2026-03-27T17:01:29.785735+00:00,to-rent,gauteng,johannesburg-metro,johannesburg-central,kensington
privateproperty,RR4627843,https://www.privateproperty.co.za/to-rent/gauteng/johannesburg-metro/north-riding-to-lanseria/olivedale/0-olivedale/8888-amsterdam-drive/RR4627843,3 Bedroom House in Olivedale,25000.0,Olivedale,North Riding To Lanseria,Gauteng,House,3.0,3.0,3.0,2.0,,,,,,,"3 Bedroom House in Olivedale, Olivedale, 8888 Amsterdam Drive, This spacious and beautifully maintained 3-bedroom home offers comfort and versatility in every corn",11 Mar 2026,2026-03-27T17:01:32.461528+00:00,to-rent,gauteng,johannesburg-metro,north-riding-to-lanseria,olivedale
privateproperty,RR4048237,https://www.privateproperty.co.za/to-rent/gauteng/johannesburg-metro/johannesburg-south/south-hills/RR4048237,3 Bedroom House in South Hills,7500.0,South Hills,Johannesburg South,Gauteng,House,3.0,2.0,4.0,,489.0,1.0,,,,,"3 Bedroom House in South Hills, 3 bed 2 bath in south hills The house offers 3 bedrooms, main ensuite, bathroom, modern fitted kitc",11 Mar 2026,2026-03-27T17:01:36.255382+00:00,to-rent,gauteng,johannesburg-metro,johannesburg-south,south-hills
privateproperty,RR4627799,https://www.privateproperty.co.za/to-rent/gauteng/johannesburg-metro/johannesburg-south/ridgeway/RR4627799,7 Bedroom House in Ridgeway,25000.0,Ridgeway,Johannesburg South,Gauteng,House,7.0,6.5,5.0,2.0,450.0,1.0,,,1.0,,"7 Bedroom House in Ridgeway, Fully Furnished Multi-Level Family Residence with Pool in Brietta, Ridgeway Welcome to this excepti",11 Mar 2026,2026-03-27T17:01:39.549567+00:00,to-rent,gauteng,johannesburg-metro,johannesburg-south,ridgeway
privateproperty,RR4627798,https://www.privateproperty.co.za/to-rent/gauteng/johannesburg-metro/midrand/glen-austin/glen-austin-ah/RR4627798,20 Bedroom House in Glen Austin AH,4500.0,Glen Austin,Midrand,Gauteng,House,20.0,12.0,3.0,2.0,,,,,1.0,Available Now,"20 Bedroom House in Glen Austin AH, Nestled in the serene and highly sought-after area of Glen Austin, Midrand, this property offers a t",11 Mar 2026,2026-03-27T17:01:42.720947+00:00,to-rent,gauteng,johannesburg-metro,midrand,glen-austin
privateproperty,RR4627783,https://www.privateproperty.co.za/to-rent/gauteng/johannesburg-metro/north-riding-to-lanseria/cosmo-city/RR4627783,3 Bedroom House in Cosmo City,6500.0,Cosmo City,North Riding To Lanseria,Gauteng,House,3.0,2.0,1.0,,,310.0,,,,Available Now,"3 Bedroom House in Cosmo City, Available from 1 April 2026, is 3 bedrooms, main en-suite, guest bathroom, fitted cupboards, fitted",11 Mar 2026,2026-03-27T17:01:47.025744+00:00,to-rent,gauteng,johannesburg-metro,north-riding-to-lanseria,cosmo-city
privateproperty,RR4627751,https://www.privateproperty.co.za/to-rent/gauteng/johannesburg-metro/sandton/dainfern/dainfern-golf-estate/RR4627751,4 Bedroom House in Dainfern Golf Estate,36000.0,Dainfern,Sandton,Gauteng,House,4.0,3.5,2.0,2.0,300.0,690.0,,,,Available Now,"4 Bedroom House in Dainfern Golf Estate, 4 Bedroom home with golf course views. This home is filled with natural light and offers golf course",10 Mar 2026,2026-03-27T17:01:49.861702+00:00,to-rent,gauteng,johannesburg-metro,sandton,dainfern
privateproperty,RR4627750,https://www.privateproperty.co.za/to-rent/gauteng/johannesburg-metro/north-riding-to-lanseria/chartwell/RR4627750,3 Bedroom House in Chartwell,19500.0,Chartwell,North Riding To Lanseria,Gauteng,House,3.0,2.0,4.0,,,,,,,Available Now,"3 Bedroom House in Chartwell, Luxury 3-Bedroom Standalone Home to Rent &ndash Chartwell This beautiful corner standalone house off",10 Mar 2026,2026-03-27T17:01:53.478134+00:00,to-rent,gauteng,johannesburg-metro,north-riding-to-lanseria,chartwell
privateproperty,RR4627724,https://www.privateproperty.co.za/to-rent/gauteng/johannesburg-metro/sandton/broadacres/RR4627724,2 Bedroom House in Broadacres,16000.0,Broadacres,Sandton,Gauteng,House,2.0,1.0,4.0,2.0,,289.0,,,,,"2 Bedroom House in Broadacres, Situated within a lush and secure estate, this charming full-title single-storey home welcomes you w",10 Mar 2026,2026-03-27T17:01:57.197969+00:00,to-rent,gauteng,johannesburg-metro,sandton,broadacres
privateproperty,RR4627710,https://www.privateproperty.co.za/to-rent/gauteng/johannesburg-metro/north-riding-to-lanseria/chartwell/RR4627710,3 Bedroom House in Chartwell,19000.0,Chartwell,North Riding To Lanseria,Gauteng,House,3.0,2.0,2.0,2.0,,,,,,Available Now,"3 Bedroom House in Chartwell, Luxurious 3-Bedroom All En-Suite Standalone House to Rent &ndash Chartwell Spacious Living at Its Be",10 Mar 2026,2026-03-27T17:02:00.333306+00:00,to-rent,gauteng,johannesburg-metro,north-riding-to-lanseria,chartwell
privateproperty,RR4627619,https://www.privateproperty.co.za/to-rent/gauteng/johannesburg-metro/northcliff/montgomery-park/RR4627619,4 Bedroom House in Montgomery Park,16000.0,Montgomery Park,Northcliff,Gauteng,House,4.0,2.0,6.0,1.0,237.0,743.0,,,,Available Now,"4 Bedroom House in Montgomery Park, Spacious 4-Bedroom Family Home with Large Garden in Montgomery Park This well-sized family home in",10 Mar 2026,2026-03-27T17:02:03.894660+00:00,to-rent,gauteng,johannesburg-metro,northcliff,montgomery-park
privateproperty,RR4627461,https://www.privateproperty.co.za/to-rent/gauteng/johannesburg-metro/rosebank-and-parktown/parkview/RR4627461,2 Bedroom House in Parkview,21500.0,Parkview,Rosebank And Parktown,Gauteng,House,2.0,2.0,1.0,,230.0,,,,1.0,Available Now,"2 Bedroom House in Parkview, One of three free-standing units on a beautifully maintained shared property, just two blocks from t",10 Mar 2026,2026-03-27T17:02:07.060335+00:00,to-rent,gauteng,johannesburg-metro,rosebank-and-parktown,parkview
privateproperty,RR4627419,https://www.privateproperty.co.za/to-rent/gauteng/johannesburg-metro/sandton/fourways/RR4627419,4 Bedroom House in Fourways,60000.0,Fourways,Sandton,Gauteng,House,4.0,4.5,6.0,2.0,590.0,980.0,,,,,"4 Bedroom House in Fourways, Exclusive Sole Mandate: An exquisite Italian-inspired family home situated in the prestigious Dainfe",10 Mar 2026,2026-03-27T17:02:10.017428+00:00,to-rent,gauteng,johannesburg-metro,sandton,fourways
privateproperty,RR4627371,https://www.privateproperty.co.za/to-rent/gauteng/johannesburg-metro/midrand/clayville/ma201-clayville/1020-autumn-road/RR4627371,3 Bedroom House in Clayville,7900.0,Clayville,Midrand,Gauteng,House,2.0,2.0,2.0,,,,,,,Available Now,"3 Bedroom House in Clayville, MA201 Clayville, 1020 Autumn Road, 3 Bedroom, 2 Bathroom Freestanding House for Rent Clayville Extension 37 This neat and well-mainta",10 Mar 2026,2026-03-27T17:02:13.198663+00:00,to-rent,gauteng,johannesburg-metro,midrand,clayville
privateproperty,RR4627331,https://www.privateproperty.co.za/to-rent/gauteng/johannesburg-metro/midrand/waterfall-estate/RR4627331,2 Bedroom House in Waterfall Estate,17000.0,Waterfall Estate,Midrand,Gauteng,House,2.0,2.0,2.0,,,100.0,,,,Available Now,"2 Bedroom House in Waterfall Estate, Modern 2 bedroom Ensuite bathroom in Water Country Estate This 100 square meter underroof unit is si",10 Mar 2026,2026-03-27T17:02:17.142942+00:00,to-rent,gauteng,johannesburg-metro,midrand,waterfall-estate
privateproperty,RR4627225,https://www.privateproperty.co.za/to-rent/gauteng/johannesburg-metro/randburg/blairgowrie/RR4627225,3 Bedroom House in Blairgowrie,15500.0,Blairgowrie,Randburg,Gauteng,House,3.0,2.0,3.0,1.0,,,,,,,"3 Bedroom House in Blairgowrie, 3 bedroom 2 bath House in Blairgowie Perfect work from home house with garden , Lapa and swimming p",10 Mar 2026,2026-03-27T17:02:20.038235+00:00,to-rent,gauteng,johannesburg-metro,randburg,blairgowrie
privateproperty,RR4627223,https://www.privateproperty.co.za/to-rent/gauteng/johannesburg-metro/johannesburg-central/kensington/RR4627223,1 Bedroom House in Kensington,6250.0,Kensington,Johannesburg Central,Gauteng,House,1.0,1.0,,,,,,,,,"1 Bedroom House in Kensington, 1-Bedroom Cottage Available - Kensington Please Note: Suitable for only a couple. No pets allowed.",10 Mar 2026,2026-03-27T17:02:23.633128+00:00,to-rent,gauteng,johannesburg-metro,johannesburg-central,kensington
privateproperty,RR4627201,https://www.privateproperty.co.za/to-rent/gauteng/johannesburg-metro/midrand/clayville/999-clayview-ext-37/1-aurum-street/RR4627201,3 Bedroom House in Clayville,8000.0,Clayville,Midrand,Gauteng,House,2.0,2.0,2.0,,,,,,,,"3 Bedroom House in Clayville, 999 Clayview Ext 37, 1 Aurum Street, Freestanding 3-Bedroom House to Rent Clayville Extension 37 This neat and well-maintained 3-bedroo",10 Mar 2026,2026-03-27T17:02:26.533653+00:00,to-rent,gauteng,johannesburg-metro,midrand,clayville
privateproperty,RR4627140,https://www.privateproperty.co.za/to-rent/gauteng/johannesburg-metro/randburg/ferndale/90-6th-avenue/RR4627140,3 Bedroom House in Ferndale,15000.0,Ferndale,Randburg,Gauteng,House,3.0,2.0,1.0,,,125.0,,,,Available Now,"3 Bedroom House in Ferndale, 90 6th Avenue, Discover this beautifully appointed 3-bedroom house in the heart of Fontainebleau, now available for",10 Mar 2026,2026-03-27T17:02:29.705235+00:00,to-rent,gauteng,johannesburg-metro,randburg,ferndale
privateproperty,RR4627012,https://www.privateproperty.co.za/to-rent/gauteng/johannesburg-metro/randburg/ferndale/RR4627012,1 Bedroom House in Ferndale,9075.0,Ferndale,Randburg,Gauteng,House,1.0,1.0,2.0,,,,,,,Available Now,"1 Bedroom House in Ferndale, 1 Bedroom Garden Cottage to Rent in Ferndale Newly renovated and spacious ground floor 1-bedroom ga",10 Mar 2026,2026-03-27T17:02:32.316480+00:00,to-rent,gauteng,johannesburg-metro,randburg,ferndale
privateproperty,RR4626996,https://www.privateproperty.co.za/to-rent/gauteng/johannesburg-metro/rosebank-and-parktown/rosebank/RR4626996,2 Bedroom House in Rosebank,20000.0,Rosebank,Rosebank And Parktown,Gauteng,House,2.0,2.0,2.0,,92.0,,,,,Available Now,"2 Bedroom House in Rosebank, Modern yet Elegant Apartments in the heart of Rosebank The Tyrwhitt offers Luxury apartments to inv",10 Mar 2026,2026-03-27T17:02:35.111453+00:00,to-rent,gauteng,johannesburg-metro,rosebank-and-parktown,rosebank
privateproperty,RR4132529,https://www.privateproperty.co.za/to-rent/gauteng/johannesburg-metro/soweto/protea-glen/9-segotlho/RR4132529,2 Bedroom House in Protea Glen,4400.0,Protea Glen,Soweto,Gauteng,House,2.0,1.0,2.0,,,370.0,,,,,"2 Bedroom House in Protea Glen, 9 Segotlho, Rental Well-maintained house is available for rental at PROTEA GLEN Ext 13 effective from 01st Apri",10 Mar 2026,2026-03-27T17:02:37.844392+00:00,to-rent,gauteng,johannesburg-metro,soweto,protea-glen
privateproperty,RR4626900,https://www.privateproperty.co.za/to-rent/gauteng/johannesburg-metro/northcliff/northcliff/valeriedene/1-valeriedene-bagley-terrace/145-bagley-terrace/RR4626900,3 Bedroom House in Valeriedene,12000.0,Northcliff,Northcliff,Gauteng,House,3.0,1.0,,,,,,,,Available Now,"3 Bedroom House in Valeriedene, 1 Valeriedene Bagley Terrace, 145 Bagley Terrace, Secure & Convenient Family Living in Sought-After suburb- Valeriedene! Welcome to your new home in",10 Mar 2026,2026-03-27T17:02:41.438742+00:00,to-rent,gauteng,johannesburg-metro,northcliff,northcliff
privateproperty,RR4626881,https://www.privateproperty.co.za/to-rent/gauteng/johannesburg-metro/sandton/bryanston/bryanston-east/RR4626881,2 Bedroom House in Bryanston East,11000.0,Bryanston,Sandton,Gauteng,House,2.0,2.0,1.0,,92.0,4.0,,,,Available Now,"2 Bedroom House in Bryanston East, 2 Bed, 2 bath ground floor apartment. Occupation 1 April 2026. R11 000 per month, plus R11 000 d",10 Mar 2026,2026-03-27T17:02:44.549405+00:00,to-rent,gauteng,johannesburg-metro,sandton,bryanston
privateproperty,RR4626880,https://www.privateproperty.co.za/to-rent/gauteng/johannesburg-metro/bedfordview/bedfordview/RR4626880,4 Bedroom House in Bedfordview,23000.0,Bedfordview,Bedfordview,Gauteng,House,4.0,3.0,12.0,2.0,,621.0,,,,Available Now,"4 Bedroom House in Bedfordview, Exquisite 4 Bedroom Free Standing Residence in Prime Bedfordview Positioned on a prestigious Bedford",10 Mar 2026,2026-03-27T17:02:59.932944+00:00,to-rent,gauteng,johannesburg-metro,bedfordview,bedfordview
privateproperty,RR4020558,https://www.privateproperty.co.za/to-rent/gauteng/johannesburg-metro/bedfordview/bedfordview/RR4020558,2 Bedroom House in Bedfordview,7000.0,Bedfordview,Bedfordview,Gauteng,House,2.0,1.0,1.0,,80.0,80.0,,,,Available Now,"2 Bedroom House in Bedfordview, Charming garden cottage with two spacious bedrooms and a full bathroom that has both a tub and a sho",10 Mar 2026,2026-03-27T17:03:02.927473+00:00,to-rent,gauteng,johannesburg-metro,bedfordview,bedfordview
privateproperty,RR4626774,https://www.privateproperty.co.za/to-rent/gauteng/johannesburg-metro/midrand/noordwyk/31-carlswarld-view/31-eighth-rd/RR4626774,3 Bedroom House in Noordwyk,9500.0,Noordwyk,Midrand,Gauteng,House,3.0,2.0,1.0,,,,,,,,"3 Bedroom House in Noordwyk, 31 Carlswarld View, 31 Eighth Rd, Property Highlights -Bedrooms & Bathrooms: 3 spacious bedrooms with built-in cupboards, 2 bathrooms",10 Mar 2026,2026-03-27T17:03:06.307015+00:00,to-rent,gauteng,johannesburg-metro,midrand,noordwyk
privateproperty,RR4626688,https://www.privateproperty.co.za/to-rent/gauteng/johannesburg-metro/northcliff/emmarentia/RR4626688,3 Bedroom House in Emmarentia,20000.0,Emmarentia,Northcliff,Gauteng,House,3.0,2.5,3.0,1.0,,,,,,Available Now,"3 Bedroom House in Emmarentia, This spacious 3-bedroom home to rent in Emmarentia offers comfortable family living with great indoo",10 Mar 2026,2026-03-27T17:03:09.709351+00:00,to-rent,gauteng,johannesburg-metro,northcliff,emmarentia
privateproperty,RR4626648,https://www.privateproperty.co.za/to-rent/gauteng/johannesburg-metro/sandton/bramley/0-bramley/homestead-road/RR4626648,5 Bedroom House in Bramley,20000.0,Bramley,Sandton,Gauteng,House,5.0,3.5,2.0,2.0,,,,,,Available Now,"5 Bedroom House in Bramley, Bramley, Homestead Road, Homestead Road. House. Bramley North. UNFURNSIHED. 4-5 bedrooms. 3.5 bathrooms Large lounge. Dinin",10 Mar 2026,2026-03-27T17:03:13.292833+00:00,to-rent,gauteng,johannesburg-metro,sandton,bramley
privateproperty,RR4626610,https://www.privateproperty.co.za/to-rent/gauteng/johannesburg-metro/sandton/dainfern/dainfern-golf-estate/RR4626610,4 Bedroom House in Dainfern Golf Estate,65000.0,Dainfern,Sandton,Gauteng,House,4.0,3.5,2.0,2.0,430.0,1.0,,,1.0,,"4 Bedroom House in Dainfern Golf Estate, Furnished family home in Dainfern Golf Estate. Exclusive Mandate Situated in a quiet cul-de-sac wit",10 Mar 2026,2026-03-27T17:03:16.816001+00:00,to-rent,gauteng,johannesburg-metro,sandton,dainfern
privateproperty,RR4626585,https://www.privateproperty.co.za/to-rent/gauteng/johannesburg-metro/sandton/broadacres/00-the-lombardy-estate/24-lombardy-road/RR4626585,2 Bedroom House in Broadacres,11500.0,Broadacres,Sandton,Gauteng,House,2.0,2.0,,,,,,,,Available 1 May 2026,"2 Bedroom House in Broadacres, The Lombardy Estate, 24 Lombardy Road, Spacious 2 bed 2 bath apartment at The Lombardy, Broadacres Fourways Available 1 May 2026 Experience",9 Mar 2026,2026-03-27T17:03:20.760273+00:00,to-rent,gauteng,johannesburg-metro,sandton,broadacres
privateproperty,RR4626565,https://www.privateproperty.co.za/to-rent/gauteng/johannesburg-metro/midrand/noordwyk/ma140-terrace-view/13-acacia-road/RR4626565,2 Bedroom House in Noordwyk,7900.0,Noordwyk,Midrand,Gauteng,House,2.0,1.0,3.0,1.0,,,,,,Available Now,"2 Bedroom House in Noordwyk, MA140 Terrace View, 13 Acacia Road, 2 Bedroom Apartment to Rent Terrace View, Noordwyk, Midrand This neat and well-maintained 2-bedroom",9 Mar 2026,2026-03-27T17:03:24.276488+00:00,to-rent,gauteng,johannesburg-metro,midrand,noordwyk
privateproperty,RR4626557,https://www.privateproperty.co.za/to-rent/gauteng/johannesburg-metro/midrand/halfway-gardens/ma130-halfway-gardens/1-halfway-gardens/RR4626557,3 Bedroom House in Halfway Gardens,13000.0,Halfway Gardens,Midrand,Gauteng,House,2.0,2.0,1.0,1.0,400.0,,,,,Available Now,"3 Bedroom House in Halfway Gardens, MA130 Halfway Gardens, 1 Halfway Gardens, 3 Bedroom Home to Rent Halfway Gardens, Midrand Located in a secure estate in Halfway Gardens, Midr",9 Mar 2026,2026-03-27T17:03:27.631799+00:00,to-rent,gauteng,johannesburg-metro,midrand,halfway-gardens
privateproperty,RR4626498,https://www.privateproperty.co.za/to-rent/gauteng/johannesburg-metro/johannesburg-south/ormonde/RR4626498,3 Bedroom House in Ormonde,8500.0,Ormonde,Johannesburg South,Gauteng,House,3.0,2.0,,,,,,,,,"3 Bedroom House in Ormonde, 3 Bedroom House Available to Rent Spacious 3-bedroom house for rent on a share Plot. Features: 1 Com",9 Mar 2026,2026-03-27T17:03:30.725447+00:00,to-rent,gauteng,johannesburg-metro,johannesburg-south,ormonde
privateproperty,RR4626435,https://www.privateproperty.co.za/to-rent/gauteng/johannesburg-metro/sandton/dainfern/RR4626435,3 Bedroom House in Dainfern,23000.0,Dainfern,Sandton,Gauteng,House,3.0,2.5,2.0,2.0,187.0,,,,,Available 1 April 2026,"3 Bedroom House in Dainfern, Absolutely ideal for either growing families or empty nesters, this blue-chip home also offers an ad",9 Mar 2026,2026-03-27T17:03:33.427494+00:00,to-rent,gauteng,johannesburg-metro,sandton,dainfern
privateproperty,RR4075737,https://www.privateproperty.co.za/to-rent/gauteng/johannesburg-metro/johannesburg-south/naturena/RR4075737,3 Bedroom House in Naturena,6500.0,Naturena,Johannesburg South,Gauteng,House,3.0,1.0,,,,250.0,,,,Available Now,"3 Bedroom House in Naturena, This is definitely a property for people who are family orientated! Boasting an awesome spacious y",9 Mar 2026,2026-03-27T17:03:37.203510+00:00,to-rent,gauteng,johannesburg-metro,johannesburg-south,naturena
privateproperty,RR4626388,https://www.privateproperty.co.za/to-rent/gauteng/johannesburg-metro/sandton/kelvin/RR4626388,3 Bedroom House in Kelvin,17000.0,Kelvin,Sandton,Gauteng,House,3.0,2.0,6.0,4.0,,,,,1.0,Available Now,"3 Bedroom House in Kelvin, House in Kelvin, Sandton, is a beautifully maintained 3-bedroom home offering comfort, convenience,",9 Mar 2026,2026-03-27T17:03:41.223198+00:00,to-rent,gauteng,johannesburg-metro,sandton,kelvin
privateproperty,RR4626328,https://www.privateproperty.co.za/to-rent/gauteng/johannesburg-metro/sandton/wendywood/RR4626328,3 Bedroom House in Wendywood,21000.0,Wendywood,Sandton,Gauteng,House,3.0,2.0,2.0,2.0,400.0,1.0,,,,Available Now,"3 Bedroom House in Wendywood, Set on a generous 1,115 m2 stand in the sought-after suburb of Wendywood, this newly renovated 3-bed",9 Mar 2026,2026-03-27T17:03:44.928140+00:00,to-rent,gauteng,johannesburg-metro,sandton,wendywood
privateproperty,RR4626242,https://www.privateproperty.co.za/to-rent/gauteng/johannesburg-metro/sandton/sandton-central/RR4626242,2 Bedroom House in Sandton Central,20000.0,Sandton Central,Sandton,Gauteng,House,2.0,2.0,2.0,2.0,,,,,1.0,Available Now,"2 Bedroom House in Sandton Central, Sandton Hideout Lela Apartment Modern Luxury with Flexible Stays in the Heart of Sandton Welcome to",9 Mar 2026,2026-03-27T17:03:48.310769+00:00,to-rent,gauteng,johannesburg-metro,sandton,sandton-central
privateproperty,RR4039121,https://www.privateproperty.co.za/to-rent/gauteng/johannesburg-metro/sandton/dainfern/RR4039121,2 Bedroom House in Dainfern,6500.0,Dainfern,Sandton,Gauteng,House,2.0,1.0,,,45.0,180.0,,,1.0,Available Now,"2 Bedroom House in Dainfern, 2 bedroom house available for rental 2 bedroom house available for rental in the lovely neighbourhoo",9 Mar 2026,2026-03-27T17:03:51.536672+00:00,to-rent,gauteng,johannesburg-metro,sandton,dainfern
privateproperty,RR4626146,https://www.privateproperty.co.za/to-rent/gauteng/johannesburg-metro/sandton/beverley/117-13-fountain-road/RR4626146,3 Bedroom House in Beverley,27000.0,Beverley,Sandton,Gauteng,House,3.0,3.0,4.0,2.0,276.0,501.0,,,,Available 1 April 2026,"3 Bedroom House in Beverley, 117-13 FOUNTAIN Road, LARGE FAMILY HOME IN BEVERLEY Perfect for the growing the family Available 1 April 2026 or sooner i",9 Mar 2026,2026-03-27T17:03:54.887858+00:00,to-rent,gauteng,johannesburg-metro,sandton,beverley
privateproperty,RR2358437,https://www.privateproperty.co.za/to-rent/gauteng/johannesburg-metro/midrand/jukskei-view/20-bunting-street/RR2358437,2 Bedroom House in Jukskei View,7000.0,Jukskei View,Midrand,Gauteng,House,2.0,1.0,4.0,,55.0,380.0,,,,,"2 Bedroom House in Jukskei View, 20 Bunting Street, House available for rental to a family not negotiable. 2Bedroom 1Bathroom house available for rent",9 Mar 2026,2026-03-27T17:03:57.990544+00:00,to-rent,gauteng,johannesburg-metro,midrand,jukskei-view
privateproperty,RR4626001,https://www.privateproperty.co.za/to-rent/gauteng/johannesburg-metro/midrand/clayville/ma120-clayville/9080-aurum-road/RR4626001,3 Bedroom House in Clayville,7900.0,Clayville,Midrand,Gauteng,House,2.0,2.0,2.0,,,,,,,Available Now,"3 Bedroom House in Clayville, MA120 Clayville, 9080 Aurum Road, Freestanding 3 Bedroom House for Rent Clayville Extension 37 Neat and well-maintained 3 bedroom, 2",9 Mar 2026,2026-03-27T17:04:01.288346+00:00,to-rent,gauteng,johannesburg-metro,midrand,clayville
privateproperty,RR4625955,https://www.privateproperty.co.za/to-rent/gauteng/johannesburg-metro/midrand/clayville/RR4625955,3 Bedroom House in Clayville,8400.0,Clayville,Midrand,Gauteng,House,3.0,1.0,2.0,,,180.0,,,,Available Now,"3 Bedroom House in Clayville, Comfortable 3-Bedroom Family Home for Rent Simple Living, Great Space This neat and comfortable 3",9 Mar 2026,2026-03-27T17:04:05.129680+00:00,to-rent,gauteng,johannesburg-metro,midrand,clayville
privateproperty,RR4625952,https://www.privateproperty.co.za/to-rent/gauteng/johannesburg-metro/sandton/hurlingham-manor/RR4625952,4 Bedroom House in Hurlingham Manor,55000.0,Hurlingham Manor,Sandton,Gauteng,House,4.0,3.5,2.0,,420.0,850.0,,,0.0,Available Now,"4 Bedroom House in Hurlingham Manor, This beautifully designed 4-bedroom home offers the ideal blend of modern comfort, superb entertainm",9 Mar 2026,2026-03-27T17:04:08.445094+00:00,to-rent,gauteng,johannesburg-metro,sandton,hurlingham-manor
privateproperty,RR4428145,https://www.privateproperty.co.za/to-rent/gauteng/johannesburg-metro/soweto/protea-glen/RR4428145,3 Bedroom House in Protea Glen,6000.0,Protea Glen,Soweto,Gauteng,House,3.0,2.0,1.0,,,,,,,,"3 Bedroom House in Protea Glen, Elegant 3-Bedroom Oasis in Protea Glen Extension 28 Nestled in the desirable Protea Glen Extension",9 Mar 2026,2026-03-27T17:04:11.064990+00:00,to-rent,gauteng,johannesburg-metro,soweto,protea-glen
privateproperty,RR4625523,https://www.privateproperty.co.za/to-rent/gauteng/johannesburg-metro/johannesburg-central/bezuidenhout-valley/1259-albertina-sisulu-road/RR4625523,3 Bedroom House in Bezuidenhout Valley,6350.0,Bezuidenhout Valley,Johannesburg Central,Gauteng,House,3.0,1.0,1.0,,,,,,,,"3 Bedroom House in Bezuidenhout Valley, 1259 ALBERTINA SISULU ROAD, A secure, clean, well managed and regularly maintained Semi Detached house with 3 x bedrooms, 1 x ki",9 Mar 2026,2026-03-27T17:04:13.798709+00:00,to-rent,gauteng,johannesburg-metro,johannesburg-central,bezuidenhout-valley
privateproperty,RR4625564,https://www.privateproperty.co.za/to-rent/gauteng/johannesburg-metro/northcliff/brixton/RR4625564,1 Bedroom House in Brixton,3300.0,Brixton,Northcliff,Gauteng,House,1.0,1.0,,,45.0,,,,1.0,Available Now,"1 Bedroom House in Brixton, NSFAS ACCREDITED STUDENT ACCOMMODATION AVAILABLE!!! Mafadi Brixton provides you with everything th",9 Mar 2026,2026-03-27T17:04:16.668982+00:00,to-rent,gauteng,johannesburg-metro,northcliff,brixton
privateproperty,RR4625281,https://www.privateproperty.co.za/to-rent/gauteng/johannesburg-metro/midrand/halfway-gardens/RR4625281,3 Bedroom House in Halfway Gardens,13000.0,Halfway Gardens,Midrand,Gauteng,House,3.0,2.0,3.0,1.0,400.0,,,,,,"3 Bedroom House in Halfway Gardens, Located in Halfway Gardens, Midrand within a security estate. Close -3kms to Halfway House Primary,",9 Mar 2026,2026-03-27T17:04:20.310412+00:00,to-rent,gauteng,johannesburg-metro,midrand,halfway-gardens
privateproperty,RR4625526,https://www.privateproperty.co.za/to-rent/gauteng/johannesburg-metro/sandton/bramley/RR4625526,4 Bedroom House in Bramley,19500.0,Bramley,Sandton,Gauteng,House,4.0,3.0,3.0,2.0,,,,,,,"4 Bedroom House in Bramley, HOUSE TO RENT IN BRAMLEY!!! Specious 4 bedroom house to rent in Bramley,2 modern showers,4 toilets,",9 Mar 2026,2026-03-27T17:04:23.814373+00:00,to-rent,gauteng,johannesburg-metro,sandton,bramley
privateproperty,RR4625504,https://www.privateproperty.co.za/to-rent/gauteng/johannesburg-metro/sandton/bryanston/61-royce-road/RR4625504,3 Bedroom House in Bryanston,20000.0,Bryanston,Sandton,Gauteng,House,3.0,2.0,3.0,2.0,214.0,,,,,,"3 Bedroom House in Bryanston, 61 Royce Road, 3 bedroom and 2 bathroom comfortable and secure beautiful face-brick family home. Ideally located in",9 Mar 2026,2026-03-27T17:04:26.561740+00:00,to-rent,gauteng,johannesburg-metro,sandton,bryanston
privateproperty,RR4625501,https://www.privateproperty.co.za/to-rent/gauteng/johannesburg-metro/sandton/river-club/RR4625501,3 Bedroom House in River Club,35000.0,River Club,Sandton,Gauteng,House,2.0,2.0,2.0,2.0,,,,,,Available Now,"3 Bedroom House in River Club, Elegant Freestanding Residence with Premium Utilities This distinguished freestanding home offers r",9 Mar 2026,2026-03-27T17:04:30.000033+00:00,to-rent,gauteng,johannesburg-metro,sandton,river-club
privateproperty,RR4625481,https://www.privateproperty.co.za/to-rent/gauteng/johannesburg-metro/north-riding-to-lanseria/cosmo-city/RR4625481,2 Bedroom House in Cosmo City,6500.0,Cosmo City,North Riding To Lanseria,Gauteng,House,2.0,1.0,1.0,,,,,,,,"2 Bedroom House in Cosmo City, HOUSE TO RENT IN COSMO CITY 2Bbedroom,1bathroom with bath-tub and toilet,Kitchen fitted with cupboa",9 Mar 2026,2026-03-27T17:04:33.374506+00:00,to-rent,gauteng,johannesburg-metro,north-riding-to-lanseria,cosmo-city
privateproperty,RR4625376,https://www.privateproperty.co.za/to-rent/gauteng/johannesburg-metro/johannesburg-central/johannesburg-cbd/RR4625376,1 Bedroom House in Johannesburg CBD,6000.0,Johannesburg Cbd,Johannesburg Central,Gauteng,House,1.0,1.0,1.0,,,,,,,Available Now,"1 Bedroom House in Johannesburg CBD, Beautiful 1 Bedroom Apartment to Rent Dunsevern A well-maintained and comfortable 1 bedroom apart",8 Mar 2026,2026-03-27T17:04:37.279821+00:00,to-rent,gauteng,johannesburg-metro,johannesburg-central,johannesburg-cbd
privateproperty,RR4625356,https://www.privateproperty.co.za/to-rent/gauteng/johannesburg-metro/north-riding-to-lanseria/north-riding/RR4625356,1 Bedroom House in North Riding,7600.0,North Riding,North Riding To Lanseria,Gauteng,House,1.0,1.0,1.0,,,,,,1.0,Available Now,"1 Bedroom House in North Riding, Peaceful Shared Living for the Over-65s Comfortable and Secure Home Environment PLEASE READ THE DE",8 Mar 2026,2026-03-27T17:04:39.809872+00:00,to-rent,gauteng,johannesburg-metro,north-riding-to-lanseria,north-riding
privateproperty,RR4625342,https://www.privateproperty.co.za/to-rent/gauteng/johannesburg-metro/bedfordview/bedfordview/RR4625342,3 Bedroom House in Bedfordview,27000.0,Bedfordview,Bedfordview,Gauteng,House,3.0,2.0,4.0,,,,,,,Available Now,"3 Bedroom House in Bedfordview, Pool business large home Garden of Eden. This home used to run as a POOL business with heated indoo",8 Mar 2026,2026-03-27T17:04:43.479534+00:00,to-rent,gauteng,johannesburg-metro,bedfordview,bedfordview
privateproperty,RR4625241,https://www.privateproperty.co.za/to-rent/gauteng/johannesburg-metro/sandton/lombardy-east/RR4625241,4 Bedroom House in Lombardy East,17500.0,Lombardy East,Sandton,Gauteng,House,4.0,2.0,2.0,2.0,,,,,,Available Now,"4 Bedroom House in Lombardy East, Elegant Home with Endless Potential on Expansive Stand! Step into luxury living on this stunning pr",8 Mar 2026,2026-03-27T17:04:47.773927+00:00,to-rent,gauteng,johannesburg-metro,sandton,lombardy-east
privateproperty,RR4625223,https://www.privateproperty.co.za/to-rent/gauteng/johannesburg-metro/sandton/dainfern/RR4625223,2 Bedroom House in Dainfern,7000.0,Dainfern,Sandton,Gauteng,House,2.0,1.0,2.0,,,,,,,,"2 Bedroom House in Dainfern, Beautiful Stand-Alone House for Rent Riverside View A beautiful 2-bedroom stand-alone house is ava",7 Mar 2026,2026-03-27T17:04:51.900734+00:00,to-rent,gauteng,johannesburg-metro,sandton,dainfern
privateproperty,RR4625216,https://www.privateproperty.co.za/to-rent/gauteng/johannesburg-metro/northcliff/brixton/RR4625216,4 Bedroom House in Brixton,5000.0,Brixton,Northcliff,Gauteng,House,4.0,2.0,,,233.0,495.0,,,1.0,Available Now,"4 Bedroom House in Brixton, EXCELLENT LOCATION NSFAS Accredited , at NSFAS rates . Bursary Students . Single Lockable Priva",7 Mar 2026,2026-03-27T17:04:54.731546+00:00,to-rent,gauteng,johannesburg-metro,northcliff,brixton
privateproperty,RR4625191,https://www.privateproperty.co.za/to-rent/gauteng/johannesburg-metro/sandton/pineslopes/RR4625191,2 Bedroom House in Pineslopes,9300.0,Pineslopes,Sandton,Gauteng,House,2.0,1.0,1.0,,69.0,,,,,,"2 Bedroom House in Pineslopes, Situated in a popular Lonehill complex, this lock-up-and-go apartment offers a convenient and easy l",7 Mar 2026,2026-03-27T17:04:58.976888+00:00,to-rent,gauteng,johannesburg-metro,sandton,pineslopes
privateproperty,RR4625109,https://www.privateproperty.co.za/to-rent/gauteng/johannesburg-metro/johannesburg-central/bramley-view/RR4625109,3 Bedroom House in Bramley View,10000.0,Bramley View,Johannesburg Central,Gauteng,House,3.0,2.0,,,,,,,,Available Now,"3 Bedroom House in Bramley View, 3-Bedroom House for Rent Spacious with Great Potential This 3-bedroom, 2-bathroom home offers comfo",7 Mar 2026,2026-03-27T17:05:02.130164+00:00,to-rent,gauteng,johannesburg-metro,johannesburg-central,bramley-view
privateproperty,RR4625101,https://www.privateproperty.co.za/to-rent/gauteng/johannesburg-metro/sandton/dainfern/RR4625101,3 Bedroom House in Dainfern,7500.0,Dainfern,Sandton,Gauteng,House,3.0,1.5,2.0,,52.0,160.0,,,,Available Now,"3 Bedroom House in Dainfern, 3 Bedroom House Perfect home to rent Are you looking for a place to rent we have this lovely three",7 Mar 2026,2026-03-27T17:05:06.101090+00:00,to-rent,gauteng,johannesburg-metro,sandton,dainfern
privateproperty,RR4625076,https://www.privateproperty.co.za/to-rent/gauteng/johannesburg-metro/midrand/ebony-park/rabie-ridge/RR4625076,2 Bedroom House in Rabie Ridge,5500.0,Ebony Park,Midrand,Gauteng,House,1.0,1.0,1.0,1.0,,,,,,Available Now,"2 Bedroom House in Rabie Ridge, Spacious 2-Bedroom Rental Home This neat and well-maintained property offers comfortable living and",7 Mar 2026,2026-03-27T17:05:10.180818+00:00,to-rent,gauteng,johannesburg-metro,midrand,ebony-park
privateproperty,RR4625068,https://www.privateproperty.co.za/to-rent/gauteng/johannesburg-metro/bedfordview/bedfordview/5-lacey-lane/RR4625068,3 Bedroom House in Bedfordview,27000.0,Bedfordview,Bedfordview,Gauteng,House,3.0,2.5,4.0,,,,,,,Available Now,"3 Bedroom House in Bedfordview, 5 Lacey lane, This safe and secure home can also be used as business premises, swim school or a comfortable home f",7 Mar 2026,2026-03-27T17:05:14.249765+00:00,to-rent,gauteng,johannesburg-metro,bedfordview,bedfordview
privateproperty,RR4625028,https://www.privateproperty.co.za/to-rent/gauteng/johannesburg-metro/sandton/dainfern-ridge/RR4625028,3 Bedroom House in Dainfern Ridge,35000.0,Dainfern Ridge,Sandton,Gauteng,House,3.0,2.5,2.0,2.0,300.0,625.0,,,,,"3 Bedroom House in Dainfern Ridge, Well kept double storey home within walking distance to Dainfern College. Positioned on an attractiv",7 Mar 2026,2026-03-27T17:05:29.299551+00:00,to-rent,gauteng,johannesburg-metro,sandton,dainfern-ridge
privateproperty,RR4625026,https://www.privateproperty.co.za/to-rent/gauteng/johannesburg-metro/sandton/dainfern-valley/RR4625026,6 Bedroom House in Dainfern Valley,55000.0,Dainfern Valley,Sandton,Gauteng,House,6.0,4.5,3.0,3.0,600.0,1.0,,,,Available Now,"6 Bedroom House in Dainfern Valley, Spacious Executive Residence in Secure Lifestyle Estate This distinguished residence combines luxuri",7 Mar 2026,2026-03-27T17:05:32.646498+00:00,to-rent,gauteng,johannesburg-metro,sandton,dainfern-valley
privateproperty,RR4625010,https://www.privateproperty.co.za/to-rent/gauteng/johannesburg-metro/sandton/dainfern/dainfern-golf-estate/RR4625010,4 Bedroom House in Dainfern Golf Estate,55000.0,Dainfern,Sandton,Gauteng,House,4.0,3.0,2.0,2.0,421.0,742.0,,,,Available Now,"4 Bedroom House in Dainfern Golf Estate, Exceptional, Modern Family Home. Perfectly positioned within the prestigious Dainfern Golf Estate an",6 Mar 2026,2026-03-27T17:05:36.133970+00:00,to-rent,gauteng,johannesburg-metro,sandton,dainfern
privateproperty,RR4625009,https://www.privateproperty.co.za/to-rent/gauteng/johannesburg-metro/sandton/morningside/RR4625009,5 Bedroom House in Morningside,45000.0,Morningside,Sandton,Gauteng,House,5.0,5.0,,,380.0,400.0,,,,Available Now,"5 Bedroom House in Morningside, 4 Bedroom modern cluster This stunning modern cluster home is thoughtfully designed for comfortable",6 Mar 2026,2026-03-27T17:05:39.972256+00:00,to-rent,gauteng,johannesburg-metro,sandton,morningside
privateproperty,RR4624984,https://www.privateproperty.co.za/to-rent/gauteng/johannesburg-metro/sandton/dainfern/dainfern-golf-estate/RR4624984,5 Bedroom House in Dainfern Golf Estate,40000.0,Dainfern,Sandton,Gauteng,House,5.0,4.0,2.0,2.0,402.0,886.0,,,,,"5 Bedroom House in Dainfern Golf Estate, Nestled in the prestigious Willowgrove Village within Dainfern Golf Estate. The home welcomes you",6 Mar 2026,2026-03-27T17:05:43.191291+00:00,to-rent,gauteng,johannesburg-metro,sandton,dainfern
privateproperty,RR3978586,https://www.privateproperty.co.za/to-rent/gauteng/johannesburg-metro/bedfordview/bedfordview/RR3978586,5 Bedroom House in Bedfordview,40000.0,Bedfordview,Bedfordview,Gauteng,House,5.0,5.5,7.0,2.0,,1.0,,,,Available Now,"5 Bedroom House in Bedfordview, 5 bedroom home for rent in Bedfordview Just listed This solidly built Bedfordview family home is ne",6 Mar 2026,2026-03-27T17:05:46.453326+00:00,to-rent,gauteng,johannesburg-metro,bedfordview,bedfordview
privateproperty,RR4624928,https://www.privateproperty.co.za/to-rent/gauteng/johannesburg-metro/sandton/linbro-park/RR4624928,3 Bedroom House in Linbro Park,13000.0,Linbro Park,Sandton,Gauteng,House,3.0,2.0,2.0,,,,,,,,"3 Bedroom House in Linbro Park, Ground floor with garden. Occupation 01.04.2026 Built in cupboards in all 3 bedrooms and 2 modern b",6 Mar 2026,2026-03-27T17:05:49.609053+00:00,to-rent,gauteng,johannesburg-metro,sandton,linbro-park
privateproperty,RR4624861,https://www.privateproperty.co.za/to-rent/gauteng/johannesburg-metro/midrand/noordwyk/79-keurboom-crescent/RR4624861,3 Bedroom House in Noordwyk,16000.0,Noordwyk,Midrand,Gauteng,House,3.0,2.0,6.0,2.0,1.0,1.0,,,,Available Now,"3 Bedroom House in Noordwyk, 79 Keurboom Crescent, Stunning Family Home on a Large Stand in a Secure enclosed community Welcome to this beautifully ma",6 Mar 2026,2026-03-27T17:05:53.648886+00:00,to-rent,gauteng,johannesburg-metro,midrand,noordwyk
privateproperty,RR3112786,https://www.privateproperty.co.za/to-rent/gauteng/johannesburg-metro/sandton/dainfern-ridge/RR3112786,3 Bedroom House in Dainfern Ridge,35000.0,Dainfern Ridge,Sandton,Gauteng,House,3.0,2.5,4.0,2.0,300.0,603.0,,,,,"3 Bedroom House in Dainfern Ridge, This fabulous 3 bedroom home consists of a open plan dining area, two lounges leading out onto a sp",6 Mar 2026,2026-03-27T17:05:56.347815+00:00,to-rent,gauteng,johannesburg-metro,sandton,dainfern-ridge
privateproperty,RR4172855,https://www.privateproperty.co.za/to-rent/gauteng/johannesburg-metro/north-riding-to-lanseria/cosmo-city/RR4172855,2 Bedroom House in Cosmo City,6500.0,Cosmo City,North Riding To Lanseria,Gauteng,House,2.0,1.0,2.0,,,,,,,,"2 Bedroom House in Cosmo City, 2 Bedroom House to rent in Cosmo Creek, Cosmo Creek is situated just off Malibongwe Drive, next to",6 Mar 2026,2026-03-27T17:05:59.470822+00:00,to-rent,gauteng,johannesburg-metro,north-riding-to-lanseria,cosmo-city
privateproperty,RR4624789,https://www.privateproperty.co.za/to-rent/gauteng/johannesburg-metro/soweto/soweto-central/RR4624789,2 Bedroom House in Soweto Central,4800.0,Soweto Central,Soweto,Gauteng,House,2.0,1.0,1.0,,,,,,,Available Now,"2 Bedroom House in Soweto Central, Property Features 2 Bedrooms with Built-in Cupboards BIC Comfortable lounge area Fully fitted kit",6 Mar 2026,2026-03-27T17:06:03.027643+00:00,to-rent,gauteng,johannesburg-metro,soweto,soweto-central
privateproperty,RR4624603,https://www.privateproperty.co.za/to-rent/gauteng/johannesburg-metro/sandton/fourways/RR4624603,4 Bedroom House in Fourways,36000.0,Fourways,Sandton,Gauteng,House,4.0,2.0,2.0,2.0,,,,,,,"4 Bedroom House in Fourways, This spacious and beautifull three storey house is available to rent in the secure and sought after",6 Mar 2026,2026-03-27T17:06:06.483949+00:00,to-rent,gauteng,johannesburg-metro,sandton,fourways
privateproperty,RR4624590,https://www.privateproperty.co.za/to-rent/gauteng/johannesburg-metro/sandton/beverley/RR4624590,2 Bedroom House in Beverley,13500.0,Beverley,Sandton,Gauteng,House,2.0,1.0,1.0,,86.0,1.0,,,1.0,,"2 Bedroom House in Beverley, This modern and well-maintained 2-bedroom apartment is located in a secure Beverley complex, offerin",6 Mar 2026,2026-03-27T17:06:09.743755+00:00,to-rent,gauteng,johannesburg-metro,sandton,beverley
privateproperty,RR4624583,https://www.privateproperty.co.za/to-rent/gauteng/johannesburg-metro/northcliff/montgomery-park/RR4624583,1 Bedroom House in Montgomery Park,4700.0,Montgomery Park,Northcliff,Gauteng,House,1.0,1.0,1.0,,35.0,1.0,,,,Available Now,"1 Bedroom House in Montgomery Park, Garden Cottage to rent Perfect for young business woman This lovely bedsit apartment is safe secur",6 Mar 2026,2026-03-27T17:06:13.004952+00:00,to-rent,gauteng,johannesburg-metro,northcliff,montgomery-park
privateproperty,RR4624526,https://www.privateproperty.co.za/to-rent/gauteng/johannesburg-metro/north-riding-to-lanseria/north-riding/RR4624526,2 Bedroom House in North Riding,8500.0,North Riding,North Riding To Lanseria,Gauteng,House,2.0,1.0,2.0,,107.0,107.0,,,,Available Now,"2 Bedroom House in North Riding, 2 bed , 1 bath Apartment in Northriding Available Immediately Beautiful , newly renovated and well",6 Mar 2026,2026-03-27T17:06:15.754280+00:00,to-rent,gauteng,johannesburg-metro,north-riding-to-lanseria,north-riding
privateproperty,RR4624462,https://www.privateproperty.co.za/to-rent/gauteng/johannesburg-metro/midrand/waterfall-country-village/RR4624462,4 Bedroom House in Waterfall Country Village,67000.0,Waterfall Country Village,Midrand,Gauteng,House,4.0,4.5,2.0,2.0,382.0,622.0,,,0.0,,"4 Bedroom House in Waterfall Country Village, This stunning modern 4-bedroom, 4.5-bathroom residence offers an exceptional combination of luxury,",6 Mar 2026,2026-03-27T17:06:18.508509+00:00,to-rent,gauteng,johannesburg-metro,midrand,waterfall-country-village
privateproperty,RR4624411,https://www.privateproperty.co.za/to-rent/gauteng/johannesburg-metro/northcliff/greenside/RR4624411,3 Bedroom House in Greenside,15000.0,Greenside,Northcliff,Gauteng,House,2.0,2.0,2.0,,,,,,,,"3 Bedroom House in Greenside, Charming Semi Detached Home To Let in the heart ofGreenside This well-located semi-detached home off",6 Mar 2026,2026-03-27T17:06:22.827301+00:00,to-rent,gauteng,johannesburg-metro,northcliff,greenside
privateproperty,RR4624382,https://www.privateproperty.co.za/to-rent/gauteng/johannesburg-metro/northcliff/florida-glen/1-tugela-avenue/RR4624382,5 Bedroom House in Florida Glen,22000.0,Florida Glen,Northcliff,Gauteng,House,5.0,4.0,5.0,2.0,,,,,,,"5 Bedroom House in Florida Glen, 1 Tugela avenue, This double storey house in Florida Glen has too many features to mention. Located in Tugela Road Fl",6 Mar 2026,2026-03-27T17:06:25.667243+00:00,to-rent,gauteng,johannesburg-metro,northcliff,florida-glen
privateproperty,RR4624188,https://www.privateproperty.co.za/to-rent/gauteng/johannesburg-metro/sandton/douglasdale/3-glenluce-avenue/RR4624188,1 Bedroom House in Douglasdale,6800.0,Douglasdale,Sandton,Gauteng,House,1.0,1.0,,,,,,,,,"1 Bedroom House in Douglasdale, 3 Glenluce Avenue, This 1 Bed garden cottage in Douglasdale is up for occupation from 1 April 2026. The cottage consist",6 Mar 2026,2026-03-27T17:06:29.949067+00:00,to-rent,gauteng,johannesburg-metro,sandton,douglasdale
privateproperty,RR4624245,https://www.privateproperty.co.za/to-rent/gauteng/johannesburg-metro/midrand/noordwyk/RR4624245,3 Bedroom House in Noordwyk,13500.0,Noordwyk,Midrand,Gauteng,House,3.0,2.0,2.0,2.0,,375.0,,,,Available Now,"3 Bedroom House in Noordwyk, A lovely house in a pleasant and secure complex is available for you in Sagewood, Midrand. It has",6 Mar 2026,2026-03-27T17:06:34.071869+00:00,to-rent,gauteng,johannesburg-metro,midrand,noordwyk
privateproperty,RR4624243,https://www.privateproperty.co.za/to-rent/gauteng/johannesburg-metro/midrand/carlswald/RR4624243,3 Bedroom House in Carlswald,16000.0,Carlswald,Midrand,Gauteng,House,3.0,2.0,4.0,2.0,122.0,,,,,Available Now,"3 Bedroom House in Carlswald, This well-located unit in Halfway Gardens offers open-plan living, with a spacious remodelled kitche",6 Mar 2026,2026-03-27T17:06:36.831613+00:00,to-rent,gauteng,johannesburg-metro,midrand,carlswald
privateproperty,RR4404359,https://www.privateproperty.co.za/to-rent/gauteng/johannesburg-metro/midrand/country-view/RR4404359,1 Bedroom House in Country View,3500.0,Country View,Midrand,Gauteng,House,1.0,1.0,,,,,,,,Available Now,"1 Bedroom House in Country View, Stunning 2bedroom house for sharing. The house offers a spacious kitchen with enough cupboard space",6 Mar 2026,2026-03-27T17:06:40.279351+00:00,to-rent,gauteng,johannesburg-metro,midrand,country-view
privateproperty,RR4624224,https://www.privateproperty.co.za/to-rent/gauteng/johannesburg-metro/midrand/vorna-valley/RR4624224,3 Bedroom House in Vorna Valley,11800.0,Vorna Valley,Midrand,Gauteng,House,3.0,2.0,3.0,2.0,,,,,,Available Now,"3 Bedroom House in Vorna Valley, 3-Bedroom House with Lockable Garage Available for Rental A beautiful 3-bedroom house is available",6 Mar 2026,2026-03-27T17:06:42.821853+00:00,to-rent,gauteng,johannesburg-metro,midrand,vorna-valley
privateproperty,RR4427513,https://www.privateproperty.co.za/to-rent/gauteng/johannesburg-metro/sandton/fourways/RR4427513,3 Bedroom House in Fourways,28000.0,Fourways,Sandton,Gauteng,House,2.0,2.0,4.0,2.0,265.0,372.0,,,,Available Now,"3 Bedroom House in Fourways, Exclusive lifestyle Estate with superior Shopping, medical and schools on your doorstep. Offering yo",5 Mar 2026,2026-03-27T17:06:45.478874+00:00,to-rent,gauteng,johannesburg-metro,sandton,fourways
privateproperty,RR4624197,https://www.privateproperty.co.za/to-rent/gauteng/johannesburg-metro/bedfordview/bedfordview/RR4624197,3 Bedroom House in Bedfordview,26000.0,Bedfordview,Bedfordview,Gauteng,House,3.0,2.0,6.0,,,,,,,Available Now,"3 Bedroom House in Bedfordview, Set in a quiet, boomed-off pocket of Bedfordview with a dedicated security guard, this spacious 3bed",5 Mar 2026,2026-03-27T17:06:49.140631+00:00,to-rent,gauteng,johannesburg-metro,bedfordview,bedfordview
privateproperty,RR4143318,https://www.privateproperty.co.za/to-rent/gauteng/johannesburg-metro/sandton/broadacres/RR4143318,3 Bedroom House in Broadacres,18000.0,Broadacres,Sandton,Gauteng,House,3.0,2.0,2.0,2.0,,,,,,Available Now,"3 Bedroom House in Broadacres, Free standing house in Complex: Neat home Three bed Two bath. The kitchen with breakfast nook, st",5 Mar 2026,2026-03-27T17:06:52.559829+00:00,to-rent,gauteng,johannesburg-metro,sandton,broadacres
privateproperty,RR4354229,https://www.privateproperty.co.za/to-rent/gauteng/johannesburg-metro/sandton/broadacres/RR4354229,3 Bedroom House in Broadacres,18000.0,Broadacres,Sandton,Gauteng,House,3.0,2.0,2.0,2.0,,,,,,,"3 Bedroom House in Broadacres, Free standing house in Complex: Neat home Three bed Two bath. The kitchen with breakfast nook, sto",5 Mar 2026,2026-03-27T17:06:56.711918+00:00,to-rent,gauteng,johannesburg-metro,sandton,broadacres
privateproperty,RR4624094,https://www.privateproperty.co.za/to-rent/gauteng/johannesburg-metro/sandton/dainfern/dainfern-golf-estate/RR4624094,3 Bedroom House in Dainfern Golf Estate,38000.0,Dainfern,Sandton,Gauteng,House,3.0,1.0,2.0,2.0,250.0,413.0,,,,,"3 Bedroom House in Dainfern Golf Estate, Spacious North facing cluster inside the secure Dainfern Golf Estate. This unit has been previously",5 Mar 2026,2026-03-27T17:07:00.678413+00:00,to-rent,gauteng,johannesburg-metro,sandton,dainfern
privateproperty,RR4624078,https://www.privateproperty.co.za/to-rent/gauteng/johannesburg-metro/randburg/robin-hills/RR4624078,3 Bedroom House in Robin Hills,21000.0,Robin Hills,Randburg,Gauteng,House,3.0,3.0,8.0,2.0,,,,,,,"3 Bedroom House in Robin Hills, If you are looking for a work from home solution, this is the house you have been looking for. The h",5 Mar 2026,2026-03-27T17:07:03.219378+00:00,to-rent,gauteng,johannesburg-metro,randburg,robin-hills
privateproperty,RR4623986,https://www.privateproperty.co.za/to-rent/gauteng/johannesburg-metro/bedfordview/bedfordview/RR4623986,4 Bedroom House in Bedfordview,65000.0,Bedfordview,Bedfordview,Gauteng,House,4.0,4.0,4.0,3.0,400.0,1.0,,,,Available Now,"4 Bedroom House in Bedfordview, Get ready to experience the ultimate in luxury living! This stunning contemporary masterpiece, desig",5 Mar 2026,2026-03-27T17:07:06.394073+00:00,to-rent,gauteng,johannesburg-metro,bedfordview,bedfordview
privateproperty,RR4623976,https://www.privateproperty.co.za/to-rent/gauteng/johannesburg-metro/rosebank-and-parktown/houghton-estate/RR4623976,6 Bedroom House in Houghton Estate,50000.0,Houghton Estate,Rosebank And Parktown,Gauteng,House,6.0,4.5,6.0,2.0,,,,,,Available Now,"6 Bedroom House in Houghton Estate, Experience the pinnacle of suburban luxury in this stately 6-bedroom manor, perfectly positioned on",5 Mar 2026,2026-03-27T17:07:09.840613+00:00,to-rent,gauteng,johannesburg-metro,rosebank-and-parktown,houghton-estate
privateproperty,RR4623974,https://www.privateproperty.co.za/to-rent/gauteng/johannesburg-metro/sandton/dainfern-ridge/RR4623974,3 Bedroom House in Dainfern Ridge,35000.0,Dainfern Ridge,Sandton,Gauteng,House,3.0,2.5,2.0,2.0,300.0,600.0,,,,,"3 Bedroom House in Dainfern Ridge, This delightful double-storey 3-bedroom home is perfect for the family that love to entertain. Dain",5 Mar 2026,2026-03-27T17:07:13.928026+00:00,to-rent,gauteng,johannesburg-metro,sandton,dainfern-ridge
privateproperty,RR4623877,https://www.privateproperty.co.za/to-rent/gauteng/johannesburg-metro/sandton/dainfern/dainfern-golf-estate/RR4623877,3 Bedroom House in Dainfern Golf Estate,45000.0,Dainfern,Sandton,Gauteng,House,3.0,2.5,6.0,3.0,390.0,1.0,,,,,"3 Bedroom House in Dainfern Golf Estate, This charming three-bedroom residence is perfectly positioned on a spacious north-facing stand that",5 Mar 2026,2026-03-27T17:07:16.779019+00:00,to-rent,gauteng,johannesburg-metro,sandton,dainfern
privateproperty,RR4623878,https://www.privateproperty.co.za/to-rent/gauteng/johannesburg-metro/midrand/barbeque-downs/RR4623878,4 Bedroom House in Barbeque Downs,25000.0,Barbeque Downs,Midrand,Gauteng,House,4.0,3.5,2.0,2.0,,,,,,Available Now,"4 Bedroom House in Barbeque Downs, Spacious Family Home to Rent in Silverwood Estate, Kyalami Located in Montrose Estate, Kyalami, thi",5 Mar 2026,2026-03-27T17:07:21.028499+00:00,to-rent,gauteng,johannesburg-metro,midrand,barbeque-downs
privateproperty,RR4623870,https://www.privateproperty.co.za/to-rent/gauteng/johannesburg-metro/johannesburg-south/suideroord/RR4623870,3 Bedroom House in Suideroord,11500.0,Suideroord,Johannesburg South,Gauteng,House,3.0,2.0,4.0,2.0,,,,,,Available Now,"3 Bedroom House in Suideroord, This fairly spacious three bedroom home is situated in the well located suburb of Suideroord in the",5 Mar 2026,2026-03-27T17:07:24.597650+00:00,to-rent,gauteng,johannesburg-metro,johannesburg-south,suideroord
privateproperty,RR3393672,https://www.privateproperty.co.za/to-rent/gauteng/johannesburg-metro/sandton/dainfern-ridge/RR3393672,3 Bedroom House in Dainfern Ridge,35000.0,Dainfern Ridge,Sandton,Gauteng,House,3.0,2.5,2.0,2.0,,600.0,,,,,"3 Bedroom House in Dainfern Ridge, This double-storey family home in Dainfern Ridge offers spacious living in a secure estate setting.",5 Mar 2026,2026-03-27T17:07:28.208774+00:00,to-rent,gauteng,johannesburg-metro,sandton,dainfern-ridge
privateproperty,RR4623830,https://www.privateproperty.co.za/to-rent/gauteng/johannesburg-metro/sandton/dainfern-valley/RR4623830,6 Bedroom House in Dainfern Valley,55000.0,Dainfern Valley,Sandton,Gauteng,House,6.0,5.0,6.0,3.0,,1.0,,,,Available Now,"6 Bedroom House in Dainfern Valley, Experience refined estate living in this beautifully designed family residence, perfectly positioned",5 Mar 2026,2026-03-27T17:07:32.015446+00:00,to-rent,gauteng,johannesburg-metro,sandton,dainfern-valley
privateproperty,RR4623800,https://www.privateproperty.co.za/to-rent/gauteng/johannesburg-metro/johannesburg-south/linmeyer/RR4623800,3 Bedroom House in Linmeyer,11500.0,Linmeyer,Johannesburg South,Gauteng,House,3.0,2.0,,,,,,,,,"3 Bedroom House in Linmeyer, Charming & Spacious 3-Bedroom Family Home in Linmeyer R11,500 Great Value with Water Included! Dis",5 Mar 2026,2026-03-27T17:07:35.480041+00:00,to-rent,gauteng,johannesburg-metro,johannesburg-south,linmeyer
privateproperty,RR4623783,https://www.privateproperty.co.za/to-rent/gauteng/johannesburg-metro/northcliff/westdene/RR4623783,3 Bedroom House in Westdene,18000.0,Westdene,Northcliff,Gauteng,House,3.0,1.0,2.0,,,495.0,,,,,"3 Bedroom House in Westdene, Charming Westdene Home with Flatlet and Dual Kitchens for Rent Discover this charming 3-bedroom, 2-",5 Mar 2026,2026-03-27T17:07:38.322493+00:00,to-rent,gauteng,johannesburg-metro,northcliff,westdene
privateproperty,RR4520718,https://www.privateproperty.co.za/to-rent/gauteng/johannesburg-metro/johannesburg-central/bezuidenhout-valley/9-first-avenue/RR4520718,4 Bedroom House in Bezuidenhout Valley,7000.0,Bezuidenhout Valley,Johannesburg Central,Gauteng,House,4.0,1.0,1.0,,,,,,,,"4 Bedroom House in Bezuidenhout Valley, 9 FIRST AVENUE, A secure, clean, well managed and regularly maintained Semi Detached house with 4 x bedrooms, 1 x ki",5 Mar 2026,2026-03-27T17:07:41.654187+00:00,to-rent,gauteng,johannesburg-metro,johannesburg-central,bezuidenhout-valley
privateproperty,RR4623549,https://www.privateproperty.co.za/to-rent/gauteng/johannesburg-metro/johannesburg-central/sydenham/RR4623549,3 Bedroom House in Sydenham,15000.0,Sydenham,Johannesburg Central,Gauteng,House,3.0,1.5,1.0,1.0,435.0,335.0,,,,,"3 Bedroom House in Sydenham, SECURE FAMILY HOME AVAILABLE FOR RENT IN SYDENHAM Looking for a secure and comfortable home This st",5 Mar 2026,2026-03-27T17:07:56.295653+00:00,to-rent,gauteng,johannesburg-metro,johannesburg-central,sydenham
privateproperty,RR4623494,https://www.privateproperty.co.za/to-rent/gauteng/johannesburg-metro/midrand/kyalami-estate/RR4623494,5 Bedroom House in Kyalami Estate,55000.0,Kyalami Estate,Midrand,Gauteng,House,5.0,4.5,7.0,3.0,760.0,1.0,,,0.0,,"5 Bedroom House in Kyalami Estate, Ideal corporate rental or family home . Unfurnished. A grand home of excellent proportions embracing",5 Mar 2026,2026-03-27T17:08:00.389312+00:00,to-rent,gauteng,johannesburg-metro,midrand,kyalami-estate
privateproperty,RR2278978,https://www.privateproperty.co.za/to-rent/gauteng/johannesburg-metro/randburg/kensington-b/RR2278978,1 Bedroom House in Kensington B,6400.0,Kensington B,Randburg,Gauteng,House,1.0,1.0,4.0,,40.0,500.0,,,,Available Now,"1 Bedroom House in Kensington B, Clean 1 bedroom garden cottage with very good security, close to all local amenities. Very private w",5 Mar 2026,2026-03-27T17:08:03.716693+00:00,to-rent,gauteng,johannesburg-metro,randburg,kensington-b
privateproperty,RR4623436,https://www.privateproperty.co.za/to-rent/gauteng/johannesburg-metro/sandton/fourways/RR4623436,3 Bedroom House in Fourways,29000.0,Fourways,Sandton,Gauteng,House,3.0,2.5,6.0,,,,,,,,"3 Bedroom House in Fourways, Light & Bright, 3 Bedroom home situated in a Secure Estate This stunning, newly renovated 3-bedroom",5 Mar 2026,2026-03-27T17:08:06.294447+00:00,to-rent,gauteng,johannesburg-metro,sandton,fourways
privateproperty,RR4623437,https://www.privateproperty.co.za/to-rent/gauteng/johannesburg-metro/bedfordview/bedfordview/RR4623437,2 Bedroom House in Bedfordview,24000.0,Bedfordview,Bedfordview,Gauteng,House,2.0,2.0,,,120.0,,,,1.0,Available Now,"2 Bedroom House in Bedfordview, This furnished apartment is designed for tenants who value ease, comfort, and absolute convenience.",5 Mar 2026,2026-03-27T17:08:09.247155+00:00,to-rent,gauteng,johannesburg-metro,bedfordview,bedfordview
privateproperty,RR4623401,https://www.privateproperty.co.za/to-rent/gauteng/johannesburg-metro/midrand/waterfall-estate/4360-the-villas-waterfall/1-barbet-crescent/RR4623401,4 Bedroom House in Waterfall Estate,50700.0,Waterfall Estate,Midrand,Gauteng,House,4.0,5.0,1.0,1.0,404.0,,,,,,"4 Bedroom House in Waterfall Estate, 4360 The Villas Waterfall, 1 Barbet Crescent, Load-shedding Solutions: Solar back-up and inverter power Freestanding houses with modern li",5 Mar 2026,2026-03-27T17:08:13.450337+00:00,to-rent,gauteng,johannesburg-metro,midrand,waterfall-estate
privateproperty,RR4623210,https://www.privateproperty.co.za/to-rent/gauteng/johannesburg-metro/johannesburg-central/bezuidenhout-valley/RR4623210,1 Bedroom House in Bezuidenhout Valley,4500.0,Bezuidenhout Valley,Johannesburg Central,Gauteng,House,1.0,1.0,,,,,,,,Available Now,"1 Bedroom House in Bezuidenhout Valley, Stunning 1 bedroom house to rent in Kensington This home will be suitable for a loving family with",5 Mar 2026,2026-03-27T17:08:17.412078+00:00,to-rent,gauteng,johannesburg-metro,johannesburg-central,bezuidenhout-valley
privateproperty,RR4204016,https://www.privateproperty.co.za/to-rent/gauteng/johannesburg-metro/rosebank-and-parktown/savoy-estate/RR4204016,4 Bedroom House in Savoy Estate,21500.0,Savoy Estate,Rosebank And Parktown,Gauteng,House,4.0,3.0,4.0,,400.0,1.0,,,,Available Now,"4 Bedroom House in Savoy Estate, This lovely home is spacious and suitable for a large family. Open plan lounge dining area leads on",4 Mar 2026,2026-03-27T17:08:21.078975+00:00,to-rent,gauteng,johannesburg-metro,rosebank-and-parktown,savoy-estate
privateproperty,RR4623029,https://www.privateproperty.co.za/to-rent/gauteng/johannesburg-metro/sandton/fourways/RR4623029,4 Bedroom House in Fourways,27000.0,Fourways,Sandton,Gauteng,House,4.0,3.5,6.0,2.0,300.0,920.0,,,,,"4 Bedroom House in Fourways, Exclusive mandate! This beautiful property, which has just been completely renovated, repainted, an",4 Mar 2026,2026-03-27T17:08:24.409993+00:00,to-rent,gauteng,johannesburg-metro,sandton,fourways
privateproperty,RR4622943,https://www.privateproperty.co.za/to-rent/gauteng/johannesburg-metro/sandton/lonehill/RR4622943,3 Bedroom House in Lonehill,17500.0,Lonehill,Sandton,Gauteng,House,3.0,2.0,2.0,2.0,,430.0,,,,,"3 Bedroom House in Lonehill, Conveniently located in central Lonehill, this charming single-storey home offers the perfect blend",4 Mar 2026,2026-03-27T17:08:28.149546+00:00,to-rent,gauteng,johannesburg-metro,sandton,lonehill
privateproperty,RR4622932,https://www.privateproperty.co.za/to-rent/gauteng/johannesburg-metro/sandton/lonehill/RR4622932,3 Bedroom House in Lonehill,21000.0,Lonehill,Sandton,Gauteng,House,3.0,2.0,2.0,2.0,198.0,418.0,,,,,"3 Bedroom House in Lonehill, This well maintained single story cluster home offers a separate entrance, spacious open plan lounge",4 Mar 2026,2026-03-27T17:08:32.035346+00:00,to-rent,gauteng,johannesburg-metro,sandton,lonehill
privateproperty,RR4622925,https://www.privateproperty.co.za/to-rent/gauteng/johannesburg-metro/sandton/kelvin/28-louise-way/RR4622925,3 Bedroom House in Kelvin,25000.0,Kelvin,Sandton,Gauteng,House,3.0,2.0,,,235.0,,,,1.0,Available Now,"3 Bedroom House in Kelvin, 28 Louise Way, Furnished home in Sandton, Kelvin This stunning family home with tons of natural light in a conven",4 Mar 2026,2026-03-27T17:08:35.356470+00:00,to-rent,gauteng,johannesburg-metro,sandton,kelvin
privateproperty,RR4622792,https://www.privateproperty.co.za/to-rent/gauteng/johannesburg-metro/northcliff/westdene/RR4622792,3 Bedroom House in Westdene,15500.0,Westdene,Northcliff,Gauteng,House,3.0,2.0,2.0,,625.0,627.0,,,,,"3 Bedroom House in Westdene, Welcome to this charming 3-bedroom home nestled in the heart of Westdene, offering an ideal blend of",4 Mar 2026,2026-03-27T17:08:38.097514+00:00,to-rent,gauteng,johannesburg-metro,northcliff,westdene
privateproperty,RR4622724,https://www.privateproperty.co.za/to-rent/gauteng/johannesburg-metro/sandton/linbro-park/RR4622724,2 Bedroom House in Linbro Park,12250.0,Linbro Park,Sandton,Gauteng,House,2.0,2.0,2.0,,72.0,,,,,,"2 Bedroom House in Linbro Park, Be the first to live in this brand-new, modern 2 bedroom, 2 bathroom apartment at The Reid in sought",4 Mar 2026,2026-03-27T17:08:42.169161+00:00,to-rent,gauteng,johannesburg-metro,sandton,linbro-park
privateproperty,RR4622639,https://www.privateproperty.co.za/to-rent/gauteng/johannesburg-metro/northcliff/northcliff/RR4622639,3 Bedroom House in Northcliff,14500.0,Northcliff,Northcliff,Gauteng,House,3.0,2.0,2.0,,1.0,1.0,,,,Available Now,"3 Bedroom House in Northcliff, This 3-bedroom cluster with its big pet friendly yard is a rare find and is ideal for animal lovers.",4 Mar 2026,2026-03-27T17:08:46.189674+00:00,to-rent,gauteng,johannesburg-metro,northcliff,northcliff
privateproperty,RR4622484,https://www.privateproperty.co.za/to-rent/gauteng/johannesburg-metro/sandton/morningside/22-meadowbrook-close/RR4622484,3 Bedroom House in Morningside,38000.0,Morningside,Sandton,Gauteng,House,3.0,2.5,3.0,3.0,321.0,854.0,,,0.0,Available Now,"3 Bedroom House in Morningside, 22 Meadowbrook Close, Sophisticated 3-Bedroom Estate Residence in Secure Morningside Presenting an exceptional rental opp",4 Mar 2026,2026-03-27T17:08:49.645529+00:00,to-rent,gauteng,johannesburg-metro,sandton,morningside
privateproperty,RR4622418,https://www.privateproperty.co.za/to-rent/gauteng/johannesburg-metro/johannesburg-south/mondeor/RR4622418,3 Bedroom House in Mondeor,13400.0,Mondeor,Johannesburg South,Gauteng,House,3.0,2.0,1.0,,,,,,,,"3 Bedroom House in Mondeor, House to rent in Mondeor Lovely home available for rent in Mondeor,3 bedroom fitted with wadrobes,2",4 Mar 2026,2026-03-27T17:08:52.942430+00:00,to-rent,gauteng,johannesburg-metro,johannesburg-south,mondeor
privateproperty,RR4622304,https://www.privateproperty.co.za/to-rent/gauteng/johannesburg-metro/soweto/protea-glen/RR4622304,3 Bedroom House in Protea Glen,6500.0,Protea Glen,Soweto,Gauteng,House,3.0,2.0,2.0,,,300.0,,,,,"3 Bedroom House in Protea Glen, Three-Bedroom House to Rent This well-kept home offers practical living space and convenience, idea",4 Mar 2026,2026-03-27T17:08:56.048770+00:00,to-rent,gauteng,johannesburg-metro,soweto,protea-glen
privateproperty,RR4622273,https://www.privateproperty.co.za/to-rent/gauteng/johannesburg-metro/johannesburg-south/the-hill/RR4622273,2 Bedroom House in The Hill,6500.0,The Hill,Johannesburg South,Gauteng,House,2.0,1.0,,,,,,,,Available Now,"2 Bedroom House in The Hill, Find this beautiful, spacious and newly renovated 2 Bedroom house To Let in The Hill for R7000. Dep",4 Mar 2026,2026-03-27T17:08:59.386846+00:00,to-rent,gauteng,johannesburg-metro,johannesburg-south,the-hill
privateproperty,RR4622242,https://www.privateproperty.co.za/to-rent/gauteng/johannesburg-metro/johannesburg-south/forest-hill/RR4622242,3 Bedroom House in Forest Hill,7000.0,Forest Hill,Johannesburg South,Gauteng,House,3.0,2.0,1.0,,,,,,,Available Now,"3 Bedroom House in Forest Hill, Duplex To Let in Forest Hill. This 3 bedroom duplex in a small complex is to let in Forest hill. It",4 Mar 2026,2026-03-27T17:09:02.893232+00:00,to-rent,gauteng,johannesburg-metro,johannesburg-south,forest-hill
privateproperty,RR4622097,https://www.privateproperty.co.za/to-rent/gauteng/johannesburg-metro/north-riding-to-lanseria/northwold/RR4622097,2 Bedroom House in Northwold,8500.0,Northwold,North Riding To Lanseria,Gauteng,House,2.0,2.0,1.0,1.0,99.5,,,,,,"2 Bedroom House in Northwold, 98 STACK UNITS for rent in Maple Drive, Northwold , Randburg, Johannesburg. Directly from the develo",4 Mar 2026,2026-03-27T17:09:05.780580+00:00,to-rent,gauteng,johannesburg-metro,north-riding-to-lanseria,northwold
privateproperty,RR4622084,https://www.privateproperty.co.za/to-rent/gauteng/johannesburg-metro/north-riding-to-lanseria/olivedale/RR4622084,3 Bedroom House in Olivedale,30000.0,Olivedale,North Riding To Lanseria,Gauteng,House,3.0,3.0,2.0,2.0,270.0,347.0,,,,,"3 Bedroom House in Olivedale, Modern Luxury Living in Olivedale. Welcome to refined elegance in the heart of Olivedale. This imma",4 Mar 2026,2026-03-27T17:09:09.301960+00:00,to-rent,gauteng,johannesburg-metro,north-riding-to-lanseria,olivedale
privateproperty,RR4533240,https://www.privateproperty.co.za/to-rent/gauteng/johannesburg-metro/sandton/morningside/RR4533240,4 Bedroom House in Morningside,35000.0,Morningside,Sandton,Gauteng,House,4.0,2.5,6.0,3.0,,2.0,,,,,"4 Bedroom House in Morningside, Grand Family Home with Cottages and Staff Accommodation . Grand in both size and appearance and show",4 Mar 2026,2026-03-27T17:09:13.491017+00:00,to-rent,gauteng,johannesburg-metro,sandton,morningside
privateproperty,RR4622070,https://www.privateproperty.co.za/to-rent/gauteng/johannesburg-metro/bedfordview/bedfordview/RR4622070,3 Bedroom House in Bedfordview,25000.0,Bedfordview,Bedfordview,Gauteng,House,3.0,2.5,4.0,,1.0,,,,,Available Now,"3 Bedroom House in Bedfordview, This spacious Family Home is within a boomed-off enclosure with 24hr guarded security Large Kitche",4 Mar 2026,2026-03-27T17:09:16.619089+00:00,to-rent,gauteng,johannesburg-metro,bedfordview,bedfordview
privateproperty,RR4621989,https://www.privateproperty.co.za/to-rent/gauteng/johannesburg-metro/midrand/halfway-gardens/ma107-villa-la-seule/111-milford-road/RR4621989,2 Bedroom House in Halfway Gardens,14000.0,Halfway Gardens,Midrand,Gauteng,House,2.0,2.0,2.0,2.0,117.0,,,,,Available Now,"2 Bedroom House in Halfway Gardens, MA107 Villa La Seule, 111 Milford Road, 2 Bed | 2 Bath Ground Floor Apartment To Rent Villa La Seule Be the first to enjoy this newly laun",4 Mar 2026,2026-03-27T17:09:19.220217+00:00,to-rent,gauteng,johannesburg-metro,midrand,halfway-gardens
privateproperty,RR4621987,https://www.privateproperty.co.za/to-rent/gauteng/johannesburg-metro/midrand/halfway-gardens/ma106-chantilly/1-norfolk-road/RR4621987,4 Bedroom House in Halfway Gardens,16000.0,Halfway Gardens,Midrand,Gauteng,House,4.0,2.5,2.0,2.0,,,,,,Available Now,"4 Bedroom House in Halfway Gardens, MA106 Chantilly, 1 Norfolk Road, Spacious, Pet-Friendly Family Home To Rent Halfway Gardens Enjoy secure estate living in the hear",4 Mar 2026,2026-03-27T17:09:22.059114+00:00,to-rent,gauteng,johannesburg-metro,midrand,halfway-gardens
privateproperty,RR4621961,https://www.privateproperty.co.za/to-rent/gauteng/johannesburg-metro/soweto/protea-glen/1-khwezi/RR4621961,3 Bedroom House in Protea Glen,5500.0,Protea Glen,Soweto,Gauteng,House,3.0,2.0,1.0,1.0,100.0,250.0,,,,Available Now,"3 Bedroom House in Protea Glen, 1 Khwezi, This property is located in protea Glen ext 11 , Offers, Three bedrooms main bedroom fitted, with",4 Mar 2026,2026-03-27T17:09:25.573502+00:00,to-rent,gauteng,johannesburg-metro,soweto,protea-glen
privateproperty,RR4621954,https://www.privateproperty.co.za/to-rent/gauteng/johannesburg-metro/sandton/benmore-gardens/RR4621954,5 Bedroom House in Benmore Gardens,75000.0,Benmore Gardens,Sandton,Gauteng,House,5.0,5.5,7.0,3.0,,803.0,,,,,"5 Bedroom House in Benmore Gardens, Unlock the Door to Your Dream Lifestyle in Sandton! Step into a world of luxury and modern living i",4 Mar 2026,2026-03-27T17:09:28.129680+00:00,to-rent,gauteng,johannesburg-metro,sandton,benmore-gardens
privateproperty,RR4621840,https://www.privateproperty.co.za/to-rent/gauteng/johannesburg-metro/north-riding-to-lanseria/lanseria-and-surrounds/256-pelindaba-road-r512/RR4621840,3 Bedroom House in Lanseria and surrounds,15000.0,Lanseria And Surrounds,North Riding To Lanseria,Gauteng,House,3.0,2.0,1.0,,,18.0,,,,,"3 Bedroom House in Lanseria and surrounds, 256 Pelindaba Road (R512), UNIQUE STYLE 3 BEDROOM HOUSE IN THE BUSHVELD SITUATED BETWEEN THE LANSERIA AIRPORT AND BROEDERSTROO",3 Mar 2026,2026-03-27T17:09:31.457238+00:00,to-rent,gauteng,johannesburg-metro,north-riding-to-lanseria,lanseria-and-surrounds
privateproperty,RR4621788,https://www.privateproperty.co.za/to-rent/gauteng/johannesburg-metro/sandton/lombardy-east/RR4621788,3 Bedroom House in Lombardy East,12000.0,Lombardy East,Sandton,Gauteng,House,3.0,1.0,2.0,,265.0,2.0,,,,,"3 Bedroom House in Lombardy East, Spacious 3-Bedroom Home with Modern Kitchen and Garden in Lombardy East This spacious 3-bedroom, 1-",3 Mar 2026,2026-03-27T17:09:35.674711+00:00,to-rent,gauteng,johannesburg-metro,sandton,lombardy-east
privateproperty,RR4621701,https://www.privateproperty.co.za/to-rent/gauteng/johannesburg-metro/bedfordview/bedfordview/RR4621701,3 Bedroom House in Bedfordview,27000.0,Bedfordview,Bedfordview,Gauteng,House,3.0,2.0,4.0,,,,,,,Available Now,"3 Bedroom House in Bedfordview, Situated in the sought-after suburb of Bedfordview, this well-maintained 3-bedroom, 2-bathroom home",3 Mar 2026,2026-03-27T17:09:39.697772+00:00,to-rent,gauteng,johannesburg-metro,bedfordview,bedfordview
privateproperty,RR4621668,https://www.privateproperty.co.za/to-rent/gauteng/johannesburg-metro/sandton/bryanston/RR4621668,6 Bedroom House in Bryanston,65000.0,Bryanston,Sandton,Gauteng,House,6.0,6.0,8.0,2.0,,,,,1.0,Available Now,"6 Bedroom House in Bryanston, modern Luxury 6-Bedroom All-En Suite Home To Rent in Bryanston, Johannesburg modern Luxury 6-Bedroo",3 Mar 2026,2026-03-27T17:09:42.360444+00:00,to-rent,gauteng,johannesburg-metro,sandton,bryanston
privateproperty,RR4621645,https://www.privateproperty.co.za/to-rent/gauteng/johannesburg-metro/bedfordview/bedford-gardens/RR4621645,3 Bedroom House in Bedford Gardens,15000.0,Bedford Gardens,Bedfordview,Gauteng,House,3.0,2.0,1.0,1.0,132.0,,,,,Available Now,"3 Bedroom House in Bedford Gardens, This is a spacious 3 bed 2 bathrooms, and main ensuite apartment. Is available to rent for R15000.Th",3 Mar 2026,2026-03-27T17:09:45.546101+00:00,to-rent,gauteng,johannesburg-metro,bedfordview,bedford-gardens
privateproperty,RR4621568,https://www.privateproperty.co.za/to-rent/gauteng/johannesburg-metro/bedfordview/bedfordview/RR4621568,3 Bedroom House in Bedfordview,27000.0,Bedfordview,Bedfordview,Gauteng,House,2.0,2.0,4.0,,,,,,,Available Now,"3 Bedroom House in Bedfordview, Stunning 3-Bedroom Stand-Alone Home To Rent in Bedfordview Available Immediately Situated in the s",3 Mar 2026,2026-03-27T17:09:49.401353+00:00,to-rent,gauteng,johannesburg-metro,bedfordview,bedfordview
privateproperty,RR4621527,https://www.privateproperty.co.za/to-rent/gauteng/johannesburg-metro/soweto/pimville/klipspruit/RR4621527,2 Bedroom House in Klipspruit,6700.0,Pimville,Soweto,Gauteng,House,2.0,1.0,1.0,,,,,,,,"2 Bedroom House in Klipspruit, Orlando Towers is where vibrant living meets everyday convenience a place designed for comfort, con",3 Mar 2026,2026-03-27T17:09:52.322029+00:00,to-rent,gauteng,johannesburg-metro,soweto,pimville
privateproperty,RR4621497,https://www.privateproperty.co.za/to-rent/gauteng/johannesburg-metro/sandton/fourways/RR4621497,3 Bedroom House in Fourways,24000.0,Fourways,Sandton,Gauteng,House,3.0,2.0,2.0,2.0,,,,,,Available Now,"3 Bedroom House in Fourways, Nestled within a secure boomed-off enclave just minutes from Montecasino, this beautifully renovated",3 Mar 2026,2026-03-27T17:09:56.089328+00:00,to-rent,gauteng,johannesburg-metro,sandton,fourways
privateproperty,RR4621456,https://www.privateproperty.co.za/to-rent/gauteng/johannesburg-metro/sandton/bryanston/RR4621456,3 Bedroom House in Bryanston,55000.0,Bryanston,Sandton,Gauteng,House,3.0,3.0,2.0,1.0,,223.0,,,1.0,,"3 Bedroom House in Bryanston, This fully furnished 3-bedroom cluster in Sandton offers secure, low-maintenance accommodation and a",3 Mar 2026,2026-03-27T17:09:58.994201+00:00,to-rent,gauteng,johannesburg-metro,sandton,bryanston
privateproperty,RR4621452,https://www.privateproperty.co.za/to-rent/gauteng/johannesburg-metro/bedfordview/bedfordview/RR4621452,3 Bedroom House in Bedfordview,27000.0,Bedfordview,Bedfordview,Gauteng,House,3.0,2.0,4.0,,,2.0,,,,Available Now,"3 Bedroom House in Bedfordview, Spacious 3-Bedroom Bedfordview Home with Pool and Expansive Garden. Spacious 3-Bedroom Family Home",3 Mar 2026,2026-03-27T17:10:01.902503+00:00,to-rent,gauteng,johannesburg-metro,bedfordview,bedfordview
privateproperty,RR4621345,https://www.privateproperty.co.za/to-rent/gauteng/johannesburg-metro/northcliff/melville/RR4621345,2 Bedroom House in Melville,17990.0,Melville,Northcliff,Gauteng,House,2.0,2.0,,,1.0,1.0,,,,Available Now,"2 Bedroom House in Melville, AVAILABLE 01 May 2026. Rent a beautiful character Melville two-bedroom home plus a very spacious one",3 Mar 2026,2026-03-27T17:10:05.674078+00:00,to-rent,gauteng,johannesburg-metro,northcliff,melville
privateproperty,RR4621338,https://www.privateproperty.co.za/to-rent/gauteng/johannesburg-metro/north-riding-to-lanseria/sharonlea/42-mahogany-street/RR4621338,4 Bedroom House in Sharonlea,24500.0,Sharonlea,North Riding To Lanseria,Gauteng,House,4.0,3.0,5.0,5.0,,1.0,,,,,"4 Bedroom House in Sharonlea, 42 Mahogany Street, Spacious Family Home Welcome to this generously sized 4 bedroom family home well positioned within",3 Mar 2026,2026-03-27T17:10:09.767944+00:00,to-rent,gauteng,johannesburg-metro,north-riding-to-lanseria,sharonlea
privateproperty,RR4621329,https://www.privateproperty.co.za/to-rent/gauteng/johannesburg-metro/soweto/protea-glen/RR4621329,2 Bedroom House in Protea Glen,5500.0,Protea Glen,Soweto,Gauteng,House,2.0,1.0,2.0,,,,,,,Available Now,"2 Bedroom House in Protea Glen, Well maintained property up for grabs This charming 2-bedroom standalone house offers comfort and c",3 Mar 2026,2026-03-27T17:10:24.952683+00:00,to-rent,gauteng,johannesburg-metro,soweto,protea-glen
privateproperty,RR4621308,https://www.privateproperty.co.za/to-rent/gauteng/johannesburg-metro/northcliff/melville/RR4621308,3 Bedroom House in Melville,16990.0,Melville,Northcliff,Gauteng,House,3.0,1.5,2.0,2.0,1.0,1.0,,,,Available Now,"3 Bedroom House in Melville, Charming Three-Bedroom Character Home in Artistic Melville. PET FRIENDLY on approval from landlord.",3 Mar 2026,2026-03-27T17:10:28.024934+00:00,to-rent,gauteng,johannesburg-metro,northcliff,melville
privateproperty,RR4621257,https://www.privateproperty.co.za/to-rent/gauteng/johannesburg-metro/bedfordview/bedfordview/RR4621257,3 Bedroom House in Bedfordview,27000.0,Bedfordview,Bedfordview,Gauteng,House,3.0,2.0,4.0,,,,,,,Available Now,"3 Bedroom House in Bedfordview, Nestled in the heart of Bedfordview, this beautiful 3-bedroom, 2-bathroom home offers the perfect bl",3 Mar 2026,2026-03-27T17:10:30.862981+00:00,to-rent,gauteng,johannesburg-metro,bedfordview,bedfordview
privateproperty,RR4621120,https://www.privateproperty.co.za/to-rent/gauteng/johannesburg-metro/midrand/kyalami-ah/RR4621120,3 Bedroom House in Kyalami AH,21000.0,Kyalami Ah,Midrand,Gauteng,House,3.0,2.5,4.0,2.0,234.0,409.0,,,,Available Now,"3 Bedroom House in Kyalami AH, Modern 3 Bedroom and 2.5 Bathroom Freestanding Home in Secure Estate with Spacious Garden For Rent!",3 Mar 2026,2026-03-27T17:10:33.496773+00:00,to-rent,gauteng,johannesburg-metro,midrand,kyalami-ah
privateproperty,RR4620811,https://www.privateproperty.co.za/to-rent/gauteng/johannesburg-metro/midrand/steyn-city/65-the-views/7-outcrop-lane/RR4620811,6 Bedroom House in Steyn City,120000.0,Steyn City,Midrand,Gauteng,House,6.0,7.0,4.0,4.0,,1.0,,,,,"6 Bedroom House in Steyn City, 65 The Views, 7 Outcrop Lane, Exceptional 6 En-Suite Bedroom Home. EXCLUSIVE MANDATE Available to rent, this impressive double-sto",3 Mar 2026,2026-03-27T17:10:37.284209+00:00,to-rent,gauteng,johannesburg-metro,midrand,steyn-city
privateproperty,RR4620726,https://www.privateproperty.co.za/to-rent/gauteng/johannesburg-metro/sandton/sunninghill/RR4620726,3 Bedroom House in Sunninghill,15800.0,Sunninghill,Sandton,Gauteng,House,3.0,2.0,2.0,2.0,205.0,350.0,,,,Available Now,"3 Bedroom House in Sunninghill, Tenant prequalification required. 3 bed family home with staff quarters in Sunninghill Gardens. Next",3 Mar 2026,2026-03-27T17:10:40.294436+00:00,to-rent,gauteng,johannesburg-metro,sandton,sunninghill
privateproperty,RR4620700,https://www.privateproperty.co.za/to-rent/gauteng/johannesburg-metro/north-riding-to-lanseria/olivedale/RR4620700,3 Bedroom House in Olivedale,32000.0,Olivedale,North Riding To Lanseria,Gauteng,House,3.0,2.0,2.0,2.0,347.0,,,,,Available Now,"3 Bedroom House in Olivedale, This house is located in the sought after Olivewood lifestyle estate.It offers a combination of luxu",3 Mar 2026,2026-03-27T17:10:43.091757+00:00,to-rent,gauteng,johannesburg-metro,north-riding-to-lanseria,olivedale
privateproperty,RR4620692,https://www.privateproperty.co.za/to-rent/gauteng/johannesburg-metro/northcliff/westbury/RR4620692,3 Bedroom House in Westbury,6000.0,Westbury,Northcliff,Gauteng,House,3.0,1.0,2.0,,,209.0,,,,Available Now,"3 Bedroom House in Westbury, 3 Bedroom House to let in Westbury All-Inclusive Rental Opportunity Welcome to this well-maintained",2 Mar 2026,2026-03-27T17:10:46.996146+00:00,to-rent,gauteng,johannesburg-metro,northcliff,westbury
privateproperty,RR3118538,https://www.privateproperty.co.za/to-rent/gauteng/johannesburg-metro/johannesburg-central/kensington/RR3118538,5 Bedroom House in Kensington,13500.0,Kensington,Johannesburg Central,Gauteng,House,5.0,3.0,3.0,,230.0,496.0,,,,,"5 Bedroom House in Kensington, Timeless 5-Bedroom Family Home with Modern Touches and Live-In Gardener Included This charming gold",2 Mar 2026,2026-03-27T17:10:50.288881+00:00,to-rent,gauteng,johannesburg-metro,johannesburg-central,kensington
privateproperty,RR4620611,https://www.privateproperty.co.za/to-rent/gauteng/johannesburg-metro/sandton/kengies/RR4620611,3 Bedroom House in Kengies,23999.0,Kengies,Sandton,Gauteng,House,3.0,2.5,2.0,2.0,,,,,1.0,Available Now,"3 Bedroom House in Kengies, Luxury 3-Bedroom Furnished Duplex | Elite Living in Fourways Step into refined elegance in this imp",2 Mar 2026,2026-03-27T17:10:54.432573+00:00,to-rent,gauteng,johannesburg-metro,sandton,kengies
privateproperty,RR4620583,https://www.privateproperty.co.za/to-rent/gauteng/johannesburg-metro/midrand/helderfontein-estate/RR4620583,4 Bedroom House in Helderfontein Estate,55000.0,Helderfontein Estate,Midrand,Gauteng,House,4.0,4.0,2.0,2.0,397.0,773.0,,,,Available Now,"4 Bedroom House in Helderfontein Estate, Architectural Luxury with Panoramic Views. Only Corporates will be considered. Contemporary four b",2 Mar 2026,2026-03-27T17:10:58.722364+00:00,to-rent,gauteng,johannesburg-metro,midrand,helderfontein-estate
privateproperty,RR4620566,https://www.privateproperty.co.za/to-rent/gauteng/johannesburg-metro/north-riding-to-lanseria/north-riding/957-north-riding-ext-22/RR4620566,3 Bedroom House in North Riding,15500.0,North Riding,North Riding To Lanseria,Gauteng,House,3.0,2.0,5.0,2.0,,440.0,,,,,"3 Bedroom House in North Riding, 957 North Riding Ext 22, Discover your next family haven in the desirable suburb of North Riding! This charming and spacious",2 Mar 2026,2026-03-27T17:11:02.453824+00:00,to-rent,gauteng,johannesburg-metro,north-riding-to-lanseria,north-riding
privateproperty,RR4287056,https://www.privateproperty.co.za/to-rent/gauteng/johannesburg-metro/sandton/bryanston/61-royce-road/RR4287056,3 Bedroom House in Bryanston,20000.0,Bryanston,Sandton,Gauteng,House,3.0,2.0,2.0,2.0,350.0,1.0,,,,,"3 Bedroom House in Bryanston, 61 Royce Road, A stylish, face-brick exterior family home with a mix of modern and classic architectural elements N",2 Mar 2026,2026-03-27T17:11:05.371501+00:00,to-rent,gauteng,johannesburg-metro,sandton,bryanston
privateproperty,RR4620547,https://www.privateproperty.co.za/to-rent/gauteng/johannesburg-metro/northcliff/quellerina/RR4620547,1 Bedroom House in Quellerina,5000.0,Quellerina,Northcliff,Gauteng,House,1.0,1.0,2.0,,,266.0,,,,,"1 Bedroom House in Quellerina, 1-Bedroom cottage in Quellerina Spacious 1-Bedroom Garden Cottage in Quellerina, Roodepoort R400 No",2 Mar 2026,2026-03-27T17:11:09.167718+00:00,to-rent,gauteng,johannesburg-metro,northcliff,quellerina
privateproperty,RR4620345,https://www.privateproperty.co.za/to-rent/gauteng/johannesburg-metro/sandton/kelvin/RR4620345,3 Bedroom House in Kelvin,25000.0,Kelvin,Sandton,Gauteng,House,3.0,2.0,,,,1.0,,,0.0,Available Now,"3 Bedroom House in Kelvin, Furnished main house to rent in Kelvin, Sandton, at R27 000 per month excluding lights and water. Th",2 Mar 2026,2026-03-27T17:11:12.119396+00:00,to-rent,gauteng,johannesburg-metro,sandton,kelvin
privateproperty,RR4619887,https://www.privateproperty.co.za/to-rent/gauteng/johannesburg-metro/northcliff/westdene/RR4619887,7.5 Bedroom House in Westdene,2900.0,Westdene,Northcliff,Gauteng,House,7.5,5.5,10.0,,,,,,1.0,Available Now,"7.5 Bedroom House in Westdene, Spacious, modern single rooms in Westdene commune This house recently had a massive facelift. Its",2 Mar 2026,2026-03-27T17:11:16.001269+00:00,to-rent,gauteng,johannesburg-metro,northcliff,westdene
privateproperty,RR4620309,https://www.privateproperty.co.za/to-rent/gauteng/johannesburg-metro/sandton/dainfern-valley/RR4620309,5 Bedroom House in Dainfern Valley,50000.0,Dainfern Valley,Sandton,Gauteng,House,5.0,4.0,2.0,2.0,430.0,1.0,,,1.0,,"5 Bedroom House in Dainfern Valley, This beautiful house comprises, inter alia, Formal lounge with wood burning fireplace, Dining room,",2 Mar 2026,2026-03-27T17:11:20.143512+00:00,to-rent,gauteng,johannesburg-metro,sandton,dainfern-valley
privateproperty,RR4620289,https://www.privateproperty.co.za/to-rent/gauteng/johannesburg-metro/north-riding-to-lanseria/lanseria-and-surrounds/RR4620289,2 Bedroom House in Lanseria and surrounds,14000.0,Lanseria And Surrounds,North Riding To Lanseria,Gauteng,House,2.0,2.0,,,288.0,,,,,Available Now,"2 Bedroom House in Lanseria and surrounds, Escape the city and embrace peaceful farm living in this spacious, freestanding two-bedroom, two-bat",2 Mar 2026,2026-03-27T17:11:24.373549+00:00,to-rent,gauteng,johannesburg-metro,north-riding-to-lanseria,lanseria-and-surrounds
privateproperty,RR4620257,https://www.privateproperty.co.za/to-rent/gauteng/johannesburg-metro/sandton/craigavon/RR4620257,3 Bedroom House in Craigavon,21000.0,Craigavon,Sandton,Gauteng,House,3.0,2.5,7.0,2.0,,288.0,,,,,"3 Bedroom House in Craigavon, This beautifully presented cluster home is set within a tranquil, secure estate, offering comfort, c",2 Mar 2026,2026-03-27T17:11:28.550024+00:00,to-rent,gauteng,johannesburg-metro,sandton,craigavon
privateproperty,RR4620193,https://www.privateproperty.co.za/to-rent/gauteng/johannesburg-metro/sandton/dainfern-valley/RR4620193,6 Bedroom House in Dainfern Valley,55000.0,Dainfern Valley,Sandton,Gauteng,House,6.0,5.0,5.0,3.0,,1.0,,,,Available Now,"6 Bedroom House in Dainfern Valley, Step into refined comfort and exceptional space in this beautifully designed residence, perfectly po",2 Mar 2026,2026-03-27T17:11:32.483349+00:00,to-rent,gauteng,johannesburg-metro,sandton,dainfern-valley
privateproperty,RR4620152,https://www.privateproperty.co.za/to-rent/gauteng/johannesburg-metro/johannesburg-central/kensington/RR4620152,3 Bedroom House in Kensington,11000.0,Kensington,Johannesburg Central,Gauteng,House,3.0,2.0,2.0,2.0,545.0,,,,,,"3 Bedroom House in Kensington, 3 bedroom house for rent from 1st April This character home comprises ent hall, lounge, 3 spacious",2 Mar 2026,2026-03-27T17:11:36.157702+00:00,to-rent,gauteng,johannesburg-metro,johannesburg-central,kensington
privateproperty,RR4620141,https://www.privateproperty.co.za/to-rent/gauteng/johannesburg-metro/midrand/kyalami/kyalami-glen-estate/RR4620141,4 Bedroom House in Kyalami Glen Estate,25000.0,Kyalami,Midrand,Gauteng,House,4.0,3.0,,,,,,,,Available Now,"4 Bedroom House in Kyalami Glen Estate, 4 Bedroom Family Home To Let in Kyalami Glen Situated in the sought-after Kyalami Glen, this spacio",2 Mar 2026,2026-03-27T17:11:39.915830+00:00,to-rent,gauteng,johannesburg-metro,midrand,kyalami
privateproperty,RR4620117,https://www.privateproperty.co.za/to-rent/gauteng/johannesburg-metro/sandton/dainfern/dainfern-golf-estate/RR4620117,5 Bedroom House in Dainfern Golf Estate,75000.0,Dainfern,Sandton,Gauteng,House,5.0,4.0,,,558.0,1.0,,,,Available Now,"5 Bedroom House in Dainfern Golf Estate, Stylish Contemporary Residence with High-End Touches. This stunning, architecturally crafted home of",2 Mar 2026,2026-03-27T17:11:42.840484+00:00,to-rent,gauteng,johannesburg-metro,sandton,dainfern
privateproperty,RR4620113,https://www.privateproperty.co.za/to-rent/gauteng/johannesburg-metro/johannesburg-south/kibler-park/50-felix-drive/RR4620113,3 Bedroom House in Kibler Park,16000.0,Kibler Park,Johannesburg South,Gauteng,House,3.0,2.0,3.0,1.0,,1.0,,,,Available Now,"3 Bedroom House in Kibler Park, 50 FELIX DRIVE, This beautifully finished 3-bedroom home offers contemporary living at its best, with attention to d",2 Mar 2026,2026-03-27T17:11:46.851960+00:00,to-rent,gauteng,johannesburg-metro,johannesburg-south,kibler-park
privateproperty,RR4620025,https://www.privateproperty.co.za/to-rent/gauteng/johannesburg-metro/sandton/fourways/15-dorstone-crescent/RR4620025,3 Bedroom House in Fourways,36000.0,Fourways,Sandton,Gauteng,House,3.0,3.5,4.0,2.0,,1.0,,,0.0,Available Now,"3 Bedroom House in Fourways, 15 Dorstone Crescent, Modern Family Home in Secure Cedar Creek Estate Sole Mandate - Discover this modern 3-bedroom, 3.5-",2 Mar 2026,2026-03-27T17:11:50.967123+00:00,to-rent,gauteng,johannesburg-metro,sandton,fourways
privateproperty,RR4619988,https://www.privateproperty.co.za/to-rent/gauteng/johannesburg-metro/johannesburg-south/ormonde/54-akker-avenue/RR4619988,3 Bedroom House in Ormonde,15000.0,Ormonde,Johannesburg South,Gauteng,House,3.0,2.0,2.0,2.0,,,,,,Available Now,"3 Bedroom House in Ormonde, 54 Akker Avenue, Stylish 3 Bedroom Rental Home with Pool! This well-maintained and inviting rental home offers comfo",2 Mar 2026,2026-03-27T17:11:55.088963+00:00,to-rent,gauteng,johannesburg-metro,johannesburg-south,ormonde
privateproperty,RR329154,https://www.privateproperty.co.za/to-rent/gauteng/johannesburg-metro/sandton/bramley/RR329154,4 Bedroom House in Bramley,3100.0,Bramley,Sandton,Gauteng,House,4.0,1.0,10.0,,500.0,1.0,,,1.0,Available Now,"4 Bedroom House in Bramley, A femalemale sought to share the commune with 4 people. We are looking for one more occupant as ther",2 Mar 2026,2026-03-27T17:11:58.038189+00:00,to-rent,gauteng,johannesburg-metro,sandton,bramley
privateproperty,RR2958754,https://www.privateproperty.co.za/to-rent/gauteng/johannesburg-metro/sandton/wendywood/RR2958754,3 Bedroom House in Wendywood,28000.0,Wendywood,Sandton,Gauteng,House,2.0,3.5,5.0,2.0,323.0,1.0,,,0.0,,"3 Bedroom House in Wendywood, Spacious upmarket family home with pool...in quiet and secure boomed enclosure! This home is in a gr",2 Mar 2026,2026-03-27T17:12:00.600944+00:00,to-rent,gauteng,johannesburg-metro,sandton,wendywood
privateproperty,RR4619841,https://www.privateproperty.co.za/to-rent/gauteng/johannesburg-metro/johannesburg-central/observatory/10-gill-street/RR4619841,2 Bedroom House in Observatory,6500.0,Observatory,Johannesburg Central,Gauteng,House,2.0,1.0,1.0,,,,,,,Available Now,"2 Bedroom House in Observatory, 10 Gill Street, Neat private cottage perfect for single or couple Two private cottages available perfect for single",2 Mar 2026,2026-03-27T17:12:04.423837+00:00,to-rent,gauteng,johannesburg-metro,johannesburg-central,observatory
privateproperty,RR4619834,https://www.privateproperty.co.za/to-rent/gauteng/johannesburg-metro/randburg/jukskei-park/RR4619834,4 Bedroom House in Jukskei Park,23000.0,Jukskei Park,Randburg,Gauteng,House,4.0,3.0,4.0,2.0,281.0,,,,,,"4 Bedroom House in Jukskei Park, PLEASE EMAIL AGENT Spacious 4-Bedroom Family Home with Pool and Staff Accommodation in Jukskei Park!",2 Mar 2026,2026-03-27T17:12:08.168638+00:00,to-rent,gauteng,johannesburg-metro,randburg,jukskei-park
privateproperty,RR4332108,https://www.privateproperty.co.za/to-rent/gauteng/johannesburg-metro/northcliff/greenside/6-greenway/RR4332108,3 Bedroom House in Greenside,16500.0,Greenside,Northcliff,Gauteng,House,3.0,2.0,3.0,,,,,,,,"3 Bedroom House in Greenside, 6 Greenway, Please note that the property includes a separate cottage at the back, currently occupied by a long-",2 Mar 2026,2026-03-27T17:12:11.213393+00:00,to-rent,gauteng,johannesburg-metro,northcliff,greenside
privateproperty,RR4287828,https://www.privateproperty.co.za/to-rent/gauteng/johannesburg-metro/sandton/kelvin/RR4287828,3 Bedroom House in Kelvin,25650.0,Kelvin,Sandton,Gauteng,House,3.0,2.0,3.0,,,2.0,,,1.0,Available Now,"3 Bedroom House in Kelvin, The very spacious three bedroom all en suite villa, with access to a shared pool and tennis court.",2 Mar 2026,2026-03-27T17:12:15.084092+00:00,to-rent,gauteng,johannesburg-metro,sandton,kelvin
privateproperty,RR4619744,https://www.privateproperty.co.za/to-rent/gauteng/johannesburg-metro/johannesburg-central/linksfield/linksfield-ridge/RR4619744,5 Bedroom House in Linksfield Ridge,40000.0,Linksfield,Johannesburg Central,Gauteng,House,5.0,3.5,4.0,2.0,505.0,1.0,,,,,"5 Bedroom House in Linksfield Ridge, Situated on the mountainside in a secure, gated road and within walking distance of King David Schoo",2 Mar 2026,2026-03-27T17:12:18.353818+00:00,to-rent,gauteng,johannesburg-metro,johannesburg-central,linksfield
privateproperty,RR3196858,https://www.privateproperty.co.za/to-rent/gauteng/johannesburg-metro/johannesburg-south/ormonde/58a-milkwood/RR3196858,1 Bedroom House in Ormonde,5000.0,Ormonde,Johannesburg South,Gauteng,House,1.0,1.0,1.0,,,,,,,Available Now,"1 Bedroom House in Ormonde, 58A Milkwood, Clean and Spacious en-suite bedroom for rental, suitable for Single person or a young couple looking",2 Mar 2026,2026-03-27T17:12:22.103543+00:00,to-rent,gauteng,johannesburg-metro,johannesburg-south,ormonde
privateproperty,RR4619639,https://www.privateproperty.co.za/to-rent/gauteng/johannesburg-metro/sandton/broadacres/RR4619639,5 Bedroom House in Broadacres,50000.0,Broadacres,Sandton,Gauteng,House,5.0,5.0,4.0,2.0,510.0,891.0,,,,,"5 Bedroom House in Broadacres, Discover unparalleled luxury and spacious living in this magnificent freestanding home, perfectly si",2 Mar 2026,2026-03-27T17:12:26.210917+00:00,to-rent,gauteng,johannesburg-metro,sandton,broadacres
privateproperty,RR4619587,https://www.privateproperty.co.za/to-rent/gauteng/johannesburg-metro/midrand/kyalami-hills/RR4619587,2 Bedroom House in Kyalami Hills,13000.0,Kyalami Hills,Midrand,Gauteng,House,2.0,2.0,3.0,1.0,,,,,,Available Now,"2 Bedroom House in Kyalami Hills, Discover this beautifully maintained double-storey home that radiates neatness, comfort, and effortl",1 Mar 2026,2026-03-27T17:12:29.059195+00:00,to-rent,gauteng,johannesburg-metro,midrand,kyalami-hills
privateproperty,RR4089387,https://www.privateproperty.co.za/to-rent/gauteng/johannesburg-metro/midrand/blue-hills/1042-bluehills-ext24/1042-girth/RR4089387,3 Bedroom House in Blue Hills,12900.0,Blue Hills,Midrand,Gauteng,House,3.0,3.0,3.0,2.0,,,,,,,"3 Bedroom House in Blue Hills, 1042 bluehills ext24, 1042 girth, This property is situated in a secured complex with 24 hours security monitoring. It has a huge love",1 Mar 2026,2026-03-27T17:12:32.083931+00:00,to-rent,gauteng,johannesburg-metro,midrand,blue-hills
privateproperty,RR4619556,https://www.privateproperty.co.za/to-rent/gauteng/johannesburg-metro/northcliff/westdene/11a-lewes-road/RR4619556,3 Bedroom House in Westdene,4000.0,Westdene,Northcliff,Gauteng,House,3.0,2.0,,,150.0,,,,,Available Now,"3 Bedroom House in Westdene, 11A Lewes Road, SHARED LIVING! 3 BEDROOMS AVAILABLE Occupation: Immediately This newly renovated 3-bedroom home is",1 Mar 2026,2026-03-27T17:12:35.831091+00:00,to-rent,gauteng,johannesburg-metro,northcliff,westdene
privateproperty,RR4619532,https://www.privateproperty.co.za/to-rent/gauteng/johannesburg-metro/midrand/carlswald/RR4619532,2 Bedroom House in Carlswald,9700.0,Carlswald,Midrand,Gauteng,House,2.0,1.0,1.0,1.0,,,,,,Available Now,"2 Bedroom House in Carlswald, 2 Bedroom, 1 Bathroom House for Rent in Carlswald This neat and well-maintained home is located in",1 Mar 2026,2026-03-27T17:12:39.450112+00:00,to-rent,gauteng,johannesburg-metro,midrand,carlswald
privateproperty,RR4619403,https://www.privateproperty.co.za/to-rent/gauteng/johannesburg-metro/johannesburg-south/ormonde/RR4619403,3 Bedroom House in Ormonde,10000.0,Ormonde,Johannesburg South,Gauteng,House,3.0,2.0,1.0,1.0,43.0,,,,,Available Now,"3 Bedroom House in Ormonde, Step into comfort, space, and effortless entertaining with this charming 3-bedroom home designed for",28 Feb 2026,2026-03-27T17:12:42.642835+00:00,to-rent,gauteng,johannesburg-metro,johannesburg-south,ormonde
privateproperty,RR4279079,https://www.privateproperty.co.za/to-rent/gauteng/johannesburg-metro/soweto/soweto-central/f110-jabulani-lifestyle-estate/3223-matjhabeng-street/RR4279079,2 Bedroom Apartment in Soweto Central,5100.0,Soweto Central,Soweto,Gauteng,Apartment,2.0,1.0,,,40.0,,,,,Available Now,"2 Bedroom Apartment in Soweto Central, F110 Jabulani Lifestyle Estate, 3223 Matjhabeng Street, Secure Lifestyle Estate Apartments to Rent in Soweto LIMITED OFFER: 50 OFF FIRST MONTH RENT VALID O",10 Mar 2026,2026-03-27T17:12:57.565113+00:00,to-rent,gauteng,johannesburg-metro,soweto,soweto-central
privateproperty,RR4426530,https://www.privateproperty.co.za/to-rent/gauteng/johannesburg-metro/johannesburg-central/marshalltown/1-eloff/00-eloff-street/RR4426530,2 Bedroom Apartment in Marshalltown,4980.0,Marshalltown,Johannesburg Central,Gauteng,Apartment,2.0,1.0,,,,,,,,Available Now,"2 Bedroom Apartment in Marshalltown, 1 Eloff, Eloff Street, 2 Bedroom Loft Style Apartments Nestled in the heart of Jozi''s CBD, youll spot a striking blue and",21 Jun 2025,2026-03-27T17:13:01.266273+00:00,to-rent,gauteng,johannesburg-metro,johannesburg-central,marshalltown
privateproperty,RR4426762,https://www.privateproperty.co.za/to-rent/gauteng/johannesburg-metro/johannesburg-central/johannesburg-cbd/oo-durban-heights/36-durban-street/RR4426762,2 Bedroom Apartment in Johannesburg CBD,5500.0,Johannesburg Cbd,Johannesburg Central,Gauteng,Apartment,2.0,1.0,,,,,,,,Available Now,"2 Bedroom Apartment in Johannesburg CBD, oo Durban Heights, 36 Durban Street, Modern 2-Bedroom Apartment for Rent Durban Heights, Johannesburg CBD Address: 36 Durban Street, C",21 Jun 2025,2026-03-27T17:13:05.377850+00:00,to-rent,gauteng,johannesburg-metro,johannesburg-central,johannesburg-cbd
privateproperty,RR4637899,https://www.privateproperty.co.za/to-rent/gauteng/johannesburg-metro/sandton/sandown/RR4637899,1 Bedroom Apartment in Sandown,7900.0,Sandown,Sandton,Gauteng,Apartment,1.0,1.0,,,,,,,,,"1 Bedroom Apartment in Sandown, This charming 1 bedroom, 1 bathroom ground floor apartment offers comfort, convenience, and great va",24 Mar 2026,2026-03-27T17:13:08.161880+00:00,to-rent,gauteng,johannesburg-metro,sandton,sandown
privateproperty,RR4618252,https://www.privateproperty.co.za/to-rent/gauteng/johannesburg-metro/johannesburg-central/marshalltown/510-94-on-main/94-main-street/RR4618252,1 Bedroom Apartment in Marshalltown,6800.0,Marshalltown,Johannesburg Central,Gauteng,Apartment,1.0,1.0,1.0,,,,,,,Available Now,"1 Bedroom Apartment in Marshalltown, 510 94 On Main, 94 Main Street, 1 bed available in Marshalltown - No deposit Sign a 12 month lease to qualify for no deposit. Indul",26 Feb 2026,2026-03-27T17:13:12.153139+00:00,to-rent,gauteng,johannesburg-metro,johannesburg-central,marshalltown
privateproperty,RR2969805,https://www.privateproperty.co.za/to-rent/gauteng/johannesburg-metro/johannesburg-south/ormonde/ophirton/601-score-house/49-coventry-street/RR2969805,2 Bedroom Apartment in Ophirton,5500.0,Ormonde,Johannesburg South,Gauteng,Apartment,2.0,1.0,1.0,,42.0,,,,,,"2 Bedroom Apartment in Ophirton, 601 Score House, 49 Coventry Street, 2 Bedroom Available Elevate your urban living experience at Score House, where the vibrant energy of",30 Sep 2025,2026-03-27T17:13:15.587282+00:00,to-rent,gauteng,johannesburg-metro,johannesburg-south,ormonde
privateproperty,RR4563112,https://www.privateproperty.co.za/to-rent/gauteng/johannesburg-metro/johannesburg-south/ormonde/booysens/708-score-house/49-coventry-road/RR4563112,2 Bedroom Apartment in Booysens,5200.0,Ormonde,Johannesburg South,Gauteng,Apartment,2.0,1.0,1.0,,25.0,,,,,Available Now,"2 Bedroom Apartment in Booysens, 708 score house, 49 Coventry road, Elevate your urban living experience at Score House, where the vibrant energy of the city meets the",4 Dec 2025,2026-03-27T17:13:18.260807+00:00,to-rent,gauteng,johannesburg-metro,johannesburg-south,ormonde
privateproperty,RR4593927,https://www.privateproperty.co.za/to-rent/gauteng/johannesburg-metro/johannesburg-central/johannesburg-cbd/504-dorchester-mansions/75-rissik-street/RR4593927,Studio Apartment in Johannesburg CBD,4200.0,Johannesburg Cbd,Johannesburg Central,Gauteng,Apartment,0.5,1.0,,,,,,,,,"Studio Apartment in Johannesburg CBD, 504 Dorchester Mansions, 75 Rissik Street, Sign a 12-month lease to qualify for no deposit. Experience the epitome of luxury living at Dorche",27 Jan 2026,2026-03-27T17:13:21.809178+00:00,to-rent,gauteng,johannesburg-metro,johannesburg-central,johannesburg-cbd
privateproperty,RR4595116,https://www.privateproperty.co.za/to-rent/gauteng/johannesburg-metro/johannesburg-central/marshalltown/101-94-main/94-main-street/RR4595116,1 Bedroom Apartment in Marshalltown,6800.0,Marshalltown,Johannesburg Central,Gauteng,Apartment,1.0,1.0,1.0,,,,,,,,"1 Bedroom Apartment in Marshalltown, 101 94 main, 94 Main street, 1 Bedroom Available Sign a 12-month lease to qualify for no deposit. Indulge in the epitome of mod",28 Jan 2026,2026-03-27T17:13:24.551918+00:00,to-rent,gauteng,johannesburg-metro,johannesburg-central,marshalltown
privateproperty,RR4618241,https://www.privateproperty.co.za/to-rent/gauteng/johannesburg-metro/johannesburg-central/marshalltown/604-94-on-main/94-94-main-street/RR4618241,1 Bedroom Apartment in Marshalltown,6800.0,Marshalltown,Johannesburg Central,Gauteng,Apartment,1.0,1.0,1.0,,38.0,,,,,,"1 Bedroom Apartment in Marshalltown, 604 94 On Main, 94 94 Main Street, 1Bedroom Available Sign a 12-month lease to qualify for no deposit. Indulge in the epitome of mod",26 Feb 2026,2026-03-27T17:13:28.715592+00:00,to-rent,gauteng,johannesburg-metro,johannesburg-central,marshalltown
privateproperty,RR3184429,https://www.privateproperty.co.za/to-rent/gauteng/johannesburg-metro/midrand/grand-central/3-tangelo-place/234-church-street/RR3184429,2 Bedroom Apartment in Grand Central,7600.0,Grand Central,Midrand,Gauteng,Apartment,2.0,2.0,,,50.0,,,,,Available Now,"2 Bedroom Apartment in Grand Central, 3 Tangelo Place, 234 Church Street, This stylish and well-located 2-bedroom, 2-bathroom apartment offers modern open-plan living, perfec",11 Jul 2025,2026-03-27T17:13:32.685446+00:00,to-rent,gauteng,johannesburg-metro,midrand,grand-central
privateproperty,RR4095284,https://www.privateproperty.co.za/to-rent/gauteng/johannesburg-metro/midrand/halfway-house/RR4095284,2 Bedroom Apartment in Halfway House,6950.0,Halfway House,Midrand,Gauteng,Apartment,2.0,1.0,,,31.0,,,,,Available Now,"2 Bedroom Apartment in Halfway House, This well-maintained and modern 2-bedroom, 1-bathroom apartment is ideally located in the heart of G",12 Dec 2025,2026-03-27T17:13:36.541907+00:00,to-rent,gauteng,johannesburg-metro,midrand,halfway-house
privateproperty,RR4598653,https://www.privateproperty.co.za/to-rent/gauteng/johannesburg-metro/randburg/ferndale/32-hill-street/RR4598653,Studio Apartment in Ferndale,3750.0,Ferndale,Randburg,Gauteng,Apartment,0.5,1.0,1.0,,,,,,,Available Now,"Studio Apartment in Ferndale, 32 Hill Street, Welcome to Live Easy Randburg, where convenience meets modern urban living. If youre looking for a s",2 Feb 2026,2026-03-27T17:13:40.626270+00:00,to-rent,gauteng,johannesburg-metro,randburg,ferndale
privateproperty,RR4606518,https://www.privateproperty.co.za/to-rent/gauteng/johannesburg-metro/randburg/ferndale/032-live-easy-randburg/32-hill-street/RR4606518,1 Bedroom Apartment in Ferndale,5500.0,Ferndale,Randburg,Gauteng,Apartment,1.0,1.0,1.0,,,,,,,Available Now,"1 Bedroom Apartment in Ferndale, 32 Live Easy Randburg, 32 Hill Street, Welcome to Live Easy Randburg, where weve redefined urban living. This isn''t just a bachelor unit i",11 Feb 2026,2026-03-27T17:13:44.137241+00:00,to-rent,gauteng,johannesburg-metro,randburg,ferndale
privateproperty,RR4598028,https://www.privateproperty.co.za/to-rent/gauteng/johannesburg-metro/johannesburg-central/marshalltown/20-anderson-street/RR4598028,Studio Apartment in Marshalltown,4350.0,Marshalltown,Johannesburg Central,Gauteng,Apartment,0.5,1.0,1.0,,,,,,,Available Now,"Studio Apartment in Marshalltown, 20 Anderson Street, Experience the best of Jozi city living in a building that prioritizes your safety and convenience.",2 Feb 2026,2026-03-27T17:13:47.031324+00:00,to-rent,gauteng,johannesburg-metro,johannesburg-central,marshalltown
privateproperty,RR4610453,https://www.privateproperty.co.za/to-rent/gauteng/johannesburg-metro/sandton/fourways/40-40-roos-street404/RR4610453,1 Bedroom Apartment in Fourways,5700.0,Fourways,Sandton,Gauteng,Apartment,1.0,1.0,1.0,,,,,,,Available Now,"1 Bedroom Apartment in Fourways, 40 40 Roos Street404, Welcome to Live Easy Fourways. This isn''t just a 1-bedroom apartment its a strategic move to put yo",16 Feb 2026,2026-03-27T17:13:49.792999+00:00,to-rent,gauteng,johannesburg-metro,sandton,fourways
privateproperty,RR4609937,https://www.privateproperty.co.za/to-rent/gauteng/johannesburg-metro/sandton/fourways/41-1e-the-parks-lifestyle-apartments/22-century-boulevard/RR4609937,3 Bedroom Apartment in Fourways,11000.0,Fourways,Sandton,Gauteng,Apartment,3.0,2.0,2.0,,74.0,,,,0.0,Available Now,"3 Bedroom Apartment in Fourways, 41-1E The Parks Lifestyle Apartments, 22 Century Boulevard, The Parks Lifestyle Apartments. LIMITED OFFER | 50 OFF FIRST MONTH''S RENT | T''s & C''s Apply Con",16 Feb 2026,2026-03-27T17:13:53.706348+00:00,to-rent,gauteng,johannesburg-metro,sandton,fourways
privateproperty,RR4619360,https://www.privateproperty.co.za/to-rent/gauteng/johannesburg-metro/north-riding-to-lanseria/chartwell/44-1c-the-parks-lifestyle-estate/22-century-boulevard-riversands-view/RR4619360,2 Bedroom Apartment in Chartwell,7900.0,Chartwell,North Riding To Lanseria,Gauteng,Apartment,2.0,2.0,,,65.0,,,,0.0,Available Now,"2 Bedroom Apartment in Chartwell, 44-1C THE PARKS LIFESTYLE ESTATE, 22 CENTURY BOULEVARD RIVERSANDS VIEW, The Parks Lifestyle Apartments The Parks Lifestyle Apartments offers secure, modern apartment livin",28 Feb 2026,2026-03-27T17:13:57.189319+00:00,to-rent,gauteng,johannesburg-metro,north-riding-to-lanseria,chartwell
privateproperty,RR4625496,https://www.privateproperty.co.za/to-rent/gauteng/johannesburg-metro/midrand/kyalami/35-4g-the-parks-lifestyle-apartments/22-century-boulevard/RR4625496,1 Bedroom Apartment in Kyalami,6600.0,Kyalami,Midrand,Gauteng,Apartment,1.0,1.0,2.0,,38.0,,,,0.0,Available Now,"1 Bedroom Apartment in Kyalami, 35-4G The Parks Lifestyle Apartments, 22 Century Boulevard, The Parks Lifestyle Apartments The Parks Lifestyle Apartments Resort-Style Living at Mid-Market Re",9 Mar 2026,2026-03-27T17:14:00.848832+00:00,to-rent,gauteng,johannesburg-metro,midrand,kyalami
privateproperty,RR4636133,https://www.privateproperty.co.za/to-rent/gauteng/johannesburg-metro/midrand/kyalami/1-3d-the-parks-lifestyle/22-century-boulevard-riversands/RR4636133,3 Bedroom Apartment in Kyalami,9200.0,Kyalami,Midrand,Gauteng,Apartment,3.0,2.0,2.0,,74.0,,,,0.0,Available Now,"3 Bedroom Apartment in Kyalami, 1-3D THE PARKS LIFESTYLE, 22 CENTURY BOULEVARD RIVERSANDS, LIMITED OFFER | 50 OFF FIRST MONTH RENT | Ts & Cs Apply. THE PARKS LIFESYLE APARTMENTS, offers s",21 Mar 2026,2026-03-27T17:14:03.364552+00:00,to-rent,gauteng,johannesburg-metro,midrand,kyalami
privateproperty,RR4615818,https://www.privateproperty.co.za/to-rent/gauteng/johannesburg-metro/sandton/fourways/11-2h-the-parks-lifestyle/22-century-boulevard-riversands/RR4615818,3 Bedroom Apartment in Fourways,9200.0,Fourways,Sandton,Gauteng,Apartment,3.0,2.0,,,74.0,,,,0.0,Available Now,"3 Bedroom Apartment in Fourways, 11-2H THE PARKS LIFESTYLE, 22 CENTURY BOULEVARD RIVERSANDS, The Parks Lifestyle Estate located on 22 century boulevard Riversands view The building offers secu",23 Feb 2026,2026-03-27T17:14:06.072254+00:00,to-rent,gauteng,johannesburg-metro,sandton,fourways
privateproperty,RR4629390,https://www.privateproperty.co.za/to-rent/gauteng/johannesburg-metro/johannesburg-central/hillbrow/51-morgenster/4-kaptjein/RR4629390,2 Bedroom Apartment in Hillbrow,4320.0,Hillbrow,Johannesburg Central,Gauteng,Apartment,2.0,1.0,1.0,1.0,,,,,,Available Now,"2 Bedroom Apartment in Hillbrow, 51 MORGENSTER, 4 kaptjein, Morgenster LIMITED OFFER | FIRST MONTH RENT FREE | STAY WITH US AND YOU COULD WIN A 5 STAR VACATIO",12 Mar 2026,2026-03-27T17:14:10.226639+00:00,to-rent,gauteng,johannesburg-metro,johannesburg-central,hillbrow
privateproperty,RR4545635,https://www.privateproperty.co.za/to-rent/gauteng/johannesburg-metro/johannesburg-central/hillbrow/1101-matroosberg/20-ockerse-street/RR4545635,5 Bedroom Apartment in Hillbrow,5391.0,Hillbrow,Johannesburg Central,Gauteng,Apartment,5.0,1.5,1.0,,,,,,,Available Now,"5 Bedroom Apartment in Hillbrow, 1101 matroosberg, 20 Ockerse street, Matroosberg LIMITED OFFER: REDUCED RENTALS | FIRST MONTH RENT FREE | STAY WITH US AND YOU COULD WI",11 Nov 2025,2026-03-27T17:14:14.067445+00:00,to-rent,gauteng,johannesburg-metro,johannesburg-central,hillbrow
privateproperty,RR4635693,https://www.privateproperty.co.za/to-rent/gauteng/johannesburg-metro/johannesburg-central/city-and-suburban-maboneng/106-the-windmill/179-main/RR4635693,2 Bedroom Apartment in City & Suburban (Maboneng),3700.0,City And Suburban Maboneng,Johannesburg Central,Gauteng,Apartment,2.0,1.0,2.0,,,,,,,Available Now,"2 Bedroom Apartment in City & Suburban (Maboneng), 106 The windmill, 179 main, The Windmill LIMITED OFFER | STAY WITH US AND YOU COULD WIN A 5 STAR VACATION | Ts & Cs Apply The",20 Mar 2026,2026-03-27T17:14:17.382530+00:00,to-rent,gauteng,johannesburg-metro,johannesburg-central,city-and-suburban-maboneng
privateproperty,RR4628337,https://www.privateproperty.co.za/to-rent/gauteng/johannesburg-metro/johannesburg-central/johannesburg-cbd/26-toronto-heights/110-helen-joseph-street/RR4628337,1 Bedroom Apartment in Johannesburg CBD,3150.0,Johannesburg Cbd,Johannesburg Central,Gauteng,Apartment,1.0,1.0,,,,,,,,Available Now,"1 Bedroom Apartment in Johannesburg CBD, 26 Toronto Heights, 110 Helen Joseph Street, Toronto House Affordable Urban Living in the Heart of Johannesburg CBD LIMITED OFFER: FIRST MONTH",11 Mar 2026,2026-03-27T17:14:20.699500+00:00,to-rent,gauteng,johannesburg-metro,johannesburg-central,johannesburg-cbd
privateproperty,RR4318986,https://www.privateproperty.co.za/to-rent/gauteng/johannesburg-metro/johannesburg-central/berea/1104-selwood-place/6-o-reiily-street/RR4318986,3 Bedroom Apartment in Berea,4491.0,Berea,Johannesburg Central,Gauteng,Apartment,3.0,1.5,1.0,,,,,,,Available Now,"3 Bedroom Apartment in Berea, 1104 Selwood Place, 6 O'' Reiily Street, Selwood Place LIMITED OFFER | REDUCED RENTALS | FIRST MONTH RENT FREE | STAY WITH US AND YOU COULD",8 Feb 2025,2026-03-27T17:14:23.561717+00:00,to-rent,gauteng,johannesburg-metro,johannesburg-central,berea
privateproperty,RR4636531,https://www.privateproperty.co.za/to-rent/gauteng/johannesburg-metro/johannesburg-central/hillbrow/404-blauwberg/24-kapteijn-street/RR4636531,3 Bedroom Apartment in Hillbrow,4950.0,Hillbrow,Johannesburg Central,Gauteng,Apartment,3.0,1.0,,,,,,,,Available Now,"3 Bedroom Apartment in Hillbrow, 404 Blauwberg, 24 Kapteijn Street, Blauwberg. LIMITED OFFER: FIRST MONTH RENT FREE | STAY WITH US AND YOU COULD WIN A 5 STAR VACATION",23 Mar 2026,2026-03-27T17:14:27.377867+00:00,to-rent,gauteng,johannesburg-metro,johannesburg-central,hillbrow
privateproperty,RR4636126,https://www.privateproperty.co.za/to-rent/gauteng/johannesburg-metro/north-riding-to-lanseria/north-riding/north-riding-ah/26-grand-rapids/476-felstead-road-north-riding/RR4636126,1 Bedroom Apartment in North Riding AH,7000.0,North Riding,North Riding To Lanseria,Gauteng,Apartment,1.0,1.0,1.0,,50.0,,,,,,"1 Bedroom Apartment in North Riding AH, 26 GRAND RAPIDS, 476+ FELSTEAD ROAD NORTH RIDING, VERY SPACIOUS COTTAGE STYLE 1 BEDROOM APARTMENT WITH A VERY LARGE SPACIOUS BALCONY FOR ENTERTAINMENT",21 Mar 2026,2026-03-27T17:14:30.753371+00:00,to-rent,gauteng,johannesburg-metro,north-riding-to-lanseria,north-riding
privateproperty,RR4405536,https://www.privateproperty.co.za/to-rent/gauteng/johannesburg-metro/soweto/orlando/1-via-orlando-hotel/41-adams-street/RR4405536,1 Bedroom Apartment in Orlando,2200.0,Orlando,Soweto,Gauteng,Apartment,1.0,1.0,1.0,,30.0,7.0,,,1.0,Available Now,"1 Bedroom Apartment in Orlando, 1 VIA Orlando Hotel, 41 Adams Street, Fully Furnished Rental Space! Rent includes water, electricity, WIFI, parking & cleaning service. Ca",9 Mar 2026,2026-03-27T17:14:33.777521+00:00,to-rent,gauteng,johannesburg-metro,soweto,orlando
privateproperty,RR2791303,https://www.privateproperty.co.za/to-rent/gauteng/johannesburg-metro/randburg/ferndale/11-fernhof/84-bram-fischer-drive/RR2791303,2 Bedroom Flat in Ferndale,8000.0,Ferndale,Randburg,Gauteng,Apartment,2.0,2.0,,,,,,,0.0,,"2 Bedroom Flat in Ferndale, 11 Fernhof, 84 Bram Fischer drive, UNFURNISHED 2 Bedroom apartment situated in Blairgowrie, Randburg Renovated 2 bedroom apartment, sit",27 Mar 2026,2026-03-27T17:14:36.604105+00:00,to-rent,gauteng,johannesburg-metro,randburg,ferndale
privateproperty,RR2797957,https://www.privateproperty.co.za/to-rent/gauteng/johannesburg-metro/northcliff/linden/21-linhof/84-south-street/RR2797957,3 Bedroom Flat in Linden,9600.0,Linden,Northcliff,Gauteng,Apartment,3.0,2.0,,,,,,,,,"3 Bedroom Flat in Linden, 21 Linhof, 84 South street, Ruim ongemeubileerde 3 slaapkamer woonstel gele in 'n stil buurt in Linden. Vertrekke is nog lekker",27 Mar 2026,2026-03-27T17:14:40.761829+00:00,to-rent,gauteng,johannesburg-metro,northcliff,linden
privateproperty,RR4639964,https://www.privateproperty.co.za/to-rent/gauteng/johannesburg-metro/johannesburg-central/berea/RR4639964,2 Bedroom Apartment in Berea,5990.0,Berea,Johannesburg Central,Gauteng,Apartment,2.0,1.0,,,,,,,,Available Now,"2 Bedroom Apartment in Berea, With HOMii, you can live your best life in the city, this One & half-bedroom apartment with friends.",26 Mar 2026,2026-03-27T17:14:44.720065+00:00,to-rent,gauteng,johannesburg-metro,johannesburg-central,berea
privateproperty,RR1443364,https://www.privateproperty.co.za/to-rent/gauteng/johannesburg-metro/north-riding-to-lanseria/north-riding/107-telford-court/10-hyperion-drive/RR1443364,2 Bedroom Apartment in North Riding,9000.0,North Riding,North Riding To Lanseria,Gauteng,Apartment,2.0,2.0,2.0,1.0,95.0,,,,,,"2 Bedroom Apartment in North Riding, 107 Telford court, 10 Hyperion Drive, Ground floor unit in a sought after complex in North Riding close to Northgate and Montecasino.",26 Mar 2026,2026-03-27T17:14:47.747355+00:00,to-rent,gauteng,johannesburg-metro,north-riding-to-lanseria,north-riding
privateproperty,RR2116205,https://www.privateproperty.co.za/to-rent/gauteng/johannesburg-metro/northcliff/melville/milpark/75-stanley/28-stanley/RR2116205,Studio apartment in Milpark,6000.0,Melville,Northcliff,Gauteng,Apartment,0.0,1.0,1.0,,40.0,,,,,Available Now,"Studio apartment in Milpark, 75 Stanley, 28 Stanley, This is an immaculate and secure loft studio apartment at 28 Stanley complex which can be shared by",26 Mar 2026,2026-03-27T17:14:50.461457+00:00,to-rent,gauteng,johannesburg-metro,northcliff,melville
privateproperty,RR4639016,https://www.privateproperty.co.za/to-rent/gauteng/johannesburg-metro/midrand/kyalami/b3-c-indawo-lifestyle-apartments/2-mushroom-road/RR4639016,3 Bedroom Apartment in Kyalami,15200.0,Kyalami,Midrand,Gauteng,Apartment,3.0,2.0,4.0,,112.0,,,,,,"3 Bedroom Apartment in Kyalami, B3-C Indawo Lifestyle Apartments, 2 Mushroom Road, - Storage units available - FREE Uncapped Internet Access - Load-shedding Solutio",25 Mar 2026,2026-03-27T17:14:53.414789+00:00,to-rent,gauteng,johannesburg-metro,midrand,kyalami
privateproperty,RR4638987,https://www.privateproperty.co.za/to-rent/gauteng/johannesburg-metro/midrand/sagewood/RR4638987,1 Bedroom Apartment in Sagewood,6900.0,Sagewood,Midrand,Gauteng,Apartment,1.0,1.0,2.0,,,,,,,AVAILABLE 1 MAY 2026,"1 Bedroom Apartment in Sagewood, CRESCENDO, MOZART STREET, SAGEWOOD, MIDRAND 1 BEDROOMS 1 BATHROOM OPEN PLAN KITCHEN LIVINGROOM 1 C",25 Mar 2026,2026-03-27T17:14:56.092081+00:00,to-rent,gauteng,johannesburg-metro,midrand,sagewood
privateproperty,RR4638894,https://www.privateproperty.co.za/to-rent/gauteng/johannesburg-metro/midrand/kyalami/b20-3d-indawo-lifestyle-apartments/2-mushroom-road-the-precinct-midrand-1686/RR4638894,2 Bedroom Apartment in Kyalami,10400.0,Kyalami,Midrand,Gauteng,Apartment,2.0,2.0,4.0,,68.0,68.0,,,,,"2 Bedroom Apartment in Kyalami, B20-3D Indawo Lifestyle Apartments, 2 Mushroom Road, The Precinct, Midrand, 1686, Spacious Modern Apartments with FREE Uncapped Internet Access Load-shedding Solutions Solar Backups",25 Mar 2026,2026-03-27T17:14:59.528116+00:00,to-rent,gauteng,johannesburg-metro,midrand,kyalami
privateproperty,RR4638705,https://www.privateproperty.co.za/to-rent/gauteng/johannesburg-metro/midrand/kyalami-ah/treesbank-ah/hmla19h-helderfontein-meander-lifestyle-apartments/1-celery-drive/RR4638705,2 Bedroom Apartment in Treesbank AH,11600.0,Kyalami Ah,Midrand,Gauteng,Apartment,2.0,2.0,4.0,,91.0,,,,,,"2 Bedroom Apartment in Treesbank AH, HMLA19H Helderfontein Meander Lifestyle Apartments, 1 Celery Drive, FREE Uncapped Internet Access Load-shedding Solutions Solar Backups for lights and internet,",25 Mar 2026,2026-03-27T17:15:03.031925+00:00,to-rent,gauteng,johannesburg-metro,midrand,kyalami-ah
privateproperty,RR4638693,https://www.privateproperty.co.za/to-rent/gauteng/johannesburg-metro/midrand/kyalami-ah/treesbank-ah/b12-u3g-helderfontein-meander-lifestyle-apartments/1-celery-drive-treesbank-ah-midrand-1-celery-drive-treesbank-ah-midrand/RR4638693,2 Bedroom Apartment in Treesbank AH,11600.0,Kyalami Ah,Midrand,Gauteng,Apartment,2.0,2.0,4.0,,91.0,,,,,,"2 Bedroom Apartment in Treesbank AH, B12-U3G Helderfontein Meander Lifestyle Apartments, 1 Celery Drive, Treesbank AH, Midrand. 1 Celery Drive, Treesbank AH, Midrand., FREE Uncapped Internet Access Load-shedding Solutions Solar Backups for lights and internet,",25 Mar 2026,2026-03-27T17:15:06.047867+00:00,to-rent,gauteng,johannesburg-metro,midrand,kyalami-ah
privateproperty,RR4638621,https://www.privateproperty.co.za/to-rent/gauteng/johannesburg-metro/midrand/kyalami-ah/treesbank-ah/hmla19d-helderfontein-meander-lifestyle-apartments/1-celery-drive/RR4638621,4 Bedroom Apartment in Treesbank AH,16500.0,Kyalami Ah,Midrand,Gauteng,Apartment,4.0,2.0,4.0,,132.0,,,,,,"4 Bedroom Apartment in Treesbank AH, HMLA19D Helderfontein Meander Lifestyle Apartments, 1 Celery Drive, FREE Uncapped Internet Access Load-shedding Solutions Solar Backups for lights and internet,",25 Mar 2026,2026-03-27T17:15:09.281805+00:00,to-rent,gauteng,johannesburg-metro,midrand,kyalami-ah
privateproperty,RR4638521,https://www.privateproperty.co.za/to-rent/gauteng/johannesburg-metro/midrand/kyalami-ah/treesbank-ah/b30d-meander-lifestyle-apartments/1-celery-drive/RR4638521,4 Bedroom Apartment in Treesbank AH,16500.0,Kyalami Ah,Midrand,Gauteng,Apartment,4.0,2.0,4.0,,132.0,,,,,,"4 Bedroom Apartment in Treesbank AH, B30D Meander Lifestyle Apartments, 1 Celery Drive, FREE Uncapped Internet Access Load-shedding Solutions Solar Backups for lights and internet,",25 Mar 2026,2026-03-27T17:15:24.620031+00:00,to-rent,gauteng,johannesburg-metro,midrand,kyalami-ah
privateproperty,RR4638452,https://www.privateproperty.co.za/to-rent/gauteng/johannesburg-metro/midrand/kyalami-ah/treesbank-ah/c-mla21g-helderfontein-meander-lifestyle-apartments/1-celery-drive/RR4638452,2 Bedroom Apartment in Treesbank AH,11600.0,Kyalami Ah,Midrand,Gauteng,Apartment,2.0,2.0,4.0,,91.0,,,,,,"2 Bedroom Apartment in Treesbank AH, C-MLA21G Helderfontein Meander Lifestyle Apartments, 1 Celery Drive], FREE Uncapped Internet Access Load-shedding Solutions Solar Backups for lights and internet,",25 Mar 2026,2026-03-27T17:15:27.420601+00:00,to-rent,gauteng,johannesburg-metro,midrand,kyalami-ah
privateproperty,RR4638431,https://www.privateproperty.co.za/to-rent/gauteng/johannesburg-metro/sandton/illovo/1226-circa-illovo/21-chaplin-road/RR4638431,Studio Apartment in Illovo,8095.0,Illovo,Sandton,Gauteng,Apartment,0.5,1.0,1.0,1.0,39.0,,,,,Available Now,"Studio Apartment in Illovo, 1226 Circa-Illovo, 21 Chaplin Road, Live Bold at Circa-Illovo, Sandton One Month Rent-Free No Lease Fees Limited-Time Offer Free Fas",25 Mar 2026,2026-03-27T17:15:30.604606+00:00,to-rent,gauteng,johannesburg-metro,sandton,illovo
privateproperty,RR4638388,https://www.privateproperty.co.za/to-rent/gauteng/johannesburg-metro/midrand/carlswald-estate/10-f-carlswald-luxury-apartments/82-tamboti-rd/RR4638388,1 Bedroom Apartment in Carlswald Estate,8900.0,Carlswald Estate,Midrand,Gauteng,Apartment,1.0,1.0,2.0,,53.0,,,,,,"1 Bedroom Apartment in Carlswald Estate, 10-F Carlswald Luxury Apartments, 82 Tamboti Rd, - FREE uncapped internet access - LIMITED Units available, come view TODAY! - Daily viewings - 7 day",24 Mar 2026,2026-03-27T17:15:34.399679+00:00,to-rent,gauteng,johannesburg-metro,midrand,carlswald-estate
privateproperty,RR4638369,https://www.privateproperty.co.za/to-rent/gauteng/johannesburg-metro/midrand/noordwyk/RR4638369,2 Bedroom Apartment in Noordwyk,9500.0,Noordwyk,Midrand,Gauteng,Apartment,2.0,1.0,1.0,,,,,,,,"2 Bedroom Apartment in Noordwyk, This beautiful apartment, featuring two bedrooms, is now available for rent in the highly desirable",24 Mar 2026,2026-03-27T17:15:38.274413+00:00,to-rent,gauteng,johannesburg-metro,midrand,noordwyk
privateproperty,RR4638290,https://www.privateproperty.co.za/to-rent/gauteng/johannesburg-metro/midrand/kyalami/b51-ul-the-precinct-luxury-apartments/1-mushroom-road/RR4638290,2 Bedroom Apartment in Kyalami,12100.0,Kyalami,Midrand,Gauteng,Apartment,2.0,2.0,4.0,,89.0,,,,,,"2 Bedroom Apartment in Kyalami, B51 UL The Precinct Luxury Apartments, 1 Mushroom Road, - Storage units available - FREE Uncapped Internet Access - Load-shedding Solutio",24 Mar 2026,2026-03-27T17:15:42.421660+00:00,to-rent,gauteng,johannesburg-metro,midrand,kyalami
privateproperty,RR4637739,https://www.privateproperty.co.za/to-rent/gauteng/johannesburg-metro/midrand/waterfall-estate/RR4637739,1 Bedroom Apartment in Waterfall Estate,9500.0,Waterfall Estate,Midrand,Gauteng,Apartment,1.0,1.0,1.0,,44.0,,,,,,"1 Bedroom Apartment in Waterfall Estate, 1 Bedroom 1 Bathroom Top Floor Apartment For Rent-Kikuyu Waterfall Beautiful luxury top floor apar",24 Mar 2026,2026-03-27T17:15:46.648205+00:00,to-rent,gauteng,johannesburg-metro,midrand,waterfall-estate
privateproperty,RR1350034,https://www.privateproperty.co.za/to-rent/gauteng/johannesburg-metro/midrand/erand-gardens/unit-351-the-west-end/9th-and-11th-road/RR1350034,1 Bedroom Flat in Erand Gardens,6400.0,Erand Gardens,Midrand,Gauteng,Apartment,1.0,1.0,1.0,,49.0,,,,,,"1 Bedroom Flat in Erand Gardens, Unit 351 The West End, 9th and 11th road, The West End :- This flat is available from 01 April 2026. The complex offers a range of amenities.",24 Mar 2026,2026-03-27T17:15:50.925447+00:00,to-rent,gauteng,johannesburg-metro,midrand,erand-gardens
privateproperty,RR4637551,https://www.privateproperty.co.za/to-rent/gauteng/johannesburg-metro/northcliff/fairland/b15-u3f-5ive-on-thirteenth-lifestyle-apartments/5-13th-avenue/RR4637551,1 Bedroom Apartment in Fairland,6800.0,Fairland,Northcliff,Gauteng,Apartment,1.0,1.0,1.0,,32.0,,,,,,"1 Bedroom Apartment in Fairland, B15-U3F 5ive on Thirteenth Lifestyle Apartments, 5 13th Avenue, FREE Uncapped Internet Access & Gym Unrivalled lifestyle facilities, Free Gym, Restaurant , 247 On-",24 Mar 2026,2026-03-27T17:15:54.001498+00:00,to-rent,gauteng,johannesburg-metro,northcliff,fairland
privateproperty,RR4637463,https://www.privateproperty.co.za/to-rent/gauteng/johannesburg-metro/midrand/noordwyk/148-erand-creek/13th-14th-road/RR4637463,2 Bedroom Apartment in Noordwyk,9305.0,Noordwyk,Midrand,Gauteng,Apartment,2.0,2.0,1.0,,65.0,65.0,,,,,"2 Bedroom Apartment in Noordwyk, 148 Erand Creek, 13th 14th Road, FIRST MONTH RENT FREE, NO LEASE FEE AND FREE STROREROOM!! This modern 2-bedroom, 2-bathroom apartme",24 Mar 2026,2026-03-27T17:15:57.862804+00:00,to-rent,gauteng,johannesburg-metro,midrand,noordwyk
privateproperty,RR4637174,https://www.privateproperty.co.za/to-rent/gauteng/johannesburg-metro/midrand/noordwyk/011-sagewood-lifestyle-apartments/22-22-acacia-st/RR4637174,2 Bedroom Apartment in Noordwyk,10000.0,Noordwyk,Midrand,Gauteng,Apartment,2.0,2.0,4.0,,68.0,,,,,,"2 Bedroom Apartment in Noordwyk, 11 Sagewood Lifestyle Apartments, 22 22 Acacia St, Convenient location just off Olifantsfontein Rd FREE uncapped internet access Fully-eq",23 Mar 2026,2026-03-27T17:16:01.004557+00:00,to-rent,gauteng,johannesburg-metro,midrand,noordwyk
privateproperty,RR4636187,https://www.privateproperty.co.za/to-rent/gauteng/johannesburg-metro/midrand/crowthorne/03-1f-crowthorne-corner-luxury-apartments/231-whisken-ave/RR4636187,1 Bedroom Apartment in Crowthorne,8500.0,Crowthorne,Midrand,Gauteng,Apartment,1.0,1.0,2.0,,48.0,,,,1.0,,"1 Bedroom Apartment in Crowthorne, 3-1F Crowthorne Corner Luxury Apartments, 231 Whisken Ave, Secure, modern living spaces with FREE internet access LIMITED units available, book a viewin",21 Mar 2026,2026-03-27T17:16:04.108783+00:00,to-rent,gauteng,johannesburg-metro,midrand,crowthorne
privateproperty,RR4635326,https://www.privateproperty.co.za/to-rent/gauteng/johannesburg-metro/northcliff/fairland/05-2a-5ive-on-thirteenth-lifestyle-apartments/5th-13th-avenue/RR4635326,3 Bedroom Apartment in Fairland,12300.0,Fairland,Northcliff,Gauteng,Apartment,3.0,2.0,4.0,,80.0,80.0,,,,Available Now,"3 Bedroom Apartment in Fairland, 5-2A 5ive on Thirteenth Lifestyle Apartments, 5th 13th Avenue, FREE Uncapped Internet Access & Gym Modern Spacious 1- Bed Apartment Unrivalled lifestyle facili",20 Mar 2026,2026-03-27T17:16:08.044659+00:00,to-rent,gauteng,johannesburg-metro,northcliff,fairland
privateproperty,RR4633955,https://www.privateproperty.co.za/to-rent/gauteng/johannesburg-metro/midrand/waterfall-estate/b31-3i-indawo-lifestyle-apartments/2-mushroom-road-2-mushroom-road/RR4633955,2 Bedroom Apartment in Waterfall Estate,10400.0,Waterfall Estate,Midrand,Gauteng,Apartment,2.0,2.0,4.0,,68.0,,,,,,"2 Bedroom Apartment in Waterfall Estate, B31-3I Indawo Lifestyle Apartments, 2 Mushroom road 2 Mushroom road, Spacious Modern Apartments with FREE Uncapped Internet Access Load-shedding Solutions Solar B",18 Mar 2026,2026-03-27T17:16:12.351967+00:00,to-rent,gauteng,johannesburg-metro,midrand,waterfall-estate
privateproperty,RR3780272,https://www.privateproperty.co.za/to-rent/gauteng/johannesburg-metro/rosebank-and-parktown/houghton-estate/00-the-paramount/1-8th-street/RR3780272,2 Bedroom Apartment in Houghton Estate,22500.0,Houghton Estate,Rosebank And Parktown,Gauteng,Apartment,2.0,2.0,2.0,,80.0,,,,0.0,Available Now,"2 Bedroom Apartment in Houghton Estate, THE PARAMOUNT, 1 8TH Street, Luxury 2 Bed | 2 Bath Corner Apartment No Load Shedding | Balcony | Immediate Occupation Location:",18 Mar 2026,2026-03-27T17:16:15.759078+00:00,to-rent,gauteng,johannesburg-metro,rosebank-and-parktown,houghton-estate
privateproperty,RR4633596,https://www.privateproperty.co.za/to-rent/gauteng/johannesburg-metro/midrand/kyalami/37-1g-indawo-lifestyle-apartments/2-mushroom-road/RR4633596,2 Bedroom Apartment in Kyalami,11000.0,Kyalami,Midrand,Gauteng,Apartment,2.0,2.0,4.0,,68.0,,,,,,"2 Bedroom Apartment in Kyalami, 37-1G Indawo Lifestyle Apartments, 2 Mushroom road, Spacious Modern Apartments with FREE Uncapped Internet Access Load-shedding Solutions Solar B",18 Mar 2026,2026-03-27T17:16:19.539125+00:00,to-rent,gauteng,johannesburg-metro,midrand,kyalami
privateproperty,RR4633276,https://www.privateproperty.co.za/to-rent/gauteng/johannesburg-metro/sandton/sandown/11000-metropolis-on-park/118-120-pretoria-avenue/RR4633276,3 Bedroom Apartment in Sandown,65000.0,Sandown,Sandton,Gauteng,Apartment,3.0,3.5,,,274.0,,,,1.0,,"3 Bedroom Apartment in Sandown, 11000 Metropolis On Park, 118 - 120 Pretoria Avenue, Furnished 3-Bedroom, 3.5-Bathroom Apartment for Rent Sandown, Sandton - Metropolis on Park Experi",17 Mar 2026,2026-03-27T17:16:22.929521+00:00,to-rent,gauteng,johannesburg-metro,sandton,sandown
privateproperty,RR4633262,https://www.privateproperty.co.za/to-rent/gauteng/johannesburg-metro/sandton/morningside/800-254-west-road-south/254-west-road-south/RR4633262,2 Bedroom Apartment in Morningside,18500.0,Morningside,Sandton,Gauteng,Apartment,2.0,2.0,2.0,,92.0,,,,1.0,Available Now,"2 Bedroom Apartment in Morningside, 800 254 West Road South, 254 West Road South, This property is professionally managed by Etchells & Young Property Brokers. A fully furnished 2-b",17 Mar 2026,2026-03-27T17:16:25.673161+00:00,to-rent,gauteng,johannesburg-metro,sandton,morningside
privateproperty,RR4633259,https://www.privateproperty.co.za/to-rent/gauteng/johannesburg-metro/northcliff/auckland-park/065d-the-campus-luxury-student-accommodation/10-streatly-avenue/RR4633259,1 Bedroom Apartment in Auckland Park,8300.0,Auckland Park,Northcliff,Gauteng,Apartment,1.0,1.0,1.0,,16.0,,,,1.0,Available Now,"1 Bedroom Apartment in Auckland Park, 65D the campus luxury student accommodation, 10 Streatly avenue, FREE Uncapped internet access FREE Access to luxury lifestyle facilities Located close",17 Mar 2026,2026-03-27T17:16:28.256760+00:00,to-rent,gauteng,johannesburg-metro,northcliff,auckland-park
privateproperty,RR4632950,https://www.privateproperty.co.za/to-rent/gauteng/johannesburg-metro/midrand/noordwyk/61-st-george/850-lever-road-road/RR4632950,2 Bedroom Apartment in Noordwyk,7500.0,Noordwyk,Midrand,Gauteng,Apartment,2.0,1.0,1.0,,65.0,,,,,,"2 Bedroom Apartment in Noordwyk, 61 St George, 850 Lever Road Road, 2Bedroom 1fully Bathroom first floor at St George Complex. Complex in Noordwyk Midrand is available",17 Mar 2026,2026-03-27T17:16:32.510470+00:00,to-rent,gauteng,johannesburg-metro,midrand,noordwyk
privateproperty,RR4632708,https://www.privateproperty.co.za/to-rent/gauteng/johannesburg-metro/sandton/morningside/40000-central-square/5-lower-road/RR4632708,3 Bedroom Apartment in Morningside,50000.0,Morningside,Sandton,Gauteng,Apartment,3.0,3.5,,,194.0,,,,1.0,,"3 Bedroom Apartment in Morningside, 40000 Central Square, 5 Lower Road, Furnished 3-Bedroom Luxury Apartment for Rent in Central Square, Sandton | Morningside Available: 1",17 Mar 2026,2026-03-27T17:16:35.544520+00:00,to-rent,gauteng,johannesburg-metro,sandton,morningside
privateproperty,RR4632553,https://www.privateproperty.co.za/to-rent/gauteng/johannesburg-metro/midrand/vorna-valley/RR4632553,2 Bedroom Apartment in Vorna Valley,9000.0,Vorna Valley,Midrand,Gauteng,Apartment,2.0,2.0,1.0,,63.0,63.0,,,,,"2 Bedroom Apartment in Vorna Valley, Discover comfortable and stylish living in this beautifully maintained first-floor apartment, perfec",17 Mar 2026,2026-03-27T17:16:38.975384+00:00,to-rent,gauteng,johannesburg-metro,midrand,vorna-valley
privateproperty,RR4632291,https://www.privateproperty.co.za/to-rent/gauteng/johannesburg-metro/midrand/noordwyk/13th-14th-road/RR4632291,2 Bedroom Apartment in Noordwyk,8555.0,Noordwyk,Midrand,Gauteng,Apartment,2.0,1.0,1.0,,57.0,57.0,,,,,"2 Bedroom Apartment in Noordwyk, 13th 14th Road, FIRST MONTH RENT FREE AND NO LEASE FEE!!!! Enjoy comfortable and convenient living in this 55sqm 2-",17 Mar 2026,2026-03-27T17:16:42.097856+00:00,to-rent,gauteng,johannesburg-metro,midrand,noordwyk
privateproperty,RR4631932,https://www.privateproperty.co.za/to-rent/gauteng/johannesburg-metro/sandton/broadacres/RR4631932,2 Bedroom Apartment in Broadacres,9500.0,Broadacres,Sandton,Gauteng,Apartment,2.0,1.0,2.0,,61.0,,,,,,"2 Bedroom Apartment in Broadacres, Located in the quiet and well-maintained Fourways Garden Villas complex in Broadacres, this comforta",16 Mar 2026,2026-03-27T17:16:45.593050+00:00,to-rent,gauteng,johannesburg-metro,sandton,broadacres
privateproperty,RR4631732,https://www.privateproperty.co.za/to-rent/gauteng/johannesburg-metro/midrand/glen-austin/glen-austin-ah/RR4631732,Bachelor apartment in Glen Austin AH,4000.0,Glen Austin,Midrand,Gauteng,Apartment,0.5,1.0,,,,,,,,Available Now,"Bachelor apartment in Glen Austin AH, Beautifully bachelor room built upmarket apartment for Rent in Glen Austin. Apartment to share The",16 Mar 2026,2026-03-27T17:16:49.401767+00:00,to-rent,gauteng,johannesburg-metro,midrand,glen-austin
privateproperty,RR4631067,https://www.privateproperty.co.za/to-rent/gauteng/johannesburg-metro/midrand/kyalami/55l-the-precinct-luxury-apartments/1-mushroom-road/RR4631067,2 Bedroom Apartment in Kyalami,12100.0,Kyalami,Midrand,Gauteng,Apartment,2.0,2.0,4.0,,89.0,,,,,,"2 Bedroom Apartment in Kyalami, 55L The Precinct Luxury Apartments, 1 Mushroom road, Spacious Modern 1-, 2-, 3- & 4-Bed Apartments with FREE Uncapped Internet Access Load-sheddin",15 Mar 2026,2026-03-27T17:16:53.417874+00:00,to-rent,gauteng,johannesburg-metro,midrand,kyalami
privateproperty,RR4630859,https://www.privateproperty.co.za/to-rent/gauteng/johannesburg-metro/sandton/sunninghill/serengeti-sands/1-eldoret-street/RR4630859,2 Bedroom Apartment in Sunninghill,8700.0,Sunninghill,Sandton,Gauteng,Apartment,2.0,1.0,1.0,,85.0,,,,,,"2 Bedroom Apartment in Sunninghill, ### Serengeti Sands, 1 Eldoret Street, 2 Bedroom Apartment to Rent Serengeti Sands, Sunninghill This neat 2-bedroom, 1-bathroom first-flo",14 Mar 2026,2026-03-27T17:16:57.638460+00:00,to-rent,gauteng,johannesburg-metro,sandton,sunninghill
privateproperty,RR4630820,https://www.privateproperty.co.za/to-rent/gauteng/johannesburg-metro/sandton/dainfern/RR4630820,Studio Apartment in Dainfern,7000.0,Dainfern,Sandton,Gauteng,Apartment,0.5,1.0,1.0,,,,,,,Available Now,"Studio Apartment in Dainfern, Rental includes utilities. Tenant pays for prepaid electricity. This apartment is ideally located a",13 Mar 2026,2026-03-27T17:17:01.393471+00:00,to-rent,gauteng,johannesburg-metro,sandton,dainfern
privateproperty,RR4630629,https://www.privateproperty.co.za/to-rent/gauteng/johannesburg-metro/midrand/noordwyk/RR4630629,2 Bedroom Apartment in Noordwyk,8000.0,Noordwyk,Midrand,Gauteng,Apartment,2.0,1.0,1.0,,100.0,,,,,,"2 Bedroom Apartment in Noordwyk, Located in the Parkland Complex, this spacious ground-floor apartment offers comfortable living in",13 Mar 2026,2026-03-27T17:17:05.050805+00:00,to-rent,gauteng,johannesburg-metro,midrand,noordwyk
privateproperty,RR4630427,https://www.privateproperty.co.za/to-rent/gauteng/johannesburg-metro/midrand/barbeque-downs/0001-cascade-waterfall/45-candican-road/RR4630427,2 Bedroom Apartment in Barbeque Downs,12000.0,Barbeque Downs,Midrand,Gauteng,Apartment,2.0,2.0,1.0,,72.0,,,,,,"2 Bedroom Apartment in Barbeque Downs, 1 Cascade WaterFall, 45 Candican Road, This spacious first-floor apartment in the sought-after Cascades, Waterfall offers comfortable and m",13 Mar 2026,2026-03-27T17:17:09.108449+00:00,to-rent,gauteng,johannesburg-metro,midrand,barbeque-downs
privateproperty,RR4630204,https://www.privateproperty.co.za/to-rent/gauteng/johannesburg-metro/midrand/vorna-valley/03-the-marksman/14-shamroc-avenue/RR4630204,1 Bedroom Apartment in Vorna Valley,7500.0,Vorna Valley,Midrand,Gauteng,Apartment,1.0,1.0,1.0,,,36.0,,,,,"1 Bedroom Apartment in Vorna Valley, 3 The Marksman, 14 Shamroc Avenue, Discover comfortable and convenient living in this modern 1-bedroom apartment located in Vorna Valle",13 Mar 2026,2026-03-27T17:17:12.151159+00:00,to-rent,gauteng,johannesburg-metro,midrand,vorna-valley
privateproperty,RR4630190,https://www.privateproperty.co.za/to-rent/gauteng/johannesburg-metro/midrand/vorna-valley/02-the-marksman/14-shamroc-avenue/RR4630190,2 Bedroom Apartment in Vorna Valley,10165.0,Vorna Valley,Midrand,Gauteng,Apartment,2.0,2.0,,,,71.0,,,,,"2 Bedroom Apartment in Vorna Valley, 2 The Marksman, 14 Shamroc Avenue, Experience modern living at The Marksman, a newly developed residential complex perfectly positioned",13 Mar 2026,2026-03-27T17:17:15.185934+00:00,to-rent,gauteng,johannesburg-metro,midrand,vorna-valley
privateproperty,RR4629958,https://www.privateproperty.co.za/to-rent/gauteng/johannesburg-metro/johannesburg-south/kibler-park/656-route82/1-tamboti-street/RR4629958,2 Bedroom Apartment in Kibler Park,7200.0,Kibler Park,Johannesburg South,Gauteng,Apartment,2.0,1.0,1.0,,51.0,51.0,,,,,"2 Bedroom Apartment in Kibler Park, 656 Route82, 1 Tamboti Street, Step into this beautiful 2nd-floor apartment, designed for comfortable and modern living. The apartm",12 Mar 2026,2026-03-27T17:17:18.472373+00:00,to-rent,gauteng,johannesburg-metro,johannesburg-south,kibler-park
privateproperty,RR4629775,https://www.privateproperty.co.za/to-rent/gauteng/johannesburg-metro/sandton/morningside/2000-central-square/5-lower-road/RR4629775,1 Bedroom Apartment in Morningside,24000.0,Morningside,Sandton,Gauteng,Apartment,1.0,1.0,,,86.0,,,,1.0,Available Now,"1 Bedroom Apartment in Morningside, 2000 Central Square, 5 Lower Road, Fully Furnished 1-Bedroom Apartment for Rent Central Square Available: Immediately Location: Morn",12 Mar 2026,2026-03-27T17:17:22.232906+00:00,to-rent,gauteng,johannesburg-metro,sandton,morningside
privateproperty,RR4629571,https://www.privateproperty.co.za/to-rent/gauteng/johannesburg-metro/johannesburg-central/yeoville/RR4629571,3 Bedroom Apartment in Yeoville,6000.0,Yeoville,Johannesburg Central,Gauteng,Apartment,3.0,1.0,1.0,1.0,,,,,,,"3 Bedroom Apartment in Yeoville, 3 Bedrooms CLEANSECURE Opportunity to rent the apartments at Crown Court. Situated in a quite enviro",12 Mar 2026,2026-03-27T17:17:26.425051+00:00,to-rent,gauteng,johannesburg-metro,johannesburg-central,yeoville
privateproperty,RR4629569,https://www.privateproperty.co.za/to-rent/gauteng/johannesburg-metro/sandton/dainfern/RR4629569,Loft in Dainfern,10500.0,Dainfern,Sandton,Gauteng,,2.0,1.0,2.0,,103.0,,,,,Available Now,"Loft in Dainfern, This Loft apartment, featuring two bedrooms, is now available for rent in the highly desirable The V",12 Mar 2026,2026-03-27T17:17:29.602658+00:00,to-rent,gauteng,johannesburg-metro,sandton,dainfern
privateproperty,RR4628917,https://www.privateproperty.co.za/to-rent/gauteng/johannesburg-metro/sandton/illovo/1229-circa-illovo/21-chaplin-road/RR4628917,1 Bedroom Apartment in Illovo,9350.0,Illovo,Sandton,Gauteng,Apartment,1.0,1.0,1.0,1.0,49.0,,,,,Available Now,"1 Bedroom Apartment in Illovo, 1229 Circa-Illovo, 21 Chaplin Road, Circa Illovo Live Exceptionally in the Heart of Sandton LIMITED-TIME LAUNCH SPECIAL Get Your First",11 Mar 2026,2026-03-27T17:17:32.839294+00:00,to-rent,gauteng,johannesburg-metro,sandton,illovo
privateproperty,RR4628606,https://www.privateproperty.co.za/to-rent/gauteng/johannesburg-metro/sandton/parkmore/RR4628606,2 Bedroom Apartment in Parkmore,23000.0,Parkmore,Sandton,Gauteng,Apartment,2.0,2.5,1.0,,,,,,1.0,Available Now,"2 Bedroom Apartment in Parkmore, Fully Furnished 2 Bedroom Ground-Floor Garden Apartment a stone''s throw away from Sandton CBD. Enj",11 Mar 2026,2026-03-27T17:17:35.367285+00:00,to-rent,gauteng,johannesburg-metro,sandton,parkmore
privateproperty,RR4628540,https://www.privateproperty.co.za/to-rent/gauteng/johannesburg-metro/johannesburg-central/bruma/25-25-ernest-oppenheimer-avenue/RR4628540,1 Bedroom Apartment in Bruma,5100.0,Bruma,Johannesburg Central,Gauteng,Apartment,1.0,1.0,1.0,,28.0,,,,,,"1 Bedroom Apartment in Bruma, 25 25 Ernest Oppenheimer Avenue, FIRST MONTH RENT FREE MODERN APARTMENTS IN BRUMA URBAN VILLAGE Experience contemporary urban livin",11 Mar 2026,2026-03-27T17:17:39.253434+00:00,to-rent,gauteng,johannesburg-metro,johannesburg-central,bruma
privateproperty,RR4628318,https://www.privateproperty.co.za/to-rent/gauteng/johannesburg-metro/midrand/waterfall-estate/b13-2g-indawo-lifestyle-apartments/1-mushroom-road/RR4628318,2 Bedroom Apartment in Waterfall Estate,10400.0,Waterfall Estate,Midrand,Gauteng,Apartment,2.0,1.0,4.0,,68.0,,,,,,"2 Bedroom Apartment in Waterfall Estate, B13-2G Indawo Lifestyle Apartments, 1 Mushroom Road, Spacious Modern Apartments with FREE Uncapped Internet Access Load-shedding Solutions Solar B",11 Mar 2026,2026-03-27T17:17:42.679098+00:00,to-rent,gauteng,johannesburg-metro,midrand,waterfall-estate
privateproperty,RR4628213,https://www.privateproperty.co.za/to-rent/gauteng/johannesburg-metro/sandton/fourways/3d-helderfontein-meander-lifestyle-apartments/3d-1-celery-drive-treesbank-ah-midrand/RR4628213,2 Bedroom Apartment in Fourways,11600.0,Fourways,Sandton,Gauteng,Apartment,2.0,2.0,4.0,,91.0,,,,,,"2 Bedroom Apartment in Fourways, 3D Helderfontein Meander Lifestyle Apartments, 3D 1 Celery Drive, Treesbank AH, Midrand., FREE Uncapped Internet Access Load-shedding Solutions Solar Backups for lights and internet,",11 Mar 2026,2026-03-27T17:17:57.496674+00:00,to-rent,gauteng,johannesburg-metro,sandton,fourways
privateproperty,RR4627740,https://www.privateproperty.co.za/to-rent/gauteng/johannesburg-metro/rosebank-and-parktown/craighall/alexandra-avenue/RR4627740,2 Bedroom Apartment in Craighall,12000.0,Craighall,Rosebank And Parktown,Gauteng,Apartment,2.0,1.0,2.0,,74.0,1.0,,,,,"2 Bedroom Apartment in Craighall, Alexandra Avenue, 2 Bedroom Ground Floor Apartment to Let Coconut Grove, Craighall Welcome to this beautiful 2-bedroo",10 Mar 2026,2026-03-27T17:18:00.706366+00:00,to-rent,gauteng,johannesburg-metro,rosebank-and-parktown,craighall
privateproperty,RR4627739,https://www.privateproperty.co.za/to-rent/gauteng/johannesburg-metro/midrand/waterfall-estate/96g-the-precinct-luxury-apartments/1-mushroom-road-the-precinct-midrand-1686/RR4627739,2 Bedroom Apartment in Waterfall Estate,12100.0,Waterfall Estate,Midrand,Gauteng,Apartment,2.0,2.0,4.0,,91.0,91.0,,,,,"2 Bedroom Apartment in Waterfall Estate, 96G The Precinct Luxury Apartments, 1 Mushroom Road, The Precinct, Midrand, 1686, Experience luxury and convenience at The Precinct Luxury Apartments in Waterfall. Spacious",10 Mar 2026,2026-03-27T17:18:04.625231+00:00,to-rent,gauteng,johannesburg-metro,midrand,waterfall-estate
privateproperty,RR4627602,https://www.privateproperty.co.za/to-rent/gauteng/johannesburg-metro/sandton/douglasdale/206-douglasdale-retirement-village/28-galloway/RR4627602,Studio Apartment in Douglasdale,7400.0,Douglasdale,Sandton,Gauteng,Apartment,0.0,1.0,,,38.0,,,,,Available Now,"Studio Apartment in Douglasdale, 206 Douglasdale Retirement Village, 28 Galloway, DOUGLASDALE RETIREMENT VILLAGE!! Available now are the following: - Bachelor apartments starting a",10 Mar 2026,2026-03-27T17:18:07.423874+00:00,to-rent,gauteng,johannesburg-metro,sandton,douglasdale
privateproperty,RR4626670,https://www.privateproperty.co.za/to-rent/gauteng/johannesburg-metro/sandton/illovo/RR4626670,Studio Apartment in Illovo,7360.0,Illovo,Sandton,Gauteng,Apartment,0.5,1.0,1.0,,,,,,,Available Now,"Studio Apartment in Illovo, FIRST MONTH FREE RENT !!!! FIRST MONTH FREE RENT A lovely well-maintained complex with beautiful sc",10 Mar 2026,2026-03-27T17:18:11.592659+00:00,to-rent,gauteng,johannesburg-metro,sandton,illovo
privateproperty,RR4626668,https://www.privateproperty.co.za/to-rent/gauteng/johannesburg-metro/sandton/illovo/21-chaplin-rd/RR4626668,1 Bedroom Apartment in Illovo,8375.0,Illovo,Sandton,Gauteng,Apartment,1.0,1.0,1.0,,,,,,,Available Now,"1 Bedroom Apartment in Illovo, 21 Chaplin RD, FIRST MONTH RENT FREE! Discover comfortable and convenient living at Circa Illovo Apartments, a bea",10 Mar 2026,2026-03-27T17:18:15.831174+00:00,to-rent,gauteng,johannesburg-metro,sandton,illovo
privateproperty,RR4626609,https://www.privateproperty.co.za/to-rent/gauteng/johannesburg-metro/midrand/noordwyk/13th-14th-road/RR4626609,2 Bedroom Apartment in Noordwyk,8655.0,Noordwyk,Midrand,Gauteng,Apartment,2.0,1.0,1.0,,57.0,57.0,,,,,"2 Bedroom Apartment in Noordwyk, 13th 14th Road, FIRST MONTH RENT FREE, NO LEASE FEE AND FREE STOREROOM!!!! Ground Floor Gem in Midrand Dont Miss O",10 Mar 2026,2026-03-27T17:18:19.056005+00:00,to-rent,gauteng,johannesburg-metro,midrand,noordwyk
privateproperty,RR4626199,https://www.privateproperty.co.za/to-rent/gauteng/johannesburg-metro/midrand/carlswald-estate/RR4626199,2 Bedroom Apartment in Carlswald Estate,7750.0,Carlswald Estate,Midrand,Gauteng,Apartment,2.0,1.0,1.0,,,,,,,,"2 Bedroom Apartment in Carlswald Estate, NO DEPOSIT REQUIRED: t& c apply FREE WIFI- UNCAPPED Ground Floor for R7750 PM Excluding utilities",9 Mar 2026,2026-03-27T17:18:22.514930+00:00,to-rent,gauteng,johannesburg-metro,midrand,carlswald-estate
privateproperty,RR4057062,https://www.privateproperty.co.za/to-rent/gauteng/johannesburg-metro/north-riding-to-lanseria/north-riding/78-palmerston-estate/142-valley-road/RR4057062,1 Bedroom Flat in North Riding,6900.0,North Riding,North Riding To Lanseria,Gauteng,Apartment,1.0,1.0,3.0,,55.0,,,,0.0,,"1 Bedroom Flat in North Riding, 7/8 Palmerston Estate, 142 Valley Road, Serene 1-Bedroom Apartment in a Tranquil, Off-Grid Country Estate No Loadshedding! Escape the city",9 Mar 2026,2026-03-27T17:18:26.450590+00:00,to-rent,gauteng,johannesburg-metro,north-riding-to-lanseria,north-riding
privateproperty,RR4625429,https://www.privateproperty.co.za/to-rent/gauteng/johannesburg-metro/midrand/noordwyk/102h-san-ridge-heights-apartments/183-13th-road/RR4625429,2 Bedroom Apartment in Noordwyk,8200.0,Noordwyk,Midrand,Gauteng,Apartment,2.0,1.0,1.0,,54.0,,,,,,"2 Bedroom Apartment in Noordwyk, 102H San Ridge Heights Apartments, 183 13th Road, Discover Your Dream Apartment at San Ridge Heights Are you searching for a breathtaking apartment t",8 Mar 2026,2026-03-27T17:18:30.735488+00:00,to-rent,gauteng,johannesburg-metro,midrand,noordwyk
privateproperty,RR4624986,https://www.privateproperty.co.za/to-rent/gauteng/johannesburg-metro/sandton/sandown/20000-blackbrick/25-fredman-drive/RR4624986,Studio apartment in Sandown,11000.0,Sandown,Sandton,Gauteng,Apartment,0.5,1.0,,,38.0,,,,1.0,Available Now,"Studio apartment in Sandown, 20000 Blackbrick, 25 Fredman Drive, Fully Furnished Luxury Sandton CBD studio apartment for rent This modern studio apartment with 1 bat",6 Mar 2026,2026-03-27T17:18:35.043274+00:00,to-rent,gauteng,johannesburg-metro,sandton,sandown
privateproperty,RR4624484,https://www.privateproperty.co.za/to-rent/gauteng/johannesburg-metro/johannesburg-central/marshalltown/RR4624484,1 Bedroom Apartment in Marshalltown,4590.0,Marshalltown,Johannesburg Central,Gauteng,Apartment,1.0,1.0,,,,,,,0.0,Available Now,"1 Bedroom Apartment in Marshalltown, Enjoy your own private space in this brand new bachelor unit! Perfect for a working professional or",6 Mar 2026,2026-03-27T17:18:38.351496+00:00,to-rent,gauteng,johannesburg-metro,johannesburg-central,marshalltown
privateproperty,RR4624221,https://www.privateproperty.co.za/to-rent/gauteng/johannesburg-metro/johannesburg-south/kibler-park/852-route-82/1-tamboti-street/RR4624221,2 Bedroom Apartment in Kibler Park,6700.0,Kibler Park,Johannesburg South,Gauteng,Apartment,2.0,1.0,1.0,,45.0,45.0,,,,,"2 Bedroom Apartment in Kibler Park, 852 Route 82, 1 Tamboti Street, This 2bedroom are well-sized both with built-in cupboards. Enjoy an inviting open-plan kitchen and l",5 Mar 2026,2026-03-27T17:18:41.009236+00:00,to-rent,gauteng,johannesburg-metro,johannesburg-south,kibler-park
privateproperty,RR4624199,https://www.privateproperty.co.za/to-rent/gauteng/johannesburg-metro/sandton/lonehill/RR4624199,1 Bedroom Apartment in Lonehill,9300.0,Lonehill,Sandton,Gauteng,Apartment,1.0,1.5,,,,,,,,Available Now,"1 Bedroom Apartment in Lonehill, This neat and well-maintained ground-floor apartment is situated in a secure complex in the heart of",5 Mar 2026,2026-03-27T17:18:43.634592+00:00,to-rent,gauteng,johannesburg-metro,sandton,lonehill
privateproperty,RR4623789,https://www.privateproperty.co.za/to-rent/gauteng/johannesburg-metro/sandton/linbro-park/greenlee/1-greenlee/RR4623789,1 Bedroom Apartment in Linbro Park,7200.0,Linbro Park,Sandton,Gauteng,Apartment,1.0,1.0,1.0,,37.0,,,,,Available Now,"1 Bedroom Apartment in Linbro Park, ### GreenLee, 1 Greenlee, Modern Studio Apartment to Rent Greenlee Eco Estate | R7,200 per month This modern and well-design",5 Mar 2026,2026-03-27T17:18:47.713453+00:00,to-rent,gauteng,johannesburg-metro,sandton,linbro-park
privateproperty,RR4623329,https://www.privateproperty.co.za/to-rent/gauteng/johannesburg-metro/sandton/douglasdale/338-douglasdale-retirement-village/28-galloway/RR4623329,1 Bedroom Apartment in Douglasdale,8500.0,Douglasdale,Sandton,Gauteng,Apartment,1.0,1.0,1.0,,43.0,,,,,Available Now,"1 Bedroom Apartment in Douglasdale, 338 Douglasdale Retirement Village, 28 Galloway, DOUGLASDALE RETIREMENT VILLAGE!!! OVER THE AGE OF 50 CALL NOW!!! Available is this stunning 1 bedro",5 Mar 2026,2026-03-27T17:18:51.264214+00:00,to-rent,gauteng,johannesburg-metro,sandton,douglasdale
privateproperty,RR4623249,https://www.privateproperty.co.za/to-rent/gauteng/johannesburg-metro/midrand/waterfall-estate/b-987-j-the-precinct-luxury-apartments/1-mushroom-rd-plooysville-ah-midrand-1686-1-mushroom-rd-plooysville-ah-midrand-1686/RR4623249,2 Bedroom Apartment in Waterfall Estate,12100.0,Waterfall Estate,Midrand,Gauteng,Apartment,2.0,2.0,2.0,,89.0,,,,,,"2 Bedroom Apartment in Waterfall Estate, B-987-J The Precinct Luxury Apartments, 1 Mushroom Rd, Plooysville AH, Midrand, 1686 1 Mushroom Rd, Plooysville AH, Midrand, 1686, Storage units available. Currently on special. Spacious Modern 1-, 2-, 3- & 4-Bed Apartments",5 Mar 2026,2026-03-27T17:18:54.292832+00:00,to-rent,gauteng,johannesburg-metro,midrand,waterfall-estate
privateproperty,RR4623185,https://www.privateproperty.co.za/to-rent/gauteng/johannesburg-metro/johannesburg-south/meredale/101spg-sparrow-gate/1-lark-street/RR4623185,2 Bedroom Apartment in Meredale,7200.0,Meredale,Johannesburg South,Gauteng,Apartment,2.0,2.0,1.0,,70.0,,,,,Available Now,"2 Bedroom Apartment in Meredale, 101spg SPARROW GATE, 1 LARK STREET, If space is what youre looking for, then this is the home for you! This well-sized unit offers 2 be",4 Mar 2026,2026-03-27T17:18:57.660124+00:00,to-rent,gauteng,johannesburg-metro,johannesburg-south,meredale
privateproperty,RR4622917,https://www.privateproperty.co.za/to-rent/gauteng/johannesburg-metro/midrand/noordwyk/40630-san-ridge-heights/13th-road-13th-rd-lever-rd/RR4622917,2 Bedroom Apartment in Noordwyk,8200.0,Noordwyk,Midrand,Gauteng,Apartment,2.0,1.0,1.0,,54.0,,,,,,"2 Bedroom Apartment in Noordwyk, 40630 SAN RIDGE HEIGHTS, 13th Road 13th Rd & Lever Rd, This neat and well-maintained 2-bedroom, 1st-floor apartment offers comfortable living in a secure a",4 Mar 2026,2026-03-27T17:19:01.881991+00:00,to-rent,gauteng,johannesburg-metro,midrand,noordwyk
privateproperty,RR4622486,https://www.privateproperty.co.za/to-rent/gauteng/johannesburg-metro/rosebank-and-parktown/craighall-park/RR4622486,2 Bedroom Apartment in Craighall Park,8000.0,Craighall Park,Rosebank And Parktown,Gauteng,Apartment,2.0,1.0,,,,,,,,Available Now,"2 Bedroom Apartment in Craighall Park, NO ADMIN OR LEASE FEES!!! Welcome to this bright and spacious 2 Bedroom, 1 Bathroom second floor ap",4 Mar 2026,2026-03-27T17:19:05.779259+00:00,to-rent,gauteng,johannesburg-metro,rosebank-and-parktown,craighall-park
privateproperty,RR4622005,https://www.privateproperty.co.za/to-rent/gauteng/johannesburg-metro/midrand/carlswald-estate/16f-carlswald-luxury-apartments/82-tamboti/RR4622005,1 Bedroom Apartment in Carlswald Estate,8900.0,Carlswald Estate,Midrand,Gauteng,Apartment,1.0,1.0,2.0,,53.0,,,,,,"1 Bedroom Apartment in Carlswald Estate, 16f carlswald luxury apartments, 82 Tamboti, - Unparalleled lifestyle facilities 2x clubhouses, swimming pools, play parks, sports fields -",4 Mar 2026,2026-03-27T17:19:09.241665+00:00,to-rent,gauteng,johannesburg-metro,midrand,carlswald-estate
privateproperty,RR4621620,https://www.privateproperty.co.za/to-rent/gauteng/johannesburg-metro/johannesburg-central/marshalltown/14-14-delvers-street/RR4621620,2 Bedroom Apartment in Marshalltown,4710.0,Marshalltown,Johannesburg Central,Gauteng,Apartment,2.0,1.0,1.0,,37.0,,,,,,"2 Bedroom Apartment in Marshalltown, 14 14 Delvers street, Welcome to The Marshalyards, where modern city living meets comfort, convenience, and secure urban l",3 Mar 2026,2026-03-27T17:19:12.474750+00:00,to-rent,gauteng,johannesburg-metro,johannesburg-central,marshalltown
privateproperty,RR4621496,https://www.privateproperty.co.za/to-rent/gauteng/johannesburg-metro/soweto/pimville/klipspruit/RR4621496,3 Bedroom Apartment in Klipspruit,7700.0,Pimville,Soweto,Gauteng,Apartment,3.0,1.0,1.0,,,,,,,,"3 Bedroom Apartment in Klipspruit, Orlando Towers is where vibrant living meets everyday convenience a place designed for comfort, con",3 Mar 2026,2026-03-27T17:19:17.406905+00:00,to-rent,gauteng,johannesburg-metro,soweto,pimville
privateproperty,RR4621035,https://www.privateproperty.co.za/to-rent/gauteng/johannesburg-metro/johannesburg-central/marshalltown/14-14-delvers-street/RR4621035,2 Bedroom Apartment in Marshalltown,4700.0,Marshalltown,Johannesburg Central,Gauteng,Apartment,2.0,1.0,1.0,,37.0,,,,,,"2 Bedroom Apartment in Marshalltown, 14 14 Delvers street, FIRST MONTH RENT FREE 50 OFF DEPOSIT! Modern, Secure Apartments in Marshalltown, Johannesburg Tak",3 Mar 2026,2026-03-27T17:19:21.553222+00:00,to-rent,gauteng,johannesburg-metro,johannesburg-central,marshalltown
privateproperty,RR4621022,https://www.privateproperty.co.za/to-rent/gauteng/johannesburg-metro/soweto/jabulani/1868-lengau-st-jabulani/RR4621022,2 Bedroom Apartment in Jabulani,4650.0,Jabulani,Soweto,Gauteng,Apartment,2.0,1.0,,,,,,,,,"2 Bedroom Apartment in Jabulani, 1868 Lengau St, Jabulani, Find your perfect home at Jabulani Ekhaya, where affordability, comfort, and convenience come togeth",3 Mar 2026,2026-03-27T17:19:25.186228+00:00,to-rent,gauteng,johannesburg-metro,soweto,jabulani
privateproperty,RR792117,https://www.privateproperty.co.za/to-rent/gauteng/johannesburg-metro/sandton/buccleuch/130a-the-gibson/9-gibson-street-west/RR792117,1 Bedroom Apartment in Buccleuch,6350.0,Buccleuch,Sandton,Gauteng,Apartment,1.0,1.0,1.0,,,,,,,,"1 Bedroom Apartment in Buccleuch, 130A The Gibson, 9 Gibson Street west, New build. Modern. 1 Bedroom apartment . Close to Sandton,Makro, Woodmead Outlet, other centres,free",3 Mar 2026,2026-03-27T17:19:28.637607+00:00,to-rent,gauteng,johannesburg-metro,sandton,buccleuch
privateproperty,RR989560,https://www.privateproperty.co.za/to-rent/gauteng/johannesburg-metro/sandton/morningside/58-antibes/18-west-road-south/RR989560,1 Bedroom Apartment in Morningside,9250.0,Morningside,Sandton,Gauteng,Apartment,1.0,1.0,,,57.0,,,,0.0,,"1 Bedroom Apartment in Morningside, 58 Antibes, 18 West Road South, Unfurnished unit. Rent a place on Millionaire's Road - West Road South. This highly sought after co",3 Mar 2026,2026-03-27T17:19:31.791803+00:00,to-rent,gauteng,johannesburg-metro,sandton,morningside
privateproperty,RR4620570,https://www.privateproperty.co.za/to-rent/gauteng/johannesburg-metro/sandton/morningside/RR4620570,1 Bedroom Apartment in Morningside,14000.0,Morningside,Sandton,Gauteng,Apartment,1.0,1.0,2.0,,55.0,,,,1.0,,"1 Bedroom Apartment in Morningside, Stylish Fully Furnished and Serviced 1 Bedroom Apartment with Garden in Secure Morningside Complex",2 Mar 2026,2026-03-27T17:19:34.600375+00:00,to-rent,gauteng,johannesburg-metro,sandton,morningside
privateproperty,RR4620094,https://www.privateproperty.co.za/to-rent/gauteng/johannesburg-metro/midrand/waterfall-estate/kikuyu/RR4620094,1 Bedroom Apartment in Waterfall Estate,9000.0,Waterfall Estate,Midrand,Gauteng,Apartment,1.0,1.0,1.0,,62.0,,,,,,"1 Bedroom Apartment in Waterfall Estate, Kikuyu, , 1 BED TOP FLOOR WITH A BIG BALCONY Upmarket 1 Bedroom,1 Bathroom Apartment in Kikuyu Waterfall Viewi",2 Mar 2026,2026-03-27T17:19:38.898819+00:00,to-rent,gauteng,johannesburg-metro,midrand,waterfall-estate
privateproperty,RR4619809,https://www.privateproperty.co.za/to-rent/gauteng/johannesburg-metro/sandton/benmore-gardens/9000-ben-eden/113-elizabeth-avenue/RR4619809,3 Bedroom Apartment in Benmore Gardens,20000.0,Benmore Gardens,Sandton,Gauteng,Apartment,2.0,3.0,3.0,,150.0,,,,1.0,,"3 Bedroom Apartment in Benmore Gardens, 9000 Ben Eden, 113 Elizabeth Avenue, Furnished 3-Bedroom Penthouse to Rent in Benmore Gardens AVAILABLE - 1st MAY Experience elevated l",2 Mar 2026,2026-03-27T17:19:41.915109+00:00,to-rent,gauteng,johannesburg-metro,sandton,benmore-gardens
privateproperty,RR4619739,https://www.privateproperty.co.za/to-rent/gauteng/johannesburg-metro/rosebank-and-parktown/melrose-north/900-melrose-view/57-athol-oaklands-road/RR4619739,2 Bedroom Apartment in Melrose North,36000.0,Melrose North,Rosebank And Parktown,Gauteng,Apartment,2.0,2.5,3.0,1.0,170.0,,,,1.0,,"2 Bedroom Apartment in Melrose North, 900 Melrose View, 57 Athol Oaklands Road, Fully Furnished, Loadshedding-Free Penthouse | Melrose View AVAILABLE - 1st MAY Experience eleva",2 Mar 2026,2026-03-27T17:19:45.930848+00:00,to-rent,gauteng,johannesburg-metro,rosebank-and-parktown,melrose-north
privateproperty,RR4619607,https://www.privateproperty.co.za/to-rent/gauteng/johannesburg-metro/north-riding-to-lanseria/northgate/2201-celebration-retirement-estate/404-northumberland-ave-olievenpoort/RR4619607,1 Bedroom Apartment in Northgate,9000.0,Northgate,North Riding To Lanseria,Gauteng,Apartment,1.0,1.0,1.0,,45.0,,,,,,"1 Bedroom Apartment in Northgate, 2201 Celebration Retirement Estate, 404 Northumberland Ave, Olievenpoort, Your retirement should be a time to enjoy every moment. At Celebration Retirement Estate, exclusivel",1 Mar 2026,2026-03-27T17:19:49.777781+00:00,to-rent,gauteng,johannesburg-metro,north-riding-to-lanseria,northgate
privateproperty,RR2907186,https://www.privateproperty.co.za/to-rent/gauteng/johannesburg-metro/johannesburg-central/johannesburg-cbd/2-rissik-street/RR2907186,1 Bedroom Apartment in Johannesburg CBD,7190.0,Johannesburg Cbd,Johannesburg Central,Gauteng,Apartment,1.0,1.0,,,,,,,,Available Now,"1 Bedroom Apartment in Johannesburg CBD, 2 Rissik Street, Nothing basic about our one bedroom standard apartment - stylish, well positioned for living in the",27 Feb 2026,2026-03-27T17:19:52.615460+00:00,to-rent,gauteng,johannesburg-metro,johannesburg-central,johannesburg-cbd
privateproperty,RR4619069,https://www.privateproperty.co.za/to-rent/gauteng/johannesburg-metro/midrand/waterfall-estate/1234-polofields-drive/RR4619069,2 Bedroom Apartment in Waterfall Estate,24000.0,Waterfall Estate,Midrand,Gauteng,Apartment,2.0,2.0,4.0,,115.0,,,,1.0,Available Now,"2 Bedroom Apartment in Waterfall Estate, 1234 Polofields drive, 2bed 2bath Fully Furnished Penthouse Experience comfort and convenience in this beautifully furnis",27 Feb 2026,2026-03-27T17:19:55.561171+00:00,to-rent,gauteng,johannesburg-metro,midrand,waterfall-estate
privateproperty,RR4618240,https://www.privateproperty.co.za/to-rent/gauteng/johannesburg-metro/midrand/waterfall-estate/RR4618240,3 Bedroom Apartment in Waterfall Estate,28000.0,Waterfall Estate,Midrand,Gauteng,Apartment,2.0,2.0,2.0,,,,,,,Available Now,"3 Bedroom Apartment in Waterfall Estate, R28 000 per month Available Immediately Apartment Features 3 Well-sized Bedrooms 2 Modern Bathroo",26 Feb 2026,2026-03-27T17:19:58.950294+00:00,to-rent,gauteng,johannesburg-metro,midrand,waterfall-estate
privateproperty,RR4616444,https://www.privateproperty.co.za/to-rent/gauteng/johannesburg-metro/northcliff/auckland-park/1065-c-the-campus-luxury-student-accommodation/10-streatly-avenue/RR4616444,1 Bedroom Apartment in Auckland Park,8300.0,Auckland Park,Northcliff,Gauteng,Apartment,1.0,1.0,1.0,,18.0,,,,1.0,Available Now,"1 Bedroom Apartment in Auckland Park, 1065 C The Campus Luxury Student accommodation, 10 Streatly avenue, FREE Uncapped internet access FREE Access to luxury lifestyle facilities Located close",24 Feb 2026,2026-03-27T17:20:01.968461+00:00,to-rent,gauteng,johannesburg-metro,northcliff,auckland-park
privateproperty,RR4614578,https://www.privateproperty.co.za/to-rent/gauteng/johannesburg-metro/sandton/bryanston/RR4614578,2 Bedroom Apartment in Bryanston,25000.0,Bryanston,Sandton,Gauteng,Apartment,2.0,2.0,1.0,,,,,,1.0,Available Now,"2 Bedroom Apartment in Bryanston, Fully Furnished & Equipped 2-Bedroom Garden Apartment Rental: R25 000 per month Experience secure, c",21 Feb 2026,2026-03-27T17:20:05.606964+00:00,to-rent,gauteng,johannesburg-metro,sandton,bryanston
privateproperty,RR4448744,https://www.privateproperty.co.za/to-rent/gauteng/johannesburg-metro/sandton/illovo/1b-circa-illovo/196-co-chaplin-and-oxford-road-illovo-sandton/RR4448744,1 Bedroom Apartment in Illovo,9295.0,Illovo,Sandton,Gauteng,Apartment,1.0,1.0,,,,,,,,Available Now,"1 Bedroom Apartment in Illovo, 1B Circa Illovo, 196 C/o Chaplin and Oxford Road, Illovo, Sandton, Experience real city life with this modern GROUND FLOOR 1-bedroom apartment in the heart of Sandton",17 Feb 2026,2026-03-27T17:20:09.799805+00:00,to-rent,gauteng,johannesburg-metro,sandton,illovo
privateproperty,RR4608052,https://www.privateproperty.co.za/to-rent/gauteng/johannesburg-metro/johannesburg-south/rosettenville/la-rochelle/1-kings-court/40-pan-road/RR4608052,3 Bedroom Flat in La Rochelle,4490.0,Rosettenville,Johannesburg South,Gauteng,Apartment,3.0,1.0,2.0,,,,,,,Available Now,"3 Bedroom Flat in La Rochelle, 1 Kings Court, 40 Pan Road, Spacious 3 bedroom flat to rent. Huge bedrooms bigger than some houses. Separate toilet and bathroom",12 Feb 2026,2026-03-27T17:20:14.178971+00:00,to-rent,gauteng,johannesburg-metro,johannesburg-south,rosettenville
privateproperty,RR4606579,https://www.privateproperty.co.za/to-rent/gauteng/johannesburg-metro/midrand/waterfall-estate/737-the-polofields/126-pony-drive/RR4606579,2 Bedroom Apartment in Waterfall Estate,19500.0,Waterfall Estate,Midrand,Gauteng,Apartment,2.0,2.0,2.0,,120.0,,,,1.0,Available Now,"2 Bedroom Apartment in Waterfall Estate, 737 The Polofields, 126 Pony Drive, Stylish Partly Furnished Penthouse Apartment Ideal for Corporate Rental | Single Professional or Com",11 Feb 2026,2026-03-27T17:20:18.339966+00:00,to-rent,gauteng,johannesburg-metro,midrand,waterfall-estate
privateproperty,RR4603789,https://www.privateproperty.co.za/to-rent/gauteng/johannesburg-metro/sandton/rembrandt-park/89-kingfisher-close/caron-street/RR4603789,2 Bedroom Apartment in Rembrandt Park,7480.0,Rembrandt Park,Sandton,Gauteng,Apartment,2.0,1.0,1.0,,,,,,,Available Now,"2 Bedroom Apartment in Rembrandt Park, 89 Kingfisher Close, Caron Street, UNIT TO RENT IN REMBRANDT PARK UNIT OFFERS: 2 Fully Tiled Bedrooms with Built in Cupboards, 1 Bathr",9 Feb 2026,2026-03-27T17:20:34.472615+00:00,to-rent,gauteng,johannesburg-metro,sandton,rembrandt-park
privateproperty,RR4603455,https://www.privateproperty.co.za/to-rent/gauteng/johannesburg-metro/midrand/waterfall-estate/8811-polofields-drive/RR4603455,3 Bedroom Apartment in Waterfall Estate,24000.0,Waterfall Estate,Midrand,Gauteng,Apartment,3.0,2.0,4.0,,118.0,,,,,Available Now,"3 Bedroom Apartment in Waterfall Estate, 8811 Polofields drive, Experience luxury estate living in this stylish 3-bedroom, 2-bathroom apartment located in the highl",7 Feb 2026,2026-03-27T17:20:37.563409+00:00,to-rent,gauteng,johannesburg-metro,midrand,waterfall-estate
privateproperty,RR4275203,https://www.privateproperty.co.za/to-rent/gauteng/johannesburg-metro/sandton/sunninghill/00-the-crest/19-naivasha-road/RR4275203,Loft in Sunninghill,8650.0,Sunninghill,Sandton,Gauteng,,1.0,1.0,1.0,,66.0,,,,1.0,,"Loft in Sunninghill, The Crest, 19 Naivasha Road, 1 BED LOFT APARTMENT Un-furnished. NO AIR BNB! A sunny loft apartment with an open plan dining lo",6 Feb 2026,2026-03-27T17:20:41.842123+00:00,to-rent,gauteng,johannesburg-metro,sandton,sunninghill
privateproperty,RR3027959,https://www.privateproperty.co.za/to-rent/gauteng/johannesburg-metro/johannesburg-central/braamfontein/RR3027959,2 Bedroom Apartment in Braamfontein,8800.0,Braamfontein,Johannesburg Central,Gauteng,Apartment,2.0,1.0,,,72.0,,,,,Available Now,"2 Bedroom Apartment in Braamfontein, Milpark Mews - 2 Bedroom Apartment - R 8 800 pm Spacious 2 bedroom unit at Milpark Mews up for renta",31 Jan 2026,2026-03-27T17:20:45.565231+00:00,to-rent,gauteng,johannesburg-metro,johannesburg-central,braamfontein
privateproperty,RR4594644,https://www.privateproperty.co.za/to-rent/gauteng/johannesburg-metro/sandton/morningside/00-morningside/8-pam-road/RR4594644,2.5 Bedroom Apartment in Morningside,18000.0,Morningside,Sandton,Gauteng,Apartment,2.5,2.0,1.0,,142.0,,,,1.0,Available Now,"2.5 Bedroom Apartment in Morningside, Morningside, 8 Pam Road, An entertainer''s dream. Nestled in the heart of Sandton Central in one of the most sought-after and",27 Jan 2026,2026-03-27T17:20:49.123300+00:00,to-rent,gauteng,johannesburg-metro,sandton,morningside
privateproperty,RR4592698,https://www.privateproperty.co.za/to-rent/gauteng/johannesburg-metro/rosebank-and-parktown/rosebank/RR4592698,1 Bedroom Apartment in Rosebank,15000.0,Rosebank,Rosebank And Parktown,Gauteng,Apartment,1.0,1.0,1.0,,,,,,1.0,Available Now,"1 Bedroom Apartment in Rosebank, Modern Fully Furnished 1-Bedroom Studio Apartment in One Rosebank NO SUBLETING The One Rosebank",26 Jan 2026,2026-03-27T17:20:51.880953+00:00,to-rent,gauteng,johannesburg-metro,rosebank-and-parktown,rosebank
privateproperty,RR4592411,https://www.privateproperty.co.za/to-rent/gauteng/johannesburg-metro/sandton/dainfern/RR4592411,1 Bedroom Apartment in Dainfern,8000.0,Dainfern,Sandton,Gauteng,Apartment,1.0,1.0,1.0,,52.0,,,,,Available Now,"1 Bedroom Apartment in Dainfern, One Bed Apartment To Rent in The William Estate Fourways Sandton Gauteng Available from 1 February.",24 Jan 2026,2026-03-27T17:20:54.589022+00:00,to-rent,gauteng,johannesburg-metro,sandton,dainfern
privateproperty,RR4590315,https://www.privateproperty.co.za/to-rent/gauteng/johannesburg-metro/north-riding-to-lanseria/north-riding/272-isabel-estate/1-unit-272-dexter-road/RR4590315,2 Bedroom Apartment in North Riding,8990.0,North Riding,North Riding To Lanseria,Gauteng,Apartment,2.0,1.0,,,63.0,,,,,Available Now,"2 Bedroom Apartment in North Riding, 272 Isabel Estate, 1 Unit 272, Dexter Road, Step into a space where modern elegance and everyday comfort come together beautifully. This 2-bedro",21 Jan 2026,2026-03-27T17:20:58.878849+00:00,to-rent,gauteng,johannesburg-metro,north-riding-to-lanseria,north-riding
privateproperty,RR4588004,https://www.privateproperty.co.za/to-rent/gauteng/johannesburg-metro/sandton/paulshof/RR4588004,1 Bedroom Apartment in Paulshof,8000.0,Paulshof,Sandton,Gauteng,Apartment,1.0,1.0,1.0,,,49.0,,,,Available Now,"1 Bedroom Apartment in Paulshof, Step into this sleek, ground-floor sanctuary designed for effortless modern living. This one-bedro",19 Jan 2026,2026-03-27T17:21:02.343228+00:00,to-rent,gauteng,johannesburg-metro,sandton,paulshof
privateproperty,RR3555114,https://www.privateproperty.co.za/to-rent/gauteng/johannesburg-metro/sandton/sandown/128-the-leonardo/75-maude-street-street/RR3555114,2 Bedroom Apartment in Sandown,101000.0,Sandown,Sandton,Gauteng,Apartment,2.0,3.0,2.0,2.0,,,,,1.0,Available Now,"2 Bedroom Apartment in Sandown, 128 The Leonardo, 75 Maude Street Street, Located in the heart of Africas Richest Square Mile, the Leonardo Stands Tall in the Sandton skyline",19 Jan 2026,2026-03-27T17:21:05.049131+00:00,to-rent,gauteng,johannesburg-metro,sandton,sandown
privateproperty,RR4465018,https://www.privateproperty.co.za/to-rent/gauteng/johannesburg-metro/sandton/illovo/2008-circa-illovo/196-unit-2008-co-chaplin-and-oxford-road/RR4465018,Studio Apartment in Illovo,6500.0,Illovo,Sandton,Gauteng,Apartment,0.5,1.0,,,21.0,,,,,Available Now,"Studio Apartment in Illovo, 2008 Circa Illovo, 196 Unit 2008, C/o Chaplin and Oxford Road, Experience a new level of city living with this exceptional rental opportunity in the heart of Sandt",13 Jan 2026,2026-03-27T17:21:08.801653+00:00,to-rent,gauteng,johannesburg-metro,sandton,illovo
privateproperty,RR4579314,https://www.privateproperty.co.za/to-rent/gauteng/johannesburg-metro/sandton/strathavon/1-the-enigma/5-charles-crescent/RR4579314,1 Bedroom Apartment in Strathavon,7990.0,Strathavon,Sandton,Gauteng,Apartment,1.0,1.0,,,,,,,0.0,Available Now,"1 Bedroom Apartment in Strathavon, 1 The Enigma, 5 Charles Crescent, Launch Special: 50 off the 1st Month''s Rent and a Discounted Deposit from just R2,500! Move into",8 Jan 2026,2026-03-27T17:21:12.436142+00:00,to-rent,gauteng,johannesburg-metro,sandton,strathavon
privateproperty,RR4579296,https://www.privateproperty.co.za/to-rent/gauteng/johannesburg-metro/sandton/strathavon/05-the-enigma/5-charles-crescent/RR4579296,Studio Apartment in Strathavon,6840.0,Strathavon,Sandton,Gauteng,Apartment,0.5,1.0,,,,,,,0.0,Available Now,"Studio Apartment in Strathavon, .5 The Enigma, 5 Charles Crescent, Launch Special: Discounted Deposit from just R2,500! Move into a modern studio apartment at The En",8 Jan 2026,2026-03-27T17:21:15.197492+00:00,to-rent,gauteng,johannesburg-metro,sandton,strathavon
privateproperty,RR4578777,https://www.privateproperty.co.za/to-rent/gauteng/johannesburg-metro/midrand/crowthorne/531-the-whisken/1-whisken-avenue/RR4578777,3 Bedroom Apartment in Crowthorne,17000.0,Crowthorne,Midrand,Gauteng,Apartment,3.0,2.0,2.0,,108.0,,,,,Available Now,"3 Bedroom Apartment in Crowthorne, 531 The Whisken, 1 whisken avenue, Very Modern and Neat 3 bedroom Apartment to Let Immediately This Neat and new unit is now available",8 Jan 2026,2026-03-27T17:21:19.447748+00:00,to-rent,gauteng,johannesburg-metro,midrand,crowthorne
privateproperty,RR4068940,https://www.privateproperty.co.za/to-rent/gauteng/johannesburg-metro/randburg/windsor-west/304-oak-avenue-304-oak-avenue/RR4068940,1 Bedroom Apartment in Windsor West,6300.0,Windsor West,Randburg,Gauteng,Apartment,1.0,1.0,1.0,,,,,,1.0,Available Now,"1 Bedroom Apartment in Windsor West, 304 Oak Avenue 304 Oak Avenue, Welcome to The Unison With more features and value than any development on the market, located in F",8 Jan 2026,2026-03-27T17:21:22.446470+00:00,to-rent,gauteng,johannesburg-metro,randburg,windsor-west
privateproperty,RR4578103,https://www.privateproperty.co.za/to-rent/gauteng/johannesburg-metro/northcliff/melville/RR4578103,2 Bedroom Apartment in Melville,11500.0,Melville,Northcliff,Gauteng,Apartment,2.0,2.0,,,,,,,,Available Now,"2 Bedroom Apartment in Melville, Beautiful, spacious 2-bedroom, 2-bathroom, ground floor apartment available for rent in Melville. T",7 Jan 2026,2026-03-27T17:21:26.260639+00:00,to-rent,gauteng,johannesburg-metro,northcliff,melville
privateproperty,RR4572959,https://www.privateproperty.co.za/to-rent/gauteng/johannesburg-metro/rosebank-and-parktown/rosebank/RR4572959,2 Bedroom Apartment in Rosebank,20000.0,Rosebank,Rosebank And Parktown,Gauteng,Apartment,2.0,2.0,,,,,,,,Available Now,"2 Bedroom Apartment in Rosebank, Experience modern sophistication and effortless convenience in this immaculate 2-bedroom, 2-bathroom",20 Dec 2025,2026-03-27T17:21:28.888697+00:00,to-rent,gauteng,johannesburg-metro,rosebank-and-parktown,rosebank
privateproperty,RR4572957,https://www.privateproperty.co.za/to-rent/gauteng/johannesburg-metro/rosebank-and-parktown/rosebank/RR4572957,2 Bedroom Apartment in Rosebank,20000.0,Rosebank,Rosebank And Parktown,Gauteng,Apartment,2.0,2.0,1.0,1.0,74.0,,,,,Available Now,"2 Bedroom Apartment in Rosebank, Experience modern sophistication and effortless convenience in this immaculate 2-bedroom, 2-bathroom",20 Dec 2025,2026-03-27T17:21:32.808272+00:00,to-rent,gauteng,johannesburg-metro,rosebank-and-parktown,rosebank
privateproperty,RR4572393,https://www.privateproperty.co.za/to-rent/gauteng/johannesburg-metro/sandton/morningside/5-the-view/5-5-michelle-st/RR4572393,Studio Apartment in Morningside,7950.0,Morningside,Sandton,Gauteng,Apartment,0.5,1.0,,,,,,,,Available Now,"Studio Apartment in Morningside, 5 The View, 5 5 Michelle St,, Discover a space that perfectly balances modern city energy with everyday comfort. This beautifully",18 Dec 2025,2026-03-27T17:21:37.085252+00:00,to-rent,gauteng,johannesburg-metro,sandton,morningside
privateproperty,RR4572366,https://www.privateproperty.co.za/to-rent/gauteng/johannesburg-metro/sandton/rivonia/8-brooke-manor/43-de-la-rey-rd/RR4572366,2 Bedroom Apartment in Rivonia,9945.0,Rivonia,Sandton,Gauteng,Apartment,2.0,1.0,,,,,,,,Available Now,"2 Bedroom Apartment in Rivonia, 8 Brooke Manor, 43 De La Rey Rd, Welcome to a home that makes everyday life feel effortless. This brand-new 2-bedroom apartment in Ri",18 Dec 2025,2026-03-27T17:21:39.638994+00:00,to-rent,gauteng,johannesburg-metro,sandton,rivonia
privateproperty,RR4299540,https://www.privateproperty.co.za/to-rent/gauteng/johannesburg-metro/johannesburg-central/braamfontein/600-college-house/25-de-korte-st/RR4299540,Loft in Braamfontein,6000.0,Braamfontein,Johannesburg Central,Gauteng,,0.0,1.0,,,28.0,,,,,Available Now,"Loft in Braamfontein, 600 College House, 25 De Korte St, 1 bedroom loft apartment available to rent in the heart of Braamfontein, across the road from Wits,",11 Dec 2025,2026-03-27T17:21:42.912598+00:00,to-rent,gauteng,johannesburg-metro,johannesburg-central,braamfontein
privateproperty,RR3613517,https://www.privateproperty.co.za/to-rent/gauteng/johannesburg-metro/northcliff/auckland-park/22-melville-mews/6-lime-street/RR3613517,Bachelor apartment in Auckland Park,6000.0,Auckland Park,Northcliff,Gauteng,Apartment,0.0,1.0,1.0,,27.0,,,,,Available Now,"Bachelor apartment in Auckland Park, 22 Melville Mews, 6 Lime Street, Bachelor apartment available to rent in the heart of Auckland Park, across the road from UJ, within",11 Dec 2025,2026-03-27T17:21:45.575521+00:00,to-rent,gauteng,johannesburg-metro,northcliff,auckland-park
privateproperty,RR4566405,https://www.privateproperty.co.za/to-rent/gauteng/johannesburg-metro/north-riding-to-lanseria/north-riding/230-isabel-est/1-unit-230-dexter-rd/RR4566405,2 Bedroom Apartment in North Riding,10626.0,North Riding,North Riding To Lanseria,Gauteng,Apartment,2.0,2.0,,,89.0,,,,,Available Now,"2 Bedroom Apartment in North Riding, 230 Isabel Est, 1 Unit 230, Dexter Rd, Discover a home where modern elegance meets effortless everyday living. This beautifully designed Fi",9 Dec 2025,2026-03-27T17:21:49.395197+00:00,to-rent,gauteng,johannesburg-metro,north-riding-to-lanseria,north-riding
privateproperty,RR4566187,https://www.privateproperty.co.za/to-rent/gauteng/johannesburg-metro/north-riding-to-lanseria/north-riding/182-isabel-estate/1-dexter-road/RR4566187,1 Bedroom Apartment in North Riding,6990.0,North Riding,North Riding To Lanseria,Gauteng,Apartment,1.0,1.0,,,50.0,,,,,Available Now,"1 Bedroom Apartment in North Riding, 182 Isabel Estate, 1 Dexter Road, Step into a life of comfort, beauty, and convenience with this stylish 1-bedroom apartment at Isabel",8 Dec 2025,2026-03-27T17:21:53.570304+00:00,to-rent,gauteng,johannesburg-metro,north-riding-to-lanseria,north-riding
privateproperty,RR4531187,https://www.privateproperty.co.za/to-rent/gauteng/johannesburg-metro/sandton/morningside/194-the-consulate/28-french-lane/RR4531187,2 Bedroom Apartment in Morningside,18000.0,Morningside,Sandton,Gauteng,Apartment,2.0,2.0,2.0,,185.0,3.0,,,1.0,Available Now,"2 Bedroom Apartment in Morningside, 194 The Consulate, 28 French lane, Spacious 2-bedroom, 2-Bathroom Duplex for rent in Morningside Welcome to your new home at The Consu",24 Oct 2025,2026-03-27T17:21:57.316837+00:00,to-rent,gauteng,johannesburg-metro,sandton,morningside
privateproperty,RR4526817,https://www.privateproperty.co.za/to-rent/gauteng/johannesburg-metro/sandton/bramley-park/1164-homestead-manor/2824-homestead/RR4526817,3 Bedroom Apartment in Bramley Park,12500.0,Bramley Park,Sandton,Gauteng,Apartment,3.0,2.0,2.0,,109.0,,,,0.0,Available Now,"3 Bedroom Apartment in Bramley Park, 1164 Homestead Manor, 2824 Homestead, Modern 3 Bedroom Apartment for Rent Bramley North, Sandton Spacious and stylish 3-bedroom, 2-bathr",20 Oct 2025,2026-03-27T17:22:00.203759+00:00,to-rent,gauteng,johannesburg-metro,sandton,bramley-park
privateproperty,RR2573942,https://www.privateproperty.co.za/to-rent/gauteng/johannesburg-metro/midrand/erand-gardens/10-the-eagleton-apartments/18-new-road/RR2573942,2 Bedroom Apartment in Erand Gardens,11000.0,Erand Gardens,Midrand,Gauteng,Apartment,2.0,2.0,1.0,1.0,,,,,,Available Now,"2 Bedroom Apartment in Erand Gardens, 10 The Eagleton Apartments, 18 New Road, Modern two bedroom and two bathroom apartment available for rent in a secure Complex on New Road. Mo",16 Oct 2025,2026-03-27T17:22:03.748205+00:00,to-rent,gauteng,johannesburg-metro,midrand,erand-gardens
privateproperty,RR3409280,https://www.privateproperty.co.za/to-rent/gauteng/johannesburg-metro/midrand/carlswald-estate/141-umthunzi-valley/24-walton-road/RR3409280,2 Bedroom Apartment in Carlswald Estate,11000.0,Carlswald Estate,Midrand,Gauteng,Apartment,1.0,1.0,2.0,,,,,,,Available Now,"2 Bedroom Apartment in Carlswald Estate, 141 Umthunzi Valley, 24 Walton Road, This gorgeous 2 bedrooms 1 bathroom unit, is a must-have! This beautiful new development at 24 Walt",16 Oct 2025,2026-03-27T17:22:07.989563+00:00,to-rent,gauteng,johannesburg-metro,midrand,carlswald-estate
privateproperty,RR4514988,https://www.privateproperty.co.za/to-rent/gauteng/johannesburg-metro/johannesburg-central/marshalltown/2-zuri/108-albert-street/RR4514988,2 Bedroom Apartment in Marshalltown,4645.0,Marshalltown,Johannesburg Central,Gauteng,Apartment,2.0,1.0,,,,,,,0.0,Available Now,"2 Bedroom Apartment in Marshalltown, 2 Zuri, 108 Albert Street, Brand-new 2-bedroom apartments in Marshalltown offer generous space, quality finishes, and a seamles",6 Oct 2025,2026-03-27T17:22:11.610648+00:00,to-rent,gauteng,johannesburg-metro,johannesburg-central,marshalltown
privateproperty,RR1081296,https://www.privateproperty.co.za/to-rent/gauteng/johannesburg-metro/johannesburg-central/city-and-suburban-maboneng/16-mainframe/238-main-street/RR1081296,Loft in City & Suburban (Maboneng),5570.0,City And Suburban Maboneng,Johannesburg Central,Gauteng,,0.5,1.0,1.0,1.0,61.0,,,,,,"Loft in City & Suburban (Maboneng), 16 Mainframe, 238 Main Street, MABONENG BACHELOR Accessibility This apartment is ideally located 2 minutes away from Jewel City a",2 Oct 2025,2026-03-27T17:22:14.697738+00:00,to-rent,gauteng,johannesburg-metro,johannesburg-central,city-and-suburban-maboneng
privateproperty,RR4503837,https://www.privateproperty.co.za/to-rent/gauteng/johannesburg-metro/rosebank-and-parktown/oaklands/2-the-legacy/12-spring-road/RR4503837,2 Bedroom Apartment in Oaklands,10790.0,Oaklands,Rosebank And Parktown,Gauteng,Apartment,2.0,1.0,,,,,,,0.0,Available Now,"2 Bedroom Apartment in Oaklands, 2 The Legacy, 12 Spring Road, Stunning new 2-bed apartments at The Legacy in Oaklands, available from R10,790month, with a discoun",22 Sep 2025,2026-03-27T17:22:18.200423+00:00,to-rent,gauteng,johannesburg-metro,rosebank-and-parktown,oaklands
privateproperty,RR4484932,https://www.privateproperty.co.za/to-rent/gauteng/johannesburg-metro/sandton/hyde-park/00-gatwick-gardens/40-6th-road/RR4484932,3 Bedroom Apartment in Hyde Park,28000.0,Hyde Park,Sandton,Gauteng,Apartment,3.0,2.0,8.0,1.0,140.0,,,,1.0,,"3 Bedroom Apartment in Hyde Park, Gatwick Gardens, 40 6th Road, Location, Location! A direct walk to iconic Hyde Park Shopping centre with its full aray of restaura",1 Sep 2025,2026-03-27T17:22:21.794683+00:00,to-rent,gauteng,johannesburg-metro,sandton,hyde-park
privateproperty,RR4476058,https://www.privateproperty.co.za/to-rent/gauteng/johannesburg-metro/sandton/sandown/1-the-maestro/155-5th-street/RR4476058,Studio Apartment in Sandown,7190.0,Sandown,Sandton,Gauteng,Apartment,0.5,1.0,,,,,,,0.0,Available Now,"Studio Apartment in Sandown, 1 The Maestro, 155 5th Street, Limited Launch Special: 50 off the 1st Month''s Rent!!! Brand New Studio Apartments 200 meters from",19 Aug 2025,2026-03-27T17:22:24.843186+00:00,to-rent,gauteng,johannesburg-metro,sandton,sandown
privateproperty,RR4476037,https://www.privateproperty.co.za/to-rent/gauteng/johannesburg-metro/sandton/sandown/1-the-maestro/155-5th-street/RR4476037,1 Bedroom Apartment in Sandown,9040.0,Sandown,Sandton,Gauteng,Apartment,1.0,1.0,,,,,,,0.0,Available Now,"1 Bedroom Apartment in Sandown, 1 The Maestro, 155 5th Street, Brand New 1 Bed Apartments 200m from Sandton City! Save on moving costs with our reduced deposit s",19 Aug 2025,2026-03-27T17:22:28.025327+00:00,to-rent,gauteng,johannesburg-metro,sandton,sandown
privateproperty,RR4474664,https://www.privateproperty.co.za/to-rent/gauteng/johannesburg-metro/sandton/bramley/88-the-homage/88-forest-road-bramley/RR4474664,Studio Apartment in Bramley,5000.0,Bramley,Sandton,Gauteng,Apartment,0.5,1.0,1.0,,,,,,1.0,,"Studio Apartment in Bramley, 88 The Homage, 88 Forest Road, Bramley, Get your first month rent FREE!!! Pay full deposit. T''s & C''s Apply. Welcome to a beautiful, lux",18 Aug 2025,2026-03-27T17:22:31.850956+00:00,to-rent,gauteng,johannesburg-metro,sandton,bramley
privateproperty,RR4465355,https://www.privateproperty.co.za/to-rent/gauteng/johannesburg-metro/sandton/bryanston/1-the-galileo/23-hobart-street/RR4465355,1 Bedroom Apartment in Bryanston,8090.0,Bryanston,Sandton,Gauteng,Apartment,1.0,1.0,,,28.0,,,,0.0,Available Now,"1 Bedroom Apartment in Bryanston, 1 The Galileo, 23 Hobart Street, Brand New 1 Bed Apartments at The Galileo on Hobart Road Limited Launch Offer: Save on upfront cos",6 Aug 2025,2026-03-27T17:22:36.100433+00:00,to-rent,gauteng,johannesburg-metro,sandton,bryanston
privateproperty,RR4460022,https://www.privateproperty.co.za/to-rent/gauteng/johannesburg-metro/sandton/bryanston/1-the-galileo/23-hobart-street/RR4460022,Studio Apartment in Bryanston,6590.0,Bryanston,Sandton,Gauteng,Apartment,0.5,1.0,,,24.0,,,,0.0,Available Now,"Studio Apartment in Bryanston, 1 The Galileo, 23 Hobart Street, Brand New Lifestyle Estate in Bryanston with Modern Studio Apartments Limited Launch Special: 50 o",31 Jul 2025,2026-03-27T17:22:39.767087+00:00,to-rent,gauteng,johannesburg-metro,sandton,bryanston
privateproperty,RR4459896,https://www.privateproperty.co.za/to-rent/gauteng/johannesburg-metro/sandton/sandown/05-the-astra/166-grayston-drive/RR4459896,Studio Apartment in Sandown,6390.0,Sandown,Sandton,Gauteng,Apartment,0.5,1.0,,,,,,,0.0,Available Now,"Studio Apartment in Sandown, .5 The Astra, 166 Grayston Drive, Getting started is simpler than ever with a discounted R2,500 deposit on your new studio. Introduci",31 Jul 2025,2026-03-27T17:22:42.446103+00:00,to-rent,gauteng,johannesburg-metro,sandton,sandown
privateproperty,RR4268096,https://www.privateproperty.co.za/to-rent/gauteng/johannesburg-metro/northcliff/westdene/1-89-treviso-apartments-and-lofts/1-3rd-avenue/RR4268096,Studio Apartment in Westdene,4410.0,Westdene,Northcliff,Gauteng,Apartment,0.5,1.0,1.0,,,,,,1.0,Available Now,"Studio Apartment in Westdene, 1-89 Treviso Apartments and LOFTS, 1 3rd Avenue, Welcome to Treviso Luxury Living with Back-up Electricity and Water, Free WiFi Where comfort, reliab",15 Jul 2025,2026-03-27T17:22:45.068397+00:00,to-rent,gauteng,johannesburg-metro,northcliff,westdene
privateproperty,RR4158554,https://www.privateproperty.co.za/to-rent/gauteng/johannesburg-metro/randburg/ferndale/RR4158554,Studio Apartment in Ferndale,5000.0,Ferndale,Randburg,Gauteng,Apartment,0.5,1.0,1.0,,,,,,0.0,Available Now,"Studio Apartment in Ferndale, Modern Apartments from R5 000 Live in Style at Clark on Kent Get your first month rent FREE!!! Pay",9 Jun 2025,2026-03-27T17:22:49.907770+00:00,to-rent,gauteng,johannesburg-metro,randburg,ferndale
privateproperty,RR4396450,https://www.privateproperty.co.za/to-rent/gauteng/johannesburg-metro/sandton/sunninghill/10-the-atlas/1-inyanga-close/RR4396450,Studio Apartment in Sunninghill,5460.0,Sunninghill,Sandton,Gauteng,Apartment,0.5,1.0,,,30.0,,,,,Available Now,"Studio Apartment in Sunninghill, 10 The Atlas, 1 Inyanga Close, SmartStart Deposit Available: Only R2,500 deposit required! From R5,460 pm - R7,640 pm Find space t",16 May 2025,2026-03-27T17:23:05.301594+00:00,to-rent,gauteng,johannesburg-metro,sandton,sunninghill
privateproperty,RR4396449,https://www.privateproperty.co.za/to-rent/gauteng/johannesburg-metro/sandton/sunninghill/12-the-alpha/1-eglin-road/RR4396449,2 Bedroom Apartment in Sunninghill,8980.0,Sunninghill,Sandton,Gauteng,Apartment,2.0,1.0,,,50.0,,,,,Available Now,"2 Bedroom Apartment in Sunninghill, 12 The Alpha, 1 eglin Road, From R8,980 pm - R10,320 pm SmartStart Deposit Available: Only R2,500 deposit required! Need space",16 May 2025,2026-03-27T17:23:08.653248+00:00,to-rent,gauteng,johannesburg-metro,sandton,sunninghill
privateproperty,RR4396448,https://www.privateproperty.co.za/to-rent/gauteng/johannesburg-metro/sandton/sunninghill/11-the-alpha/1-eglin-road/RR4396448,1 Bedroom Apartment in Sunninghill,6860.0,Sunninghill,Sandton,Gauteng,Apartment,1.0,1.0,,,40.0,,,,,Available Now,"1 Bedroom Apartment in Sunninghill, 11 The Alpha, 1 Eglin Road, SmartStart Deposit Available: Only R2,500 deposit required! From R6,860 pm - R7,890 pm Need a bit",16 May 2025,2026-03-27T17:23:11.718503+00:00,to-rent,gauteng,johannesburg-metro,sandton,sunninghill
privateproperty,RR4396442,https://www.privateproperty.co.za/to-rent/gauteng/johannesburg-metro/sandton/sunninghill/11-the-apollo/2-eglin-road/RR4396442,1 Bedroom Apartment in Sunninghill,6790.0,Sunninghill,Sandton,Gauteng,Apartment,1.0,1.0,,,40.0,,,,,Available Now,"1 Bedroom Apartment in Sunninghill, 11 The Apollo, 2 Eglin Road, From R6,790 pm - R7,660 pm SmartStart Deposit Available: Only R2,500 deposit required! This ones fo",16 May 2025,2026-03-27T17:23:15.176829+00:00,to-rent,gauteng,johannesburg-metro,sandton,sunninghill
privateproperty,RR4396444,https://www.privateproperty.co.za/to-rent/gauteng/johannesburg-metro/sandton/sunninghill/12-the-apollo/2-eglin-road/RR4396444,2 Bedroom Apartment in Sunninghill,9030.0,Sunninghill,Sandton,Gauteng,Apartment,2.0,1.0,,,50.0,,,,,Available Now,"2 Bedroom Apartment in Sunninghill, 12 The Apollo, 2 eglin Road, SmartStart Deposit Available: Only R2,500 deposit required! From R9,039 pm - R9,450 pm Welcome home",16 May 2025,2026-03-27T17:23:18.099660+00:00,to-rent,gauteng,johannesburg-metro,sandton,sunninghill
privateproperty,RR4396446,https://www.privateproperty.co.za/to-rent/gauteng/johannesburg-metro/sandton/sunninghill/12-the-atlas/1-inyanga-close/RR4396446,2 Bedroom Apartment in Sunninghill,8690.0,Sunninghill,Sandton,Gauteng,Apartment,2.0,1.0,,,50.0,,,,,Available Now,"2 Bedroom Apartment in Sunninghill, 12 The Atlas, 1 Inyanga Close, From R8,690 pm - R10,650 pm SmartStart Deposit Now Available: Only R2,500 deposit required Ideal f",16 May 2025,2026-03-27T17:23:21.834861+00:00,to-rent,gauteng,johannesburg-metro,sandton,sunninghill
privateproperty,RR4396445,https://www.privateproperty.co.za/to-rent/gauteng/johannesburg-metro/sandton/sunninghill/11-the-atlas/1-inyanga-close/RR4396445,1 Bedroom Apartment in Sunninghill,6660.0,Sunninghill,Sandton,Gauteng,Apartment,1.0,1.0,,,40.0,,,,,Available Now,"1 Bedroom Apartment in Sunninghill, 11 The Atlas, 1 Inyanga Close, From R6,660 pm - R8,840 SmartStart Deposit Available: Only R2,500 deposit required Step into though",16 May 2025,2026-03-27T17:23:24.667273+00:00,to-rent,gauteng,johannesburg-metro,sandton,sunninghill
privateproperty,RR4396447,https://www.privateproperty.co.za/to-rent/gauteng/johannesburg-metro/sandton/sunninghill/10a-the-alpha/1-eglin-road/RR4396447,Studio Apartment in Sunninghill,5870.0,Sunninghill,Sandton,Gauteng,Apartment,0.5,1.0,1.0,1.0,35.0,,,,,Available Now,"Studio Apartment in Sunninghill, 10A The Alpha, 1 Eglin Road, SmartStart Deposit Available: Only R2,500 deposit required! From R5,870 pm - R7,090 pm Step into s",16 May 2025,2026-03-27T17:23:28.926739+00:00,to-rent,gauteng,johannesburg-metro,sandton,sunninghill
privateproperty,RR4396441,https://www.privateproperty.co.za/to-rent/gauteng/johannesburg-metro/sandton/sunninghill/10-the-apollo/2-eglin-road/RR4396441,Studio Apartment in Sunninghill,5810.0,Sunninghill,Sandton,Gauteng,Apartment,0.5,1.0,,,30.0,,,,,Available Now,"Studio Apartment in Sunninghill, 10 The Apollo, 2 eglin Road, SmartStart Deposit Available: Only R2,500 deposit required! From R5,810 pm - R7,530 pm Compact does",16 May 2025,2026-03-27T17:23:31.661500+00:00,to-rent,gauteng,johannesburg-metro,sandton,sunninghill
privateproperty,RR3505307,https://www.privateproperty.co.za/to-rent/gauteng/johannesburg-metro/johannesburg-central/marshalltown/10d-towers-main/160-main-street/RR3505307,Bachelor apartment in Marshalltown,3940.0,Marshalltown,Johannesburg Central,Gauteng,Apartment,0.5,1.0,1.0,1.0,30.0,,,,,Available Now,"Bachelor apartment in Marshalltown, 10D Towers Main, 160 Main Street, PROMO: 50 off 1st month rent 50 OFF Deposit From the moment you move in, you''ll be surrounded by",15 May 2025,2026-03-27T17:23:34.603758+00:00,to-rent,gauteng,johannesburg-metro,johannesburg-central,marshalltown
privateproperty,RR3505308,https://www.privateproperty.co.za/to-rent/gauteng/johannesburg-metro/johannesburg-central/johannesburg-cbd/12d-towers-main/160-main-street/RR3505308,2 Bedroom Apartment in Johannesburg CBD,6390.0,Johannesburg Cbd,Johannesburg Central,Gauteng,Apartment,2.0,1.0,,,49.0,,,,,Available Now,"2 Bedroom Apartment in Johannesburg CBD, 12D Towers Main, 160 Main Street, PROMO: 50 off 1st month rent 50 OFF Deposit Each spacious home is thoughtfully designed providing",15 May 2025,2026-03-27T17:23:38.920533+00:00,to-rent,gauteng,johannesburg-metro,johannesburg-central,johannesburg-cbd
privateproperty,RR3217191,https://www.privateproperty.co.za/to-rent/gauteng/johannesburg-metro/johannesburg-central/johannesburg-cbd/11b-the-onyx/254-fox-street/RR3217191,1 Bedroom Apartment in Johannesburg CBD,4740.0,Johannesburg Cbd,Johannesburg Central,Gauteng,Apartment,1.0,1.0,,,39.0,,,,,Available Now,"1 Bedroom Apartment in Johannesburg CBD, 11B The Onyx, 254 fox Street, Just because you live in the city doesnt mean it has to feel that way. Escape into your very own ret",13 May 2025,2026-03-27T17:23:43.322177+00:00,to-rent,gauteng,johannesburg-metro,johannesburg-central,johannesburg-cbd
privateproperty,RR3217194,https://www.privateproperty.co.za/to-rent/gauteng/johannesburg-metro/johannesburg-central/johannesburg-cbd/10b-the-onyx/254-fox-street/RR3217194,Bachelor apartment in Johannesburg CBD,3550.0,Johannesburg Cbd,Johannesburg Central,Gauteng,Apartment,0.5,1.0,,,21.0,,,,,Available Now,"Bachelor apartment in Johannesburg CBD, 10B The Onyx, 254 fox Street, The stylish units at THE ONYX are what dreams are made of at the lowest prices in the area with FREE",13 May 2025,2026-03-27T17:23:47.279275+00:00,to-rent,gauteng,johannesburg-metro,johannesburg-central,johannesburg-cbd
privateproperty,RR4390516,https://www.privateproperty.co.za/to-rent/gauteng/johannesburg-metro/rosebank-and-parktown/rosebank/415-the-bolton/2-sturdee-ave/RR4390516,1 Bedroom Apartment in Rosebank,9350.0,Rosebank,Rosebank And Parktown,Gauteng,Apartment,1.0,1.0,,,38.0,,,,,Available Now,"1 Bedroom Apartment in Rosebank, 415 The Bolton, 2 Sturdee Ave, Unbeatable Rental Deal in Rosebank! Nestled in the heart of Rosebank, this sought-after development",10 May 2025,2026-03-27T17:23:51.433651+00:00,to-rent,gauteng,johannesburg-metro,rosebank-and-parktown,rosebank
privateproperty,RR4377832,https://www.privateproperty.co.za/to-rent/gauteng/johannesburg-metro/randburg/ferndale/306-oak-avenue/RR4377832,1 Bedroom Apartment in Ferndale,5900.0,Ferndale,Randburg,Gauteng,Apartment,1.0,1.0,1.0,,,,,,1.0,Available Now,"1 Bedroom Apartment in Ferndale, 306 Oak Avenue, Looking for a vibrant, spacious, and affordable apartment Look no further, we''ve got you! The Uniso",23 Apr 2025,2026-03-27T17:23:54.798198+00:00,to-rent,gauteng,johannesburg-metro,randburg,ferndale
privateproperty,RR4374968,https://www.privateproperty.co.za/to-rent/gauteng/johannesburg-metro/johannesburg-central/braamfontein/RR4374968,1 Bedroom Apartment in Braamfontein,2500.0,Braamfontein,Johannesburg Central,Gauteng,Apartment,1.0,1.0,,,,,,,1.0,Available Now,"1 Bedroom Apartment in Braamfontein, Secure a LOFT Single bed in a shared Semi Furnished 2.5-bedroom apartment is perfect for destressing",17 Apr 2025,2026-03-27T17:23:58.784895+00:00,to-rent,gauteng,johannesburg-metro,johannesburg-central,braamfontein
privateproperty,RR4374965,https://www.privateproperty.co.za/to-rent/gauteng/johannesburg-metro/johannesburg-central/braamfontein/RR4374965,1 Bedroom Apartment in Braamfontein,3150.0,Braamfontein,Johannesburg Central,Gauteng,Apartment,1.0,1.0,,,,,,,1.0,Available Now,"1 Bedroom Apartment in Braamfontein, Looking for a cozy and vibrant living space in the heart of the city Secure your single bed in a sha",17 Apr 2025,2026-03-27T17:24:01.317979+00:00,to-rent,gauteng,johannesburg-metro,johannesburg-central,braamfontein
privateproperty,RR4351817,https://www.privateproperty.co.za/to-rent/gauteng/johannesburg-metro/sandton/strathavon/0-the-prestige/1-charles-crescent/RR4351817,Studio Apartment in Strathavon,6190.0,Strathavon,Sandton,Gauteng,Apartment,0.5,1.0,,,,,,,0.0,Available Now,"Studio Apartment in Strathavon, The Prestige, 1 Charles Crescent, Be the first to live in a spectacular studio apartment at The Prestige in Strathavon, Sandton. Stud",19 Mar 2025,2026-03-27T17:24:06.593267+00:00,to-rent,gauteng,johannesburg-metro,sandton,strathavon
privateproperty,RR4351789,https://www.privateproperty.co.za/to-rent/gauteng/johannesburg-metro/sandton/strathavon/1-the-prestige/1-charles-crescent/RR4351789,1 Bedroom Apartment in Strathavon,7390.0,Strathavon,Sandton,Gauteng,Apartment,1.0,1.0,,,,,,,0.0,Available Now,"1 Bedroom Apartment in Strathavon, 1 The Prestige, 1 Charles Crescent, Now Available: A Discounted Deposit of Just R2,500 Saving You On Upfront Moving Costs! Be the first",19 Mar 2025,2026-03-27T17:24:09.568103+00:00,to-rent,gauteng,johannesburg-metro,sandton,strathavon
privateproperty,RR4346599,https://www.privateproperty.co.za/to-rent/gauteng/johannesburg-metro/sandton/sunninghill/05-the-silo/18-eglin-road/RR4346599,Studio Apartment in Sunninghill,5740.0,Sunninghill,Sandton,Gauteng,Apartment,0.5,1.0,,,20.0,,,,0.0,Available Now,"Studio Apartment in Sunninghill, ,5 The Silo, 18 Eglin Road, Brand New Lifestyle Estate: Modern Studio Apartments at The Silo Be the first to live in a spectacu",13 Mar 2025,2026-03-27T17:24:12.146591+00:00,to-rent,gauteng,johannesburg-metro,sandton,sunninghill
privateproperty,RR4346569,https://www.privateproperty.co.za/to-rent/gauteng/johannesburg-metro/sandton/sunninghill/1-the-silo/18-eglin-road/RR4346569,1 Bedroom Apartment in Sunninghill,6790.0,Sunninghill,Sandton,Gauteng,Apartment,1.0,1.0,,,32.0,,,,0.0,Available Now,"1 Bedroom Apartment in Sunninghill, 1 The Silo, 18 Eglin Road, Brand New 1-Bedroom Apartments at The Silo Be the first to live in your modern 1-bed apartment at T",13 Mar 2025,2026-03-27T17:24:15.366756+00:00,to-rent,gauteng,johannesburg-metro,sandton,sunninghill
privateproperty,RR4284177,https://www.privateproperty.co.za/to-rent/gauteng/johannesburg-metro/johannesburg-central/braamfontein/RR4284177,3 Bedroom Apartment in Braamfontein,3200.0,Braamfontein,Johannesburg Central,Gauteng,Apartment,3.0,1.0,,,,,,,1.0,Available Now,"3 Bedroom Apartment in Braamfontein, Looking for a cozy and vibrant living space in the heart of the city Secure your single bed in a sha",19 Dec 2024,2026-03-27T17:24:19.506655+00:00,to-rent,gauteng,johannesburg-metro,johannesburg-central,braamfontein
privateproperty,RR4260234,https://www.privateproperty.co.za/to-rent/gauteng/johannesburg-metro/sandton/bryanston/2-the-encore/13-sloane-street/RR4260234,1 Bedroom Apartment in Bryanston,7690.0,Bryanston,Sandton,Gauteng,Apartment,1.0,1.0,,,,,,,0.0,Available Now,"1 Bedroom Apartment in Bryanston, 2 The Encore, 13 Sloane Street, Move in with a R2,500 deposit and enjoy modern 1-bed apartment living at The Encore in Bryanston. E",15 Nov 2024,2026-03-27T17:24:22.512648+00:00,to-rent,gauteng,johannesburg-metro,sandton,bryanston
privateproperty,RR4260170,https://www.privateproperty.co.za/to-rent/gauteng/johannesburg-metro/sandton/bryanston/RR4260170,Studio Apartment in Bryanston,6390.0,Bryanston,Sandton,Gauteng,Apartment,0.5,1.0,,,,,,,0.0,Available Now,"Studio Apartment in Bryanston, Limited Launch Offer: Enjoy a R2,500 deposit at The Encore in Bryanston! Entrance: Through Epsom Do",15 Nov 2024,2026-03-27T17:24:25.404376+00:00,to-rent,gauteng,johannesburg-metro,sandton,bryanston
privateproperty,RR4258717,https://www.privateproperty.co.za/to-rent/gauteng/johannesburg-metro/sandton/bramley/88-forest-road/RR4258717,1 Bedroom Apartment in Bramley,6250.0,Bramley,Sandton,Gauteng,Apartment,1.0,1.0,1.0,,,,,,1.0,Available Now,"1 Bedroom Apartment in Bramley, 88 Forest Road, Get your first month rent FREE!!! Pay full deposit. T''s & C''s Apply. Welcome to a brand-new luxu",14 Nov 2024,2026-03-27T17:24:28.068477+00:00,to-rent,gauteng,johannesburg-metro,sandton,bramley
privateproperty,RR4249517,https://www.privateproperty.co.za/to-rent/gauteng/johannesburg-metro/northcliff/northcliff/RR4249517,Studio Apartment in Northcliff,4950.0,Northcliff,Northcliff,Gauteng,Apartment,0.5,1.0,1.0,,,,,,1.0,Available Now,"Studio Apartment in Northcliff, Set in the heart of Northcliff sits your brand-new home The Malbec.Discover these spacious newly bui",5 Nov 2024,2026-03-27T17:24:32.243282+00:00,to-rent,gauteng,johannesburg-metro,northcliff,northcliff
privateproperty,RR4243242,https://www.privateproperty.co.za/to-rent/gauteng/johannesburg-metro/johannesburg-central/jeppestown/218-unity-house/275-main-street-street/RR4243242,1 Bedroom Flat in Jeppestown,3795.0,Jeppestown,Johannesburg Central,Gauteng,Apartment,1.0,1.0,,,,,,,,,"1 Bedroom Flat in Jeppestown, 218 Unity House, 275 Main Street Street, Apply, get approved, pay, and move in and enjoy your first months rental FREE at Unity House. Star",29 Oct 2024,2026-03-27T17:24:35.629050+00:00,to-rent,gauteng,johannesburg-metro,johannesburg-central,jeppestown
privateproperty,RR3312528,https://www.privateproperty.co.za/to-rent/gauteng/johannesburg-metro/johannesburg-central/berea/10c-crestview/42-alexandra-street/RR3312528,Bachelor apartment in Berea,3470.0,Berea,Johannesburg Central,Gauteng,Apartment,0.5,1.0,1.0,1.0,32.0,,,,,Available Now,"Bachelor apartment in Berea, 10C Crestview, 42 Alexandra Street, Enjoy a 50 off deposit and 50 off 1st month rent! This building has unparalleled charm with a frien",22 Oct 2024,2026-03-27T17:24:38.402966+00:00,to-rent,gauteng,johannesburg-metro,johannesburg-central,berea
privateproperty,RR3213134,https://www.privateproperty.co.za/to-rent/gauteng/johannesburg-metro/johannesburg-central/berea/10b-plumridge/42-alexandra-street/RR3213134,Bachelor apartment in Berea,3740.0,Berea,Johannesburg Central,Gauteng,Apartment,0.5,1.0,,,41.0,,,,,Available Now,"Bachelor apartment in Berea, 10B Plumridge, 42 Alexandra Street, Short-term and month-to-month rental available NOW! This beautiful Berea gem is just the place to c",21 Oct 2024,2026-03-27T17:24:41.932756+00:00,to-rent,gauteng,johannesburg-metro,johannesburg-central,berea
privateproperty,RR4222644,https://www.privateproperty.co.za/to-rent/gauteng/johannesburg-metro/johannesburg-central/jeppestown/002-unity-house/275-main-street/RR4222644,2 Bedroom Flat in Jeppestown,4950.0,Jeppestown,Johannesburg Central,Gauteng,Apartment,2.0,1.0,1.0,,,,,,,,"2 Bedroom Flat in Jeppestown, 2 Unity House, 275 Main Street, Apply, get approved, pay, and move in and enjoy your first months rental FREE at Unity House. Star",6 Oct 2024,2026-03-27T17:24:46.133450+00:00,to-rent,gauteng,johannesburg-metro,johannesburg-central,jeppestown
privateproperty,RR4212948,https://www.privateproperty.co.za/to-rent/gauteng/johannesburg-metro/sandton/sunninghill/1-the-eclipse/15-simba-road/RR4212948,1 Bedroom Apartment in Sunninghill,7640.0,Sunninghill,Sandton,Gauteng,Apartment,1.0,1.0,,,,,,,0.0,Available Now,"1 Bedroom Apartment in Sunninghill, 1 The Eclipse, 15 Simba Road, Limited Offer: Discounted deposit of only R2,500 to save you on upfront costs! The Eclipse offers t",23 Sep 2024,2026-03-27T17:24:48.775620+00:00,to-rent,gauteng,johannesburg-metro,sandton,sunninghill
privateproperty,RR4168647,https://www.privateproperty.co.za/to-rent/gauteng/johannesburg-metro/rosebank-and-parktown/oaklands/1-the-legacy/12-spring-road/RR4168647,1 Bedroom Apartment in Oaklands,8590.0,Oaklands,Rosebank And Parktown,Gauteng,Apartment,1.0,1.0,,,,,,,0.0,Available Now,"1 Bedroom Apartment in Oaklands, 1 The Legacy, 12 Spring Road, Be the first to live in a modern 1 bed apartment at The Legacy in Oaklands available from R8,590mont",2 Aug 2024,2026-03-27T17:24:53.014785+00:00,to-rent,gauteng,johannesburg-metro,rosebank-and-parktown,oaklands
privateproperty,RR4168581,https://www.privateproperty.co.za/to-rent/gauteng/johannesburg-metro/rosebank-and-parktown/oaklands/1-the-legacy/12-spring-road/RR4168581,Studio apartment in Oaklands,6290.0,Oaklands,Rosebank And Parktown,Gauteng,Apartment,0.0,1.0,,,,,,,0.0,Available Now,"Studio apartment in Oaklands, 1 The Legacy, 12 Spring Road, Be the first to live in a luxury studio apartment at The Legacy in Oaklands. Studios are available f",2 Aug 2024,2026-03-27T17:24:55.575837+00:00,to-rent,gauteng,johannesburg-metro,rosebank-and-parktown,oaklands
privateproperty,RR4163496,https://www.privateproperty.co.za/to-rent/gauteng/johannesburg-metro/sandton/atholl/barlow-park/12-barlow-park-lifestyle-estate/180-katherine-street/RR4163496,2 Bedroom Apartment in Barlow Park,8040.0,Atholl,Sandton,Gauteng,Apartment,2.0,1.0,,,52.0,,,,,Available Now,"2 Bedroom Apartment in Barlow Park, 12 Barlow Park Lifestyle Estate, 180 Katherine Street, SmartStart Deposit Option Now Available Pay just R2,950 Deposit A smarter, more affordable way to mo",26 Jul 2024,2026-03-27T17:24:58.565573+00:00,to-rent,gauteng,johannesburg-metro,sandton,atholl
privateproperty,RR4163491,https://www.privateproperty.co.za/to-rent/gauteng/johannesburg-metro/sandton/atholl/barlow-park/11-barlow-park-lifestyle-estate/180-katherine-street/RR4163491,1 Bedroom Apartment in Barlow Park,6160.0,Atholl,Sandton,Gauteng,Apartment,1.0,1.0,,,40.0,,,,,Available Now,"1 Bedroom Apartment in Barlow Park, 11 Barlow Park Lifestyle Estate, 180 Katherine Street, SmartStart Deposit Option Now Available Pay just R2,950 Deposit A smarter, more affordable way to mo",26 Jul 2024,2026-03-27T17:25:01.954402+00:00,to-rent,gauteng,johannesburg-metro,sandton,atholl
privateproperty,RR4163486,https://www.privateproperty.co.za/to-rent/gauteng/johannesburg-metro/sandton/atholl/barlow-park/10-barlow-park-lifestyle-estate/180-katherine-street/RR4163486,Studio Apartment in Barlow Park,5090.0,Atholl,Sandton,Gauteng,Apartment,0.5,1.0,,,30.0,,,,,Available Now,"Studio Apartment in Barlow Park, 10 Barlow Park Lifestyle Estate, 180 Katherine Street, SmartStart Deposit Option Now Available Pay just R2,950 Deposit A smarter, more affordable way to mo",26 Jul 2024,2026-03-27T17:25:05.051667+00:00,to-rent,gauteng,johannesburg-metro,sandton,atholl
privateproperty,RR2907194,https://www.privateproperty.co.za/to-rent/gauteng/johannesburg-metro/johannesburg-central/johannesburg-cbd/84-fox-street/RR2907194,1 Bedroom Apartment in Johannesburg CBD,5090.0,Johannesburg Cbd,Johannesburg Central,Gauteng,Apartment,1.0,1.0,,,,,,,,Available Now,"1 Bedroom Apartment in Johannesburg CBD, 84 Fox Street, A medium sized bachelor flat is perfect for the up to two people needing a trendy and convenient hom",28 Jun 2024,2026-03-27T17:25:07.728104+00:00,to-rent,gauteng,johannesburg-metro,johannesburg-central,johannesburg-cbd
privateproperty,RR4129984,https://www.privateproperty.co.za/to-rent/gauteng/johannesburg-metro/sandton/sunninghill/premium-studio-the-eclipse/15-simba-road/RR4129984,Studio apartment in Sunninghill,6600.0,Sunninghill,Sandton,Gauteng,Apartment,0.5,1.0,,,,,,,0.0,Available Now,"Studio apartment in Sunninghill, Premium Studio, The Eclipse, 15 Simba Road, A discounted deposit of only R2,500 is now available saving you on upfront costs! Be the first to l",19 Jun 2024,2026-03-27T17:25:11.342998+00:00,to-rent,gauteng,johannesburg-metro,sandton,sunninghill
privateproperty,RR4129963,https://www.privateproperty.co.za/to-rent/gauteng/johannesburg-metro/sandton/sunninghill/compact-studio-the-eclipse/15-simba-road/RR4129963,Studio apartment in Sunninghill,6190.0,Sunninghill,Sandton,Gauteng,Apartment,0.5,1.0,,,,,,,0.0,Available Now,"Studio apartment in Sunninghill, Compact Studio, The Eclipse, 15 Simba Road, Offering a discounted deposit of only R2,500 saving you on upfront costs! Be the first to live in a",19 Jun 2024,2026-03-27T17:25:15.393774+00:00,to-rent,gauteng,johannesburg-metro,sandton,sunninghill
privateproperty,RR4102752,https://www.privateproperty.co.za/to-rent/gauteng/johannesburg-metro/johannesburg-central/braamfontein/RR4102752,1 Bedroom Apartment in Braamfontein,3500.0,Braamfontein,Johannesburg Central,Gauteng,Apartment,1.0,1.0,,,,,,,1.0,Available Now,"1 Bedroom Apartment in Braamfontein, Looking for a cozy and vibrant living space in the heart of the city Secure your single bed in a sha",16 May 2024,2026-03-27T17:25:19.047304+00:00,to-rent,gauteng,johannesburg-metro,johannesburg-central,braamfontein
privateproperty,RR4080504,https://www.privateproperty.co.za/to-rent/gauteng/johannesburg-metro/sandton/sandown/the-maverick/44-norwich-close/RR4080504,Studio Apartment in Sandown,7440.0,Sandown,Sandton,Gauteng,Apartment,0.5,1.0,1.0,,25.0,,,,0.0,Available Now,"Studio Apartment in Sandown, . The Maverick, 44 Norwich Close, Brand New Apartments! Special: Deposit Special of only R2,500 Now Available Saving You On Upfront",18 Apr 2024,2026-03-27T17:25:34.477209+00:00,to-rent,gauteng,johannesburg-metro,sandton,sandown
privateproperty,RR3305755,https://www.privateproperty.co.za/to-rent/gauteng/johannesburg-metro/randburg/ferndale/corner-oxford-and-west-avenue-ferndale-randburg-corner-oxford-and-west-avenue-ferndale-randburg/RR3305755,2 Bedroom Apartment in Ferndale,7450.0,Ferndale,Randburg,Gauteng,Apartment,2.0,1.0,1.0,,,,,,1.0,Available Now,"2 Bedroom Apartment in Ferndale, Corner Oxford and West Avenue Ferndale, Randburg Corner Oxford and West Avenue Ferndale, Randburg, First Months Rent FREE! Pay full deposit. Ts & Cs apply. Modern bachelor apartments available at Th",10 Apr 2024,2026-03-27T17:25:38.232056+00:00,to-rent,gauteng,johannesburg-metro,randburg,ferndale
privateproperty,RR3551373,https://www.privateproperty.co.za/to-rent/gauteng/johannesburg-metro/randburg/ferndale/RR3551373,1 Bedroom Apartment in Ferndale,6000.0,Ferndale,Randburg,Gauteng,Apartment,1.0,1.0,1.0,,,,,,1.0,Available Now,"1 Bedroom Apartment in Ferndale, Get your first month rent FREE!!! Pay full deposit. T''s & C''s Apply. Looking for a vibrant, spac",10 Apr 2024,2026-03-27T17:25:42.575879+00:00,to-rent,gauteng,johannesburg-metro,randburg,ferndale
privateproperty,RR3962067,https://www.privateproperty.co.za/to-rent/gauteng/johannesburg-metro/randburg/ferndale/studio-2-the-landmark/354-kent-avenue/RR3962067,Studio Apartment in Ferndale,6690.0,Ferndale,Randburg,Gauteng,Apartment,0.5,1.0,1.0,,24.0,,,,0.0,Available Now,"Studio Apartment in Ferndale, Studio 2 The Landmark, 354 Kent Avenue, !!Special!! Only pay a R2,500 Deposit Saving You On Upfront Moving Costs! Resort-style living start",10 Nov 2023,2026-03-27T17:25:45.411205+00:00,to-rent,gauteng,johannesburg-metro,randburg,ferndale
privateproperty,RR3313221,https://www.privateproperty.co.za/to-rent/gauteng/johannesburg-metro/johannesburg-central/city-and-suburban-maboneng/12c-the-emerald/234-main-street/RR3313221,2 Bedroom Apartment in City & Suburban (Maboneng),5600.0,City And Suburban Maboneng,Johannesburg Central,Gauteng,Apartment,2.0,1.0,,,43.0,,,,,Available Now,"2 Bedroom Apartment in City & Suburban (Maboneng), 12C The Emerald, 234 Main Street, MONTH TO MONTH RENTAL NOW AVAILABLE Enjoy you-time, us-time, or any time in your stunning new home",12 Oct 2023,2026-03-27T17:25:48.618548+00:00,to-rent,gauteng,johannesburg-metro,johannesburg-central,city-and-suburban-maboneng
privateproperty,RR3313665,https://www.privateproperty.co.za/to-rent/gauteng/johannesburg-metro/johannesburg-central/johannesburg-cbd/12c-the-diamond/233-fox-street/RR3313665,2 Bedroom Apartment in Johannesburg CBD,5280.0,Johannesburg Cbd,Johannesburg Central,Gauteng,Apartment,2.0,1.0,,,44.0,,,,,Available Now,"2 Bedroom Apartment in Johannesburg CBD, 12C The Diamond, 233 fox Street, Available NOW: Short-term and month-to-month rentals! This contemporary apartment has been reimagin",13 Jul 2023,2026-03-27T17:25:52.882597+00:00,to-rent,gauteng,johannesburg-metro,johannesburg-central,johannesburg-cbd
privateproperty,RR1816733,https://www.privateproperty.co.za/to-rent/gauteng/johannesburg-metro/johannesburg-central/berea/1-rosecrest/40-barnato-street/RR1816733,Bachelor apartment in Berea,3120.0,Berea,Johannesburg Central,Gauteng,Apartment,0.5,1.0,,,30.0,,,,,Available Now,"Bachelor apartment in Berea, 1 Rosecrest, 40 Barnato Street, STOP! YOUVE FOUND YOUR APARTMENT | Limited-Time Offer Sign a new lease and get: - 50 OFF your deposi",14 Jun 2023,2026-03-27T17:25:55.512207+00:00,to-rent,gauteng,johannesburg-metro,johannesburg-central,berea
privateproperty,RR3211090,https://www.privateproperty.co.za/to-rent/gauteng/johannesburg-metro/johannesburg-central/marshalltown/11b-carltonview/36-von-weilligh-street/RR3211090,1 Bedroom Apartment in Marshalltown,3590.0,Marshalltown,Johannesburg Central,Gauteng,Apartment,1.0,1.0,,,29.0,,,,,Available Now,"1 Bedroom Apartment in Marshalltown, 11B Carltonview, 36 Von Weilligh Street, NEW PROMO! Zero-Deposit Option Available. Pay no upfront deposit and move in faster. If youre looki",14 Jun 2023,2026-03-27T17:25:58.504105+00:00,to-rent,gauteng,johannesburg-metro,johannesburg-central,marshalltown
privateproperty,RR2156007,https://www.privateproperty.co.za/to-rent/gauteng/johannesburg-metro/johannesburg-central/city-and-suburban-maboneng/1-eyethu-house/270-marshall-street/RR2156007,Studio Apartment in City & Suburban (Maboneng),3050.0,City And Suburban Maboneng,Johannesburg Central,Gauteng,Apartment,0.5,1.0,,,26.0,,,,,Available Now,"Studio Apartment in City & Suburban (Maboneng), 1 Eyethu House, 270 Marshall Street, GET FREE HIGH-SPEED WIFI NOW The city is trendy and you can be a part of it when you move into EYET",14 Jun 2023,2026-03-27T17:26:01.293294+00:00,to-rent,gauteng,johannesburg-metro,johannesburg-central,city-and-suburban-maboneng
privateproperty,RR3215350,https://www.privateproperty.co.za/to-rent/gauteng/johannesburg-metro/johannesburg-central/johannesburg-cbd/10b-dundonald-mansions/272-lilian-ngoyi-bree-street/RR3215350,Bachelor apartment in Johannesburg CBD,3299.0,Johannesburg Cbd,Johannesburg Central,Gauteng,Apartment,0.5,1.0,,,36.0,,,,,Available Now,"Bachelor apartment in Johannesburg CBD, 10B Dundonald Mansions, 272 Lilian Ngoyi (Bree) Street, Short-term and month-to-month rental available NOW! Loadshedding ready, backup power installed fo",16 May 2023,2026-03-27T17:26:05.315933+00:00,to-rent,gauteng,johannesburg-metro,johannesburg-central,johannesburg-cbd
privateproperty,RR2717625,https://www.privateproperty.co.za/to-rent/gauteng/johannesburg-metro/johannesburg-central/johannesburg-cbd/1-purchase-place/187-albertina-sisulu-road/RR2717625,1 Bedroom Apartment in Johannesburg CBD,3320.0,Johannesburg Cbd,Johannesburg Central,Gauteng,Apartment,1.0,1.0,1.0,,35.0,,,,,Available Now,"1 Bedroom Apartment in Johannesburg CBD, 1 Purchase Place, 187 Albertina Sisulu Road, Up to 1 Month Rent FREE Now Available: Short-term & month-to-month rentals!! Purchase Place 1 Bedr",4 Apr 2023,2026-03-27T17:26:08.841366+00:00,to-rent,gauteng,johannesburg-metro,johannesburg-central,johannesburg-cbd
privateproperty,RR2923972,https://www.privateproperty.co.za/to-rent/gauteng/johannesburg-metro/randburg/ferndale/17-280-on-main/280-main-avenue/RR2923972,3 Bedroom Apartment in Ferndale,17000.0,Ferndale,Randburg,Gauteng,Apartment,2.0,3.0,2.0,,125.0,,,,,Available Now,"3 Bedroom Apartment in Ferndale, 17 280 on Main, 280 Main Avenue, This stunning double volume apartment with modern and rustic finishes in a small development, offers",9 Mar 2023,2026-03-27T17:26:12.798981+00:00,to-rent,gauteng,johannesburg-metro,randburg,ferndale
privateproperty,RR3745270,https://www.privateproperty.co.za/to-rent/gauteng/johannesburg-metro/sandton/bramley/2-bed-the-village/39-high-road/RR3745270,2 Bedroom Apartment in Bramley,8890.0,Bramley,Sandton,Gauteng,Apartment,2.0,1.0,1.0,,54.0,54.0,,,0.0,Available Now,"2 Bedroom Apartment in Bramley, 2 Bed The Village, 39 High Road, A discounted deposit option of R2,500 is now available saving you on upfront costs! Combined househ",23 Feb 2023,2026-03-27T17:26:16.070575+00:00,to-rent,gauteng,johannesburg-metro,sandton,bramley
privateproperty,RR3222440,https://www.privateproperty.co.za/to-rent/gauteng/johannesburg-metro/johannesburg-central/johannesburg-cbd/10b-purchase-place/187-albertina-sisulu-road/RR3222440,Bachelor apartment in Johannesburg CBD,2750.0,Johannesburg Cbd,Johannesburg Central,Gauteng,Apartment,0.5,1.0,,,27.0,,,,,Available Now,"Bachelor apartment in Johannesburg CBD, 10B Purchase Place, 187 Albertina Sisulu Road, FREE UNCAPPED WIFI NOW AVAILABLE Stunning views and spacious rooms, who could ask for more PURCHASE",18 Jan 2023,2026-03-27T17:26:18.991471+00:00,to-rent,gauteng,johannesburg-metro,johannesburg-central,johannesburg-cbd
privateproperty,RR3217381,https://www.privateproperty.co.za/to-rent/gauteng/johannesburg-metro/johannesburg-central/johannesburg-cbd/11b-hoofd-mansions/23-siemert-road/RR3217381,1 Bedroom Apartment in Johannesburg CBD,3240.0,Johannesburg Cbd,Johannesburg Central,Gauteng,Apartment,1.0,1.0,,,45.0,,,,,Available Now,"1 Bedroom Apartment in Johannesburg CBD, 11B Hoofd Mansions, 23 Siemert Road, FREE UNCAPPED WIFI NOW AVAILABLE Short-term and month-to-month rental available NOW! You might be",18 Jan 2023,2026-03-27T17:26:21.537198+00:00,to-rent,gauteng,johannesburg-metro,johannesburg-central,johannesburg-cbd
privateproperty,RR3213461,https://www.privateproperty.co.za/to-rent/gauteng/johannesburg-metro/johannesburg-central/marshalltown/10b-260-marshall/260-marshall-street/RR3213461,Bachelor apartment in Marshalltown,2340.0,Marshalltown,Johannesburg Central,Gauteng,Apartment,0.5,1.0,,,30.0,,,,,Available Now,"Bachelor apartment in Marshalltown, 10B 260 Marshall, 260 Marshall Street, Move into 260 MARSHALL today! Secure, well-maintained and state-of-the-art amenities are all youll h",18 Jan 2023,2026-03-27T17:26:24.549844+00:00,to-rent,gauteng,johannesburg-metro,johannesburg-central,marshalltown
privateproperty,RR3220656,https://www.privateproperty.co.za/to-rent/gauteng/johannesburg-metro/johannesburg-central/johannesburg-cbd/10b-elevate/1-beacon-street/RR3220656,Bachelor apartment in Johannesburg CBD,2999.0,Johannesburg Cbd,Johannesburg Central,Gauteng,Apartment,0.5,1.0,,,22.0,,,,,Available Now,"Bachelor apartment in Johannesburg CBD, 10B Elevate, 1 beacon Street, NEW PROMO! Zero-Deposit Option Available. Pay no upfront deposit and move in faster. 50 OFF First m",17 Jan 2023,2026-03-27T17:26:27.073091+00:00,to-rent,gauteng,johannesburg-metro,johannesburg-central,johannesburg-cbd
privateproperty,RR3220667,https://www.privateproperty.co.za/to-rent/gauteng/johannesburg-metro/johannesburg-central/johannesburg-cbd/12b-elevate/1-beacon-street/RR3220667,2 Bedroom Apartment in Johannesburg CBD,4999.0,Johannesburg Cbd,Johannesburg Central,Gauteng,Apartment,2.0,1.0,,,35.0,,,,,Available Now,"2 Bedroom Apartment in Johannesburg CBD, 12B Elevate, 1 beacon Street, NEW PROMO! Zero-Deposit Option Available. Pay no upfront deposit and move in faster. 50 OFF First",17 Jan 2023,2026-03-27T17:26:29.976121+00:00,to-rent,gauteng,johannesburg-metro,johannesburg-central,johannesburg-cbd
privateproperty,RR2869921,https://www.privateproperty.co.za/to-rent/gauteng/johannesburg-metro/johannesburg-central/marshalltown/10-carltonview/36-von-weilligh-street/RR2869921,Bachelor apartment in Marshalltown,2960.0,Marshalltown,Johannesburg Central,Gauteng,Apartment,0.5,1.0,,,25.0,,,,,Available Now,"Bachelor apartment in Marshalltown, 10 Carltonview, 36 Von Weilligh Street, Zero-Deposit Option Available. Pay no upfront deposit and move in faster. Gorgeous apartment with t",29 Nov 2022,2026-03-27T17:26:33.923504+00:00,to-rent,gauteng,johannesburg-metro,johannesburg-central,marshalltown
privateproperty,RR2869901,https://www.privateproperty.co.za/to-rent/gauteng/johannesburg-metro/johannesburg-central/hillbrow/10-hoffman-new-yorker/0a-cnr-kaptejin-and-quartz-corner/RR2869901,Studio Apartment in Hillbrow,2900.0,Hillbrow,Johannesburg Central,Gauteng,Apartment,0.5,1.0,,,31.0,,,,,Available Now,"Studio Apartment in Hillbrow, 10 Hoffman New Yorker, A CNR Kaptejin and Quartz Corner, NEW PROMO! Zero-Deposit Option Available. Pay no upfront deposit and move in faster. HOFMAN NEW YO",28 Nov 2022,2026-03-27T17:26:37.660853+00:00,to-rent,gauteng,johannesburg-metro,johannesburg-central,hillbrow
privateproperty,RR2869898,https://www.privateproperty.co.za/to-rent/gauteng/johannesburg-metro/johannesburg-central/berea/15-the-metropolitan/39-alexandra-street/RR2869898,1.5 Bedroom Apartment in Berea,4290.0,Berea,Johannesburg Central,Gauteng,Apartment,1.5,1.0,,,54.0,,,,,Available Now,"1.5 Bedroom Apartment in Berea, 15 The Metropolitan, 39 Alexandra Street, Enjoy 50 off deposit and 50 off your first month rent! FREE HIGH-SPEED WIFI NOW AVAILABLE Call THE",28 Nov 2022,2026-03-27T17:26:40.509226+00:00,to-rent,gauteng,johannesburg-metro,johannesburg-central,berea
privateproperty,RR3513336,https://www.privateproperty.co.za/to-rent/gauteng/johannesburg-metro/johannesburg-central/johannesburg-cbd/15d-urban-8/13-charles-street/RR3513336,1.5 Bedroom Apartment in Johannesburg CBD,2650.0,Johannesburg Cbd,Johannesburg Central,Gauteng,Apartment,1.5,1.0,,,21.0,,,,,Available Now,"1.5 Bedroom Apartment in Johannesburg CBD, 15D Urban 8, 13 Charles Street, NEW PROMO! Zero-Deposit Option Available. Pay no upfront deposit and move in faster. Don''t miss th",25 May 2022,2026-03-27T17:26:44.109211+00:00,to-rent,gauteng,johannesburg-metro,johannesburg-central,johannesburg-cbd
privateproperty,RR3505338,https://www.privateproperty.co.za/to-rent/gauteng/johannesburg-metro/johannesburg-central/johannesburg-cbd/12d-queensbury/544-lilian-ngoyi-bree-nuggett-street-street/RR3505338,2 Bedroom Apartment in Johannesburg CBD,4340.0,Johannesburg Cbd,Johannesburg Central,Gauteng,Apartment,2.0,1.0,1.0,1.0,43.0,,,,,Available Now,"2 Bedroom Apartment in Johannesburg CBD, 12D Queensbury, 544 Lilian Ngoyi (Bree) & Nuggett Street Street, NEW PROMO! Zero-Deposit Option Available. Pay no upfront deposit and move in faster. Short-term and",16 May 2022,2026-03-27T17:26:47.987711+00:00,to-rent,gauteng,johannesburg-metro,johannesburg-central,johannesburg-cbd
privateproperty,RR3505321,https://www.privateproperty.co.za/to-rent/gauteng/johannesburg-metro/johannesburg-central/johannesburg-cbd/12d-situation-east/308-fox-street/RR3505321,2 Bedroom Apartment in Johannesburg CBD,4799.0,Johannesburg Cbd,Johannesburg Central,Gauteng,Apartment,2.0,1.0,,,68.0,,,,,Available Now,"2 Bedroom Apartment in Johannesburg CBD, 12D Situation East, 308 fox Street, NEW PROMO! Zero-Deposit Option Available. Pay no upfront deposit and move in faster. Secure a spaci",16 May 2022,2026-03-27T17:26:52.327795+00:00,to-rent,gauteng,johannesburg-metro,johannesburg-central,johannesburg-cbd
privateproperty,RR3505311,https://www.privateproperty.co.za/to-rent/gauteng/johannesburg-metro/johannesburg-central/johannesburg-cbd/10d-vuja-de/14-lower-ross-street/RR3505311,Bachelor apartment in Johannesburg CBD,3260.0,Johannesburg Cbd,Johannesburg Central,Gauteng,Apartment,0.5,1.0,,,41.0,,,,,Available Now,"Bachelor apartment in Johannesburg CBD, 10D Vuja De, 14 Lower Ross Street, Loadshedding ready, backup power installed in all communal areas for those outages! You''ll experie",16 May 2022,2026-03-27T17:26:55.096846+00:00,to-rent,gauteng,johannesburg-metro,johannesburg-central,johannesburg-cbd
privateproperty,RR3505297,https://www.privateproperty.co.za/to-rent/gauteng/johannesburg-metro/johannesburg-central/johannesburg-cbd/10d-the-diamond/233-fox-street/RR3505297,Bachelor apartment in Johannesburg CBD,3550.0,Johannesburg Cbd,Johannesburg Central,Gauteng,Apartment,0.5,1.0,1.0,1.0,30.0,,,,,Available Now,"Bachelor apartment in Johannesburg CBD, 10D The Diamond, 233 fox Street, BIG DISCOUNTS!! Have a life that exceeds expectations when you move into The Diamond in the heart o",16 May 2022,2026-03-27T17:26:58.956482+00:00,to-rent,gauteng,johannesburg-metro,johannesburg-central,johannesburg-cbd
privateproperty,RR3505289,https://www.privateproperty.co.za/to-rent/gauteng/johannesburg-metro/johannesburg-central/berea/11d-rand-executive/33-tudhope-and-alexandra-street/RR3505289,1 Bedroom Apartment in Berea,4440.0,Berea,Johannesburg Central,Gauteng,Apartment,1.0,1.0,,,45.0,,,,,Available Now,"1 Bedroom Apartment in Berea, 11D Rand Executive, 33 Tudhope and Alexandra Street, SAVING YOU CASH! BIG SAVINGS!!!! Limited-Time Offer Sign a new lease and get: - 50 OFF your first m",16 May 2022,2026-03-27T17:27:03.019241+00:00,to-rent,gauteng,johannesburg-metro,johannesburg-central,berea
privateproperty,RR3312091,https://www.privateproperty.co.za/to-rent/gauteng/johannesburg-metro/randburg/ferndale/2-the-titan/291-surrey-avenue/RR3312091,2 Bedroom Apartment in Ferndale,8390.0,Ferndale,Randburg,Gauteng,Apartment,2.0,1.0,1.0,,55.0,55.0,,,0.0,Available Now,"2 Bedroom Apartment in Ferndale, 2 The Titan, 291 Surrey Avenue, !!Special!! Discounted Deposit Saving You On Upfront Costs! The Titan Apartments: Enjoy Modern Comf",14 Oct 2021,2026-03-27T17:27:06.803239+00:00,to-rent,gauteng,johannesburg-metro,randburg,ferndale
privateproperty,RR3312081,https://www.privateproperty.co.za/to-rent/gauteng/johannesburg-metro/randburg/ferndale/1-the-titan/291-surrey-avenue/RR3312081,1 Bedroom Apartment in Ferndale,6990.0,Ferndale,Randburg,Gauteng,Apartment,1.0,1.0,1.0,,27.0,27.0,,,0.0,Available Now,"1 Bedroom Apartment in Ferndale, 1 The Titan, 291 Surrey Avenue, ! Limited Special! Discounted Deposit Offer of just R2,500 saving you on upfront moving costs! Disc",14 Oct 2021,2026-03-27T17:27:11.582990+00:00,to-rent,gauteng,johannesburg-metro,randburg,ferndale
privateproperty,RR3312063,https://www.privateproperty.co.za/to-rent/gauteng/johannesburg-metro/randburg/ferndale/the-titan/291-surrey-avenue/RR3312063,Studio apartment in Ferndale,5840.0,Ferndale,Randburg,Gauteng,Apartment,0.5,1.0,1.0,,23.0,23.0,,,0.0,Available Now,"Studio apartment in Ferndale, , The Titan, 291 Surrey Avenue, !!Special!! Save on upfront costs with a R2,500 deposit offer and zero application fees! The Titan",14 Oct 2021,2026-03-27T17:27:15.569450+00:00,to-rent,gauteng,johannesburg-metro,randburg,ferndale
privateproperty,RR2571461,https://www.privateproperty.co.za/to-rent/gauteng/johannesburg-metro/johannesburg-central/marshalltown/1-the-leo/162-anderson-street/RR2571461,2 Bedroom Apartment in Marshalltown,6890.0,Marshalltown,Johannesburg Central,Gauteng,Apartment,2.0,1.0,1.0,,44.0,44.0,,,0.0,Available Now,"2 Bedroom Apartment in Marshalltown, 1 The Leo, 162 Anderson Street, Secure your new 2 bed apartment with a discounted deposit of just R2,500 and enjoy modern living at",26 May 2020,2026-03-27T17:27:18.472088+00:00,to-rent,gauteng,johannesburg-metro,johannesburg-central,marshalltown
privateproperty,RR2479022,https://www.privateproperty.co.za/to-rent/gauteng/johannesburg-metro/rosebank-and-parktown/parktown/39-stanley-studios/39-stanley-avenue/RR2479022,Studio apartment in Parktown,7190.0,Parktown,Rosebank And Parktown,Gauteng,Apartment,0.5,1.0,1.0,,25.0,25.0,,,0.0,Available Now,"Studio apartment in Parktown, 39 Stanley Studios, 39 Stanley Avenue, Limited Special Offer: Move in with just a R2,500 deposit and enjoy lower upfront costs from day one",5 Nov 2019,2026-03-27T17:27:21.738214+00:00,to-rent,gauteng,johannesburg-metro,rosebank-and-parktown,parktown
privateproperty,RR2386622,https://www.privateproperty.co.za/to-rent/gauteng/johannesburg-metro/sandton/bramley/2-melrose-gardens/49-linden-road/RR2386622,Studio apartment in Bramley,6490.0,Bramley,Sandton,Gauteng,Apartment,0.5,1.0,1.0,,42.0,42.0,,,0.0,Available Now,"Studio apartment in Bramley, 2 Melrose Gardens, 49 Linden Road, Limited Offer: 50 off the 1st Month''s Rent and a Discounted Deposit of R 2,500 Now Available! Mod",21 Aug 2019,2026-03-27T17:27:25.882695+00:00,to-rent,gauteng,johannesburg-metro,sandton,bramley
privateproperty,RR1993860,https://www.privateproperty.co.za/to-rent/gauteng/johannesburg-metro/sandton/bramley/2-the-village/58-kelvin-road/RR1993860,1 Bedroom Apartment in Bramley,6640.0,Bramley,Sandton,Gauteng,Apartment,1.0,1.0,1.0,,23.0,23.0,,,0.0,Available Now,"1 Bedroom Apartment in Bramley, 2 The Village, 58 Kelvin road, Discounted deposit options are now available saving you on upfront costs! Combined household monthl",6 May 2019,2026-03-27T17:27:28.571565+00:00,to-rent,gauteng,johannesburg-metro,sandton,bramley
privateproperty,RR2152318,https://www.privateproperty.co.za/to-rent/gauteng/johannesburg-metro/johannesburg-central/marshalltown/0-the-leo/162-anderson/RR2152318,Studio apartment in Marshalltown,4740.0,Marshalltown,Johannesburg Central,Gauteng,Apartment,0.5,1.0,1.0,,21.0,21.0,,,0.0,Available Now,"Studio apartment in Marshalltown, The Leo, 162 Anderson, Secure your new studio with a discounted deposit of just R2,500 and enjoy modern living at The Leo i",8 Feb 2019,2026-03-27T17:27:32.846286+00:00,to-rent,gauteng,johannesburg-metro,johannesburg-central,marshalltown
privateproperty,RR2152251,https://www.privateproperty.co.za/to-rent/gauteng/johannesburg-metro/johannesburg-central/marshalltown/0-the-leo/162-anderson/RR2152251,1 Bedroom Apartment in Marshalltown,5540.0,Marshalltown,Johannesburg Central,Gauteng,Apartment,1.0,1.0,1.0,,25.0,25.0,,,0.0,Available Now,"1 Bedroom Apartment in Marshalltown, The Leo, 162 Anderson, Move in with a low deposit of just R2,500 and enjoy modern apartment living at The Leo in Marshallto",8 Feb 2019,2026-03-27T17:27:35.466597+00:00,to-rent,gauteng,johannesburg-metro,johannesburg-central,marshalltown
privateproperty,RR4640827,https://www.privateproperty.co.za/to-rent/gauteng/johannesburg-metro/midrand/sagewood/5002-symphony/8-beethoven-lane/RR4640827,2 Bedroom Apartment in Sagewood,7500.0,Sagewood,Midrand,Gauteng,Apartment,2.0,1.0,2.0,1.0,93.0,,,,,Available Now,"2 Bedroom Apartment in Sagewood, 5002 Symphony, 8 Beethoven Lane, Looking for a spacious and a safe apartment This apartment is just for you and is ready for you to",27 Mar 2026,2026-03-27T17:27:38.101980+00:00,to-rent,gauteng,johannesburg-metro,midrand,sagewood
privateproperty,RR4640825,https://www.privateproperty.co.za/to-rent/gauteng/johannesburg-metro/midrand/grand-central/RR4640825,2 Bedroom Apartment in Grand Central,8500.0,Grand Central,Midrand,Gauteng,Apartment,2.0,2.0,1.0,,78.0,,,,,Available Now,"2 Bedroom Apartment in Grand Central, Positioned in the sought-after Villa Allegria estate in Grand Central, Midrand, this executive 2-bed",27 Mar 2026,2026-03-27T17:27:41.139960+00:00,to-rent,gauteng,johannesburg-metro,midrand,grand-central
privateproperty,RR4640816,https://www.privateproperty.co.za/to-rent/gauteng/johannesburg-metro/sandton/craigavon/259-ventura/19-cedar-ave-w/RR4640816,1 Bedroom Apartment in Craigavon,8000.0,Craigavon,Sandton,Gauteng,Apartment,1.0,1.0,,,52.0,,,,,,"1 Bedroom Apartment in Craigavon, 259 Ventura, 19 Cedar Ave W, Discover the epitome of modern living in this stunning one-bedroom 1st floor apartment, perfect for",27 Mar 2026,2026-03-27T17:27:43.914792+00:00,to-rent,gauteng,johannesburg-metro,sandton,craigavon
privateproperty,RR4640812,https://www.privateproperty.co.za/to-rent/gauteng/johannesburg-metro/sandton/benmore-gardens/501-ben-avon-ben-eden/113-elizabeth-avenue/RR4640812,2 Bedroom Apartment in Benmore Gardens,16500.0,Benmore Gardens,Sandton,Gauteng,Apartment,2.0,1.0,2.0,,135.0,200.0,,,,,"2 Bedroom Apartment in Benmore Gardens, 501 Ben Avon - Ben Eden, 113 Elizabeth Avenue, Relaxed Living Awaits in Secure Benmore Gardens Your New Relaxed Pad in Benmore Gardens! Hey there!",27 Mar 2026,2026-03-27T17:27:47.530034+00:00,to-rent,gauteng,johannesburg-metro,sandton,benmore-gardens
privateproperty,RR4640770,https://www.privateproperty.co.za/to-rent/gauteng/johannesburg-metro/johannesburg-central/braamfontein/RR4640770,Studio Apartment in Braamfontein,6000.0,Braamfontein,Johannesburg Central,Gauteng,Apartment,0.5,1.0,,,,,,,,,"Studio Apartment in Braamfontein, Modern Student Living in Vibrant Braamfontein Modern Student Living in Vibrant Braamfontein Discov",27 Mar 2026,2026-03-27T17:28:03.695002+00:00,to-rent,gauteng,johannesburg-metro,johannesburg-central,braamfontein
privateproperty,RR4640762,https://www.privateproperty.co.za/to-rent/gauteng/johannesburg-metro/midrand/carlswald-estate/RR4640762,3 Bedroom Apartment in Carlswald Estate,18500.0,Carlswald Estate,Midrand,Gauteng,Apartment,2.0,2.0,,,,,,,,Available Now,"3 Bedroom Apartment in Carlswald Estate, Ground Floor 3-Bedroom, 2-Bathroom Apartment with Massive Private Garden Carlswald, Midrand Discove",27 Mar 2026,2026-03-27T17:28:07.438096+00:00,to-rent,gauteng,johannesburg-metro,midrand,carlswald-estate
privateproperty,RR4640760,https://www.privateproperty.co.za/to-rent/gauteng/johannesburg-metro/rosebank-and-parktown/killarney/RR4640760,2 Bedroom Apartment in Killarney,13500.0,Killarney,Rosebank And Parktown,Gauteng,Apartment,2.0,2.0,1.0,,,,,,,,"2 Bedroom Apartment in Killarney, Modern 2-Bed Unit in Killarneys Most Sought-After Building This spacious apartment is situated in o",27 Mar 2026,2026-03-27T17:28:10.375601+00:00,to-rent,gauteng,johannesburg-metro,rosebank-and-parktown,killarney
privateproperty,RR4640752,https://www.privateproperty.co.za/to-rent/gauteng/johannesburg-metro/sandton/morningside/RR4640752,2 Bedroom Apartment in Morningside,48500.0,Morningside,Sandton,Gauteng,Apartment,2.0,2.5,,,,,,,1.0,,"2 Bedroom Apartment in Morningside, Stunning 2 bed, 2.5 bath stylishly furnished north facing luxury corner apartment on 7th floor measu",27 Mar 2026,2026-03-27T17:28:13.338427+00:00,to-rent,gauteng,johannesburg-metro,sandton,morningside
privateproperty,RR4640734,https://www.privateproperty.co.za/to-rent/gauteng/johannesburg-metro/midrand/kyalami-ah/treesbank-ah/c-mla22-3k-helderfontein-meander-lifestyle-apartments/1-celery-drive/RR4640734,Studio apartment in Treesbank AH,7800.0,Kyalami Ah,Midrand,Gauteng,Apartment,1.0,1.0,2.0,,46.0,,,,,,"Studio apartment in Treesbank AH, C-MLA22-3K Helderfontein Meander Lifestyle Apartments, 1 Celery Drive, FREE Uncapped Internet Access Load-shedding Solutions Solar Backups for lights and internet,",27 Mar 2026,2026-03-27T17:28:16.024530+00:00,to-rent,gauteng,johannesburg-metro,midrand,kyalami-ah
privateproperty,RR4640729,https://www.privateproperty.co.za/to-rent/gauteng/johannesburg-metro/sandton/fourways/1-broadacres-east-drive/RR4640729,1 Bedroom Apartment in Fourways,7600.0,Fourways,Sandton,Gauteng,Apartment,1.0,1.0,1.0,,,,,,,,"1 Bedroom Apartment in Fourways, 1 BROADACRES EAST DRIVE, This neat and well-maintained 1-bedroom, 1-bathroom bachelor apartment is available at The William,",27 Mar 2026,2026-03-27T17:28:18.959013+00:00,to-rent,gauteng,johannesburg-metro,sandton,fourways
privateproperty,RR4359211,https://www.privateproperty.co.za/to-rent/gauteng/johannesburg-metro/sandton/morningside/106-ss-the-view/5-michelle-street/RR4359211,1 Bedroom Apartment in Morningside,10350.0,Morningside,Sandton,Gauteng,Apartment,1.0,1.0,1.0,,59.0,6.0,,,0.0,Available 1 May 2026,"1 Bedroom Apartment in Morningside, 106 SS THE VIEW, 5 Michelle Street, NOTE: Viewings taking place only during the OPEN HOUR on 2 April 2026 from 4pm to 5pm Welcome to Th",27 Mar 2026,2026-03-27T17:28:22.252764+00:00,to-rent,gauteng,johannesburg-metro,sandton,morningside
privateproperty,RR4640720,https://www.privateproperty.co.za/to-rent/gauteng/johannesburg-metro/midrand/vorna-valley/RR4640720,2 Bedroom Apartment in Vorna Valley,7500.0,Vorna Valley,Midrand,Gauteng,Apartment,2.0,2.0,1.0,,62.0,,,,,,"2 Bedroom Apartment in Vorna Valley, A modern 2 bedroom 2 bathroom available in Waterfall Ridge Apartments Located on second floor Unit",27 Mar 2026,2026-03-27T17:28:25.015964+00:00,to-rent,gauteng,johannesburg-metro,midrand,vorna-valley
privateproperty,RR4640716,https://www.privateproperty.co.za/to-rent/gauteng/johannesburg-metro/sandton/morningside/RR4640716,1 Bedroom Apartment in Morningside,8700.0,Morningside,Sandton,Gauteng,Apartment,1.0,1.0,1.0,,53.0,,,,,Available Now,"1 Bedroom Apartment in Morningside, Step into effortless living with this beautifully presented apartment, set within a meticulously mai",27 Mar 2026,2026-03-27T17:28:28.620043+00:00,to-rent,gauteng,johannesburg-metro,sandton,morningside
privateproperty,RR4640717,https://www.privateproperty.co.za/to-rent/gauteng/johannesburg-metro/midrand/kyalami-ah/treesbank-ah/c-hmndr22-helderfontein-meander-lifestyle-apartments/1-celery-drive/RR4640717,2 Bedroom Apartment in Treesbank AH,10500.0,Kyalami Ah,Midrand,Gauteng,Apartment,2.0,2.0,4.0,,68.0,,,,,,"2 Bedroom Apartment in Treesbank AH, C-HMNDR22- Helderfontein Meander Lifestyle Apartments, 1 Celery Drive, FREE Uncapped Internet Access Load-shedding Solutions Solar Backups for lights and internet,",27 Mar 2026,2026-03-27T17:28:32.630343+00:00,to-rent,gauteng,johannesburg-metro,midrand,kyalami-ah
privateproperty,RR3289315,https://www.privateproperty.co.za/to-rent/gauteng/johannesburg-metro/sandton/illovo/RR3289315,1 Bedroom Apartment in Illovo,10750.0,Illovo,Sandton,Gauteng,Apartment,1.0,1.5,3.0,2.0,82.0,,,,,,"1 Bedroom Apartment in Illovo, 1 bed 1.5 bath apartment on the 3rd floor, with stunning views and sunsets from your balcony a fanta",27 Mar 2026,2026-03-27T17:28:36.335716+00:00,to-rent,gauteng,johannesburg-metro,sandton,illovo
privateproperty,RR4640708,https://www.privateproperty.co.za/to-rent/gauteng/johannesburg-metro/midrand/waterfall-estate/b112-d-the-precinct-luxury-apartments/1-mushroom-road-waterfall-1-mushroom-road-waterfall/RR4640708,3 Bedroom Apartment in Waterfall Estate,15200.0,Waterfall Estate,Midrand,Gauteng,Apartment,3.0,2.0,4.0,,116.0,,,,,,"3 Bedroom Apartment in Waterfall Estate, B112-D The Precinct Luxury Apartments, 1 mushroom road, Waterfall 1 mushroom road, Waterfall, Storage units available. Currently on special. Spacious Modern 1-, 2-, 3- & 4-Bed Apartments with",27 Mar 2026,2026-03-27T17:28:39.137660+00:00,to-rent,gauteng,johannesburg-metro,midrand,waterfall-estate
privateproperty,RR4640692,https://www.privateproperty.co.za/to-rent/gauteng/johannesburg-metro/rosebank-and-parktown/parktown-north/RR4640692,1 Bedroom Apartment in Parktown North,7500.0,Parktown North,Rosebank And Parktown,Gauteng,Apartment,1.0,1.0,1.0,,,,,,,Available Now,"1 Bedroom Apartment in Parktown North, Secure and Serene Apartment in Parktown North A lovely one bedroom unit nestled in the northern subu",27 Mar 2026,2026-03-27T17:28:42.461954+00:00,to-rent,gauteng,johannesburg-metro,rosebank-and-parktown,parktown-north
privateproperty,RR4640691,https://www.privateproperty.co.za/to-rent/gauteng/johannesburg-metro/johannesburg-central/marshalltown/RR4640691,Studio apartment in Marshalltown,4750.0,Marshalltown,Johannesburg Central,Gauteng,Apartment,0.5,1.0,1.0,1.0,,,,,,,"Studio apartment in Marshalltown, Welcome to City Living in Marshalltown. A spacious open planned styled bachelor unit situated in a v",27 Mar 2026,2026-03-27T17:28:45.093373+00:00,to-rent,gauteng,johannesburg-metro,johannesburg-central,marshalltown
privateproperty,RR1932965,https://www.privateproperty.co.za/to-rent/gauteng/johannesburg-metro/randburg/ferndale/04-dover-towers/178-braamfischer-cnr-dover/RR1932965,2 Bedroom Apartment in Ferndale,6700.0,Ferndale,Randburg,Gauteng,Apartment,2.0,1.0,2.0,,68.0,,,,,,"2 Bedroom Apartment in Ferndale, 4 Dover Towers, 178 Braamfischer Cnr Dover, pacious and immaculate 2 bed 1 bath 4th Floor apartment in great location in Ferndale. Located with",27 Mar 2026,2026-03-27T17:28:47.852720+00:00,to-rent,gauteng,johannesburg-metro,randburg,ferndale
privateproperty,RR4640682,https://www.privateproperty.co.za/to-rent/gauteng/johannesburg-metro/johannesburg-central/braamfontein/RR4640682,1 Bedroom Apartment in Braamfontein,2700.0,Braamfontein,Johannesburg Central,Gauteng,Apartment,1.0,1.0,,,,,,,1.0,Available Now,"1 Bedroom Apartment in Braamfontein, Female Rooms Available Shared Unit! Welcome to our exclusive FEMALE student accommodation! Experi",27 Mar 2026,2026-03-27T17:28:52.082521+00:00,to-rent,gauteng,johannesburg-metro,johannesburg-central,braamfontein
privateproperty,RR4640679,https://www.privateproperty.co.za/to-rent/gauteng/johannesburg-metro/johannesburg-central/jeppestown/RR4640679,1 Bedroom Apartment in Jeppestown,4200.0,Jeppestown,Johannesburg Central,Gauteng,Apartment,1.0,1.0,1.0,,,,,,,Available Now,"1 Bedroom Apartment in Jeppestown, Lovely Secure Apartments in Jeppestown A spacious apartment on a large secured property housing vari",27 Mar 2026,2026-03-27T17:28:55.884317+00:00,to-rent,gauteng,johannesburg-metro,johannesburg-central,jeppestown
privateproperty,RR4640675,https://www.privateproperty.co.za/to-rent/gauteng/johannesburg-metro/johannesburg-south/haddon/RR4640675,Studio apartment in Haddon,3700.0,Haddon,Johannesburg South,Gauteng,Apartment,0.5,1.0,1.0,,,,,,,,"Studio apartment in Haddon, Experience Serene Living in the South of Johannesburg Come and enjoy this serene and secure bachelor",27 Mar 2026,2026-03-27T17:28:58.632761+00:00,to-rent,gauteng,johannesburg-metro,johannesburg-south,haddon
privateproperty,RR4640673,https://www.privateproperty.co.za/to-rent/gauteng/johannesburg-metro/soweto/pimville/klipspruit/56-manhattan-drive/RR4640673,Bachelor apartment in Klipspruit,4500.0,Pimville,Soweto,Gauteng,Apartment,1.0,1.0,,,,,,,,Available Now,"Bachelor apartment in Klipspruit, 56 Manhattan Drive, Modern Bachelor in a Secure Shared Double-Storey Home! This well-maintained and modern bachelor is",27 Mar 2026,2026-03-27T17:29:01.955957+00:00,to-rent,gauteng,johannesburg-metro,soweto,pimville
privateproperty,RR4640667,https://www.privateproperty.co.za/to-rent/gauteng/johannesburg-metro/midrand/carlswald-estate/RR4640667,2 Bedroom Apartment in Carlswald Estate,10800.0,Carlswald Estate,Midrand,Gauteng,Apartment,2.0,1.0,2.0,1.0,,,,,,,"2 Bedroom Apartment in Carlswald Estate, APARTMENT TO LET IN CARLSWALD!!! Morden renovated duplex for rent in Carlswald.. Property features:",27 Mar 2026,2026-03-27T17:29:05.686031+00:00,to-rent,gauteng,johannesburg-metro,midrand,carlswald-estate
privateproperty,RR4640661,https://www.privateproperty.co.za/to-rent/gauteng/johannesburg-metro/midrand/noordwyk/RR4640661,2 Bedroom Apartment in Noordwyk,10000.0,Noordwyk,Midrand,Gauteng,Apartment,2.0,1.0,,,,,,,,Available Now,"2 Bedroom Apartment in Noordwyk, I have a 2 bedroom flat to rent in Phoenix Regent Estate 2 complex. The complex is tidy, close to Sa",27 Mar 2026,2026-03-27T17:29:08.760536+00:00,to-rent,gauteng,johannesburg-metro,midrand,noordwyk
privateproperty,RR4640659,https://www.privateproperty.co.za/to-rent/gauteng/johannesburg-metro/soweto/pimville/klipspruit/RR4640659,1 Bedroom Apartment in Klipspruit,3500.0,Pimville,Soweto,Gauteng,Apartment,1.0,1.0,,,,,,,,Available Now,"1 Bedroom Apartment in Klipspruit, Modern Room in a Secure Shared Double-Storey Home! This well-maintained and modern room is availabl",27 Mar 2026,2026-03-27T17:29:11.496805+00:00,to-rent,gauteng,johannesburg-metro,soweto,pimville
privateproperty,RR4640656,https://www.privateproperty.co.za/to-rent/gauteng/johannesburg-metro/midrand/waterfall-estate/RR4640656,3 Bedroom Apartment in Waterfall Estate,22000.0,Waterfall Estate,Midrand,Gauteng,Apartment,3.0,2.0,,,,,,,,,"3 Bedroom Apartment in Waterfall Estate, Experience the epitome of luxury beach living at Munyaka Lifestyle Apartments, where elegance meets",27 Mar 2026,2026-03-27T17:29:14.635579+00:00,to-rent,gauteng,johannesburg-metro,midrand,waterfall-estate
privateproperty,RR4640643,https://www.privateproperty.co.za/to-rent/gauteng/johannesburg-metro/midrand/kyalami/b93h-the-precinct-luxury-apartments/1-mushroom-road/RR4640643,2 Bedroom Apartment in Kyalami,12100.0,Kyalami,Midrand,Gauteng,Apartment,2.0,2.0,4.0,,91.0,,,,,,"2 Bedroom Apartment in Kyalami, B93H The Precinct Luxury Apartments, 1 Mushroom Road, - Storage units available - FREE Uncapped Internet Access - Load-shedding Solutio",27 Mar 2026,2026-03-27T17:29:18.276424+00:00,to-rent,gauteng,johannesburg-metro,midrand,kyalami
privateproperty,RR4640630,https://www.privateproperty.co.za/to-rent/gauteng/johannesburg-metro/sandton/beverley/RR4640630,1 Bedroom Apartment in Beverley,7500.0,Beverley,Sandton,Gauteng,Apartment,1.0,1.0,2.0,,,,,,,,"1 Bedroom Apartment in Beverley, Step into modern living with this beautifully renovated one-bedroom first-floor unit, available from",27 Mar 2026,2026-03-27T17:29:21.771056+00:00,to-rent,gauteng,johannesburg-metro,sandton,beverley
privateproperty,RR4640626,https://www.privateproperty.co.za/to-rent/gauteng/johannesburg-metro/rosebank-and-parktown/houghton-estate/RR4640626,3 Bedroom Penthouse in Houghton Estate,58000.0,Houghton Estate,Rosebank And Parktown,Gauteng,House,3.0,3.5,4.0,,355.0,,,,,Available Now,"3 Bedroom Penthouse in Houghton Estate, LIVE LIKE A KING IN THIS IMMACULATE PENTHOUSE Its exquisite, alluring and spacious enough to fit yo",27 Mar 2026,2026-03-27T17:29:25.832883+00:00,to-rent,gauteng,johannesburg-metro,rosebank-and-parktown,houghton-estate
privateproperty,RR4640620,https://www.privateproperty.co.za/to-rent/gauteng/johannesburg-metro/sandton/sandton-central/RR4640620,Studio apartment in Sandton Central,11500.0,Sandton Central,Sandton,Gauteng,Apartment,0.5,1.0,1.0,,,,,,1.0,Available Now,"Studio apartment in Sandton Central, EXECUTIVE FURNISHED AND EQUIPPED STUDIO APARTMENT Conveniently located in the heart of Sandton. Wal",27 Mar 2026,2026-03-27T17:29:28.416760+00:00,to-rent,gauteng,johannesburg-metro,sandton,sandton-central
privateproperty,RR4640602,https://www.privateproperty.co.za/to-rent/gauteng/johannesburg-metro/sandton/sandton-central/RR4640602,2 Bedroom Apartment in Sandton Central,60000.0,Sandton Central,Sandton,Gauteng,Apartment,2.0,2.5,1.0,,160.0,,,,1.0,Available 1 July 2026,"2 Bedroom Apartment in Sandton Central, 2 Bedroom 2 Bathroom Fully Furnished Apartment Located in the heart of Sandton. With direct access",27 Mar 2026,2026-03-27T17:29:32.658432+00:00,to-rent,gauteng,johannesburg-metro,sandton,sandton-central
privateproperty,RR4640580,https://www.privateproperty.co.za/to-rent/gauteng/johannesburg-metro/rosebank-and-parktown/norwood/RR4640580,1 Bedroom Apartment in Norwood,10000.0,Norwood,Rosebank And Parktown,Gauteng,Apartment,1.0,1.0,1.0,,81.0,,,,1.0,,"1 Bedroom Apartment in Norwood, Welcome to this top floor apartment offering modern living with comfort and convenience. One spacio",27 Mar 2026,2026-03-27T17:29:35.660000+00:00,to-rent,gauteng,johannesburg-metro,rosebank-and-parktown,norwood
privateproperty,RR4640578,https://www.privateproperty.co.za/to-rent/gauteng/johannesburg-metro/sandton/fourways/RR4640578,1 Bedroom Apartment in Fourways,8500.0,Fourways,Sandton,Gauteng,Apartment,1.0,1.0,1.0,,54.0,,,,,,"1 Bedroom Apartment in Fourways, Available: 1 April 2026. One bed garden apartment, Cedar Lofts, Willow Avenue, Fourways. On",27 Mar 2026,2026-03-27T17:29:39.896372+00:00,to-rent,gauteng,johannesburg-metro,sandton,fourways
privateproperty,RR4640573,https://www.privateproperty.co.za/to-rent/gauteng/johannesburg-metro/sandton/strathavon/87648-via-arezzio/174-daisy-street/RR4640573,1 Bedroom Apartment in Strathavon,9000.0,Strathavon,Sandton,Gauteng,Apartment,1.0,1.0,,,50.0,,,,0.0,,"1 Bedroom Apartment in Strathavon, 87648 Via Arezzio, 174 Daisy Street, Stylish 1-Bedroom Apartment in Sandown Welcome to this charming and well-appointed 1-bedroom, 1-bat",27 Mar 2026,2026-03-27T17:29:43.798375+00:00,to-rent,gauteng,johannesburg-metro,sandton,strathavon
privateproperty,RR4640556,https://www.privateproperty.co.za/to-rent/gauteng/johannesburg-metro/midrand/halfway-house/89-seattle-creek/103-14th-road-noordwyk/RR4640556,2 Bedroom Apartment in Halfway House,8950.0,Halfway House,Midrand,Gauteng,Apartment,2.0,1.0,,,56.0,,,,,,"2 Bedroom Apartment in Halfway House, 89 Seattle Creek, 103 14th Road, Noordwyk, 2-Bedroom 1-Bathroom First-Floor Apartment This unit offers an open-plan living space with a spaciou",27 Mar 2026,2026-03-27T17:29:48.083936+00:00,to-rent,gauteng,johannesburg-metro,midrand,halfway-house
privateproperty,RR4640554,https://www.privateproperty.co.za/to-rent/gauteng/johannesburg-metro/midrand/waterfall-estate/3-munyaka-lifestyle-estate/1-mia-drive/RR4640554,3 Bedroom Apartment in Waterfall Estate,23000.0,Waterfall Estate,Midrand,Gauteng,Apartment,3.0,2.0,2.0,,,,,,,Available Now,"3 Bedroom Apartment in Waterfall Estate, 3 munyaka lifestyle estate, 1 Mia drive, Modern 3 Bedroom Garden Apartment to rent in Munyaka, Waterfall City, Midrand This 3 bedroom garden",27 Mar 2026,2026-03-27T17:29:52.369632+00:00,to-rent,gauteng,johannesburg-metro,midrand,waterfall-estate
privateproperty,RR4640538,https://www.privateproperty.co.za/to-rent/gauteng/johannesburg-metro/sandton/morningside/11474-7-on-middle/5-middle-road/RR4640538,2 Bedroom Apartment in Morningside,20000.0,Morningside,Sandton,Gauteng,Apartment,2.0,2.0,4.0,,87.0,,,,1.0,Available Now,"2 Bedroom Apartment in Morningside, 11474 7 on Middle, 5 Middle road, Stylish 2-Bedroom Apartment for Rent in Morningside Experience stylish, convenient living in this",27 Mar 2026,2026-03-27T17:29:56.291027+00:00,to-rent,gauteng,johannesburg-metro,sandton,morningside
privateproperty,RR4640539,https://www.privateproperty.co.za/to-rent/gauteng/johannesburg-metro/sandton/sandown/1008444-the-capital-on-park/101-katherine-street/RR4640539,1 Bedroom Apartment in Sandown,18000.0,Sandown,Sandton,Gauteng,Apartment,1.0,1.0,2.0,,6.0,44.0,,,1.0,Available Now,"1 Bedroom Apartment in Sandown, 1008444 The Capital on Park, 101 Katherine street, Stylish 1 Bedroom Apartment for Rent in the heart of Sandton CBD Experience stylish city living in",27 Mar 2026,2026-03-27T17:29:59.358522+00:00,to-rent,gauteng,johannesburg-metro,sandton,sandown
privateproperty,RR4640529,https://www.privateproperty.co.za/to-rent/gauteng/johannesburg-metro/north-riding-to-lanseria/noordhang/2201-canvas-eighty2/1-canvas-road/RR4640529,2 Bedroom Apartment in Noordhang,9500.0,Noordhang,North Riding To Lanseria,Gauteng,Apartment,2.0,2.0,2.0,,81.0,,,,,Available Now,"2 Bedroom Apartment in Noordhang, 2/201 Canvas Eighty2, 1 Canvas Road, Bright and cheery, spacious apartment with modern finishes located in the heart of a well-maintained",27 Mar 2026,2026-03-27T17:30:02.214823+00:00,to-rent,gauteng,johannesburg-metro,north-riding-to-lanseria,noordhang
privateproperty,RR4640528,https://www.privateproperty.co.za/to-rent/gauteng/johannesburg-metro/johannesburg-central/corlett-gardens/RR4640528,2 Bedroom Apartment in Corlett Gardens,7500.0,Corlett Gardens,Johannesburg Central,Gauteng,Apartment,2.0,1.0,1.0,,73.0,5.0,,,,Available Now,"2 Bedroom Apartment in Corlett Gardens, GROUND FLOOR TOWHOUSE IN CORLETT GARDENS This secure and very spacious ground floor townhouse in Co",27 Mar 2026,2026-03-27T17:30:05.847608+00:00,to-rent,gauteng,johannesburg-metro,johannesburg-central,corlett-gardens
privateproperty,RR4107285,https://www.privateproperty.co.za/to-rent/gauteng/johannesburg-metro/sandton/paulshof/132-ashwood-manor/holkam-road/RR4107285,1 Bedroom Apartment in Paulshof,6200.0,Paulshof,Sandton,Gauteng,Apartment,1.0,1.0,1.0,,36.0,36.0,,,,,"1 Bedroom Apartment in Paulshof, 132 Ashwood Manor, Holkam Road, Spacious and functional studio apartment available in a sought after complex. Lovely open plan ki",27 Mar 2026,2026-03-27T17:30:08.770055+00:00,to-rent,gauteng,johannesburg-metro,sandton,paulshof
privateproperty,RR4640521,https://www.privateproperty.co.za/to-rent/gauteng/johannesburg-metro/sandton/parkmore/RR4640521,1 Bedroom Apartment in Parkmore,13500.0,Parkmore,Sandton,Gauteng,Apartment,1.0,1.0,1.0,1.0,80.0,,,,1.0,,"1 Bedroom Apartment in Parkmore, AVAILABLE IMMEDIATELY FULLY FURNISHED ref: 2461460 Magnificent modern Fully Furnished studio apartm",27 Mar 2026,2026-03-27T17:30:11.309657+00:00,to-rent,gauteng,johannesburg-metro,sandton,parkmore
privateproperty,RR4640519,https://www.privateproperty.co.za/to-rent/gauteng/johannesburg-metro/sandton/bryanston/RR4640519,2 Bedroom Apartment in Bryanston,10500.0,Bryanston,Sandton,Gauteng,Apartment,2.0,1.0,2.0,,59.0,8.0,,,1.0,Available Now,"2 Bedroom Apartment in Bryanston, Welcome to this modern ground floor apartment tucked away in a small complex with just 30 units. The",27 Mar 2026,2026-03-27T17:30:14.794671+00:00,to-rent,gauteng,johannesburg-metro,sandton,bryanston
privateproperty,RR4640514,https://www.privateproperty.co.za/to-rent/gauteng/johannesburg-metro/midrand/noordwyk/90-seattle-creek/103-14th-road-noordwyk/RR4640514,2 Bedroom Apartment in Noordwyk,8950.0,Noordwyk,Midrand,Gauteng,Apartment,2.0,1.0,,,56.0,,,,,,"2 Bedroom Apartment in Noordwyk, 90 Seattle Creek, 103 14th Road, Noordwyk, Beautiful 2-Bedroom Townhouse in Midrand Experience luxury and comfort in this stunning 2-bedroom, 1",27 Mar 2026,2026-03-27T17:30:30.120390+00:00,to-rent,gauteng,johannesburg-metro,midrand,noordwyk
privateproperty,RR4640512,https://www.privateproperty.co.za/to-rent/gauteng/johannesburg-metro/johannesburg-central/sandringham/RR4640512,3 Bedroom Apartment in Sandringham,29000.0,Sandringham,Johannesburg Central,Gauteng,Apartment,3.0,2.0,2.0,,,,,,,,"3 Bedroom Apartment in Sandringham, Discover luxury estate living on the golf course in this beautifully designed 3-bedroom, 2-bathroom",27 Mar 2026,2026-03-27T17:30:34.210999+00:00,to-rent,gauteng,johannesburg-metro,johannesburg-central,sandringham
privateproperty,RR4640510,https://www.privateproperty.co.za/to-rent/gauteng/johannesburg-metro/midrand/noordwyk/1-fountain-view/1-14throad/RR4640510,1 Bedroom Apartment in Noordwyk,6500.0,Noordwyk,Midrand,Gauteng,Apartment,1.0,1.0,1.0,,,,,,,Available Now,"1 Bedroom Apartment in Noordwyk, 1 fountain view, 1 14throad, 1 Bedroom Apartment Flat to Rent in Erand Gardens 1Bedroom Apartment to Rent in Fountain View, Midr",27 Mar 2026,2026-03-27T17:30:37.750761+00:00,to-rent,gauteng,johannesburg-metro,midrand,noordwyk
privateproperty,RR4640506,https://www.privateproperty.co.za/to-rent/gauteng/johannesburg-metro/bedfordview/bedford-gardens/RR4640506,2 Bedroom Apartment in Bedford Gardens,16000.0,Bedford Gardens,Bedfordview,Gauteng,Apartment,2.0,2.0,2.0,,,,,,1.0,Available Now,"2 Bedroom Apartment in Bedford Gardens, Modern 2-Bedroom Apartment To Rent Bedford Gardens Currently undergoing renovations. Will be read",27 Mar 2026,2026-03-27T17:30:40.273034+00:00,to-rent,gauteng,johannesburg-metro,bedfordview,bedford-gardens
privateproperty,RR4640504,https://www.privateproperty.co.za/to-rent/gauteng/johannesburg-metro/sandton/morningside/RR4640504,2 Bedroom Apartment in Morningside,16500.0,Morningside,Sandton,Gauteng,Apartment,2.0,2.0,1.0,,,,,,1.0,Available Now,"2 Bedroom Apartment in Morningside, 2 Bedroom 2 Bathroom Furnished 1st Floor Apartment Located in the heart of Morningside close to ame",27 Mar 2026,2026-03-27T17:30:43.944113+00:00,to-rent,gauteng,johannesburg-metro,sandton,morningside
privateproperty,RR4640502,https://www.privateproperty.co.za/to-rent/gauteng/johannesburg-metro/sandton/morningside/RR4640502,3 Bedroom Apartment in Morningside,23000.0,Morningside,Sandton,Gauteng,Apartment,2.0,2.0,2.0,,,,,,0.0,,"3 Bedroom Apartment in Morningside, EXECUTIVE APARTMENT TO RENT Offers: Open plan lounge dining area Kitchen with granite counter tops",27 Mar 2026,2026-03-27T17:30:47.774847+00:00,to-rent,gauteng,johannesburg-metro,sandton,morningside
privateproperty,RR4640498,https://www.privateproperty.co.za/to-rent/gauteng/johannesburg-metro/rosebank-and-parktown/melrose-arch/RR4640498,2 Bedroom Apartment in Melrose Arch,37000.0,Melrose Arch,Rosebank And Parktown,Gauteng,Apartment,2.0,2.0,2.0,,,,,,1.0,Available Now,"2 Bedroom Apartment in Melrose Arch, UPMARKET EXECUTIVE APARTMENT TO RENT IN THE NICHE SUBURB OF MELROSE Centrally located in an upmarke",27 Mar 2026,2026-03-27T17:30:51.476038+00:00,to-rent,gauteng,johannesburg-metro,rosebank-and-parktown,melrose-arch
privateproperty,RR3791892,https://www.privateproperty.co.za/to-rent/gauteng/johannesburg-metro/johannesburg-south/south-hills/tulisa-park/RR3791892,1 Bedroom Apartment in Tulisa Park,6100.0,South Hills,Johannesburg South,Gauteng,Apartment,1.0,1.0,3.0,1.0,120.0,1.0,,,,available 1 Jan 2025,"1 Bedroom Apartment in Tulisa Park, An exquisite and spacious apartment. The apartment is located in a good and secure neighbourhood. Th",27 Mar 2026,2026-03-27T17:30:54.230552+00:00,to-rent,gauteng,johannesburg-metro,johannesburg-south,south-hills
privateproperty,RR4640486,https://www.privateproperty.co.za/to-rent/gauteng/johannesburg-metro/bedfordview/bedfordview/RR4640486,2 Bedroom Apartment in Bedfordview,12000.0,Bedfordview,Bedfordview,Gauteng,Apartment,2.0,2.0,,,,,,,,,"2 Bedroom Apartment in Bedfordview, This property offers a high-end, move-in-ready lifestyle with significant utility savings and conven",27 Mar 2026,2026-03-27T17:30:56.891962+00:00,to-rent,gauteng,johannesburg-metro,bedfordview,bedfordview
privateproperty,RR4640484,https://www.privateproperty.co.za/to-rent/gauteng/johannesburg-metro/sandton/woodmead/RR4640484,2 Bedroom Apartment in Woodmead,8500.0,Woodmead,Sandton,Gauteng,Apartment,2.0,1.5,2.0,,,,,,,Available Now,"2 Bedroom Apartment in Woodmead, GLORIOUS GOLDEN OLDIE!! Secure complex in the heart of Woodmead offers easy access to major highways",27 Mar 2026,2026-03-27T17:31:00.186055+00:00,to-rent,gauteng,johannesburg-metro,sandton,woodmead
privateproperty,RR4640480,https://www.privateproperty.co.za/to-rent/gauteng/johannesburg-metro/johannesburg-central/johannesburg-cbd/450-52-newgate/108-rahima-moosa/RR4640480,Studio Apartment in Johannesburg CBD,3550.0,Johannesburg Cbd,Johannesburg Central,Gauteng,Apartment,0.5,1.0,,,,,,,,Available Now,"Studio Apartment in Johannesburg CBD, 450-52 Newgate, 108 Rahima Moosa, Convenient Apartments to Rent in Newgate Mall, Johannesburg LIMITED OFFER: FLEXI DEPOSIT OPTIONS AV",27 Mar 2026,2026-03-27T17:31:02.956885+00:00,to-rent,gauteng,johannesburg-metro,johannesburg-central,johannesburg-cbd
privateproperty,RR4640478,https://www.privateproperty.co.za/to-rent/gauteng/johannesburg-metro/sandton/sandton-central/RR4640478,3 Bedroom Penthouse in Sandton Central,27500.0,Sandton Central,Sandton,Gauteng,House,3.0,3.0,3.0,,,,,,1.0,Available Now,"3 Bedroom Penthouse in Sandton Central, 3 Bedroom 3 Bathroom Penthouse In The Heart Of Sandton Offering: Open plan living and dining area K",27 Mar 2026,2026-03-27T17:31:06.182684+00:00,to-rent,gauteng,johannesburg-metro,sandton,sandton-central
privateproperty,RR4640464,https://www.privateproperty.co.za/to-rent/gauteng/johannesburg-metro/sandton/hurlingham/34-stirling-rd-hurlingham/RR4640464,2 Bedroom Apartment in Hurlingham,20000.0,Hurlingham,Sandton,Gauteng,Apartment,2.0,2.0,2.0,,,95.0,,,1.0,,"2 Bedroom Apartment in Hurlingham, 34 Stirling Rd, Hurlingham, Step into this beautifully designed, fully furnished apartment offering a perfect blend of comfort,",27 Mar 2026,2026-03-27T17:31:09.413960+00:00,to-rent,gauteng,johannesburg-metro,sandton,hurlingham
privateproperty,RR4640455,https://www.privateproperty.co.za/to-rent/gauteng/johannesburg-metro/midrand/country-view/b05-u2e-ndlovu-lifestyle-apartments/cnr-lever-rd-olifantsfontein-rd-cnr-lever-rd-olifantsfontein-rd/RR4640455,3 Bedroom Apartment in Country View,11300.0,Country View,Midrand,Gauteng,Apartment,3.0,2.0,4.0,,83.0,,,,,,"3 Bedroom Apartment in Country View, B05-U2E Ndlovu Lifestyle Apartments, Cnr Lever Rd & Olifantsfontein Rd Cnr Lever Rd & Olifantsfontein Rd, Convenient location just off Olifantsfontein Rd FREE uncapped internet access Solar ba",27 Mar 2026,2026-03-27T17:31:13.425608+00:00,to-rent,gauteng,johannesburg-metro,midrand,country-view
privateproperty,RR4640453,https://www.privateproperty.co.za/to-rent/gauteng/johannesburg-metro/sandton/sandown/86-grayston-drive/RR4640453,1 Bedroom Penthouse in Sandown,25000.0,Sandown,Sandton,Gauteng,House,1.0,1.5,1.0,,96.0,,,,1.0,Available Now,"1 Bedroom Penthouse in Sandown, 86 Grayston Drive, Take your lifestyle to new heights with this stunning double-volume loft apartment, perfectly positi",27 Mar 2026,2026-03-27T17:31:17.133730+00:00,to-rent,gauteng,johannesburg-metro,sandton,sandown
privateproperty,RR4640452,https://www.privateproperty.co.za/to-rent/gauteng/johannesburg-metro/sandton/broadacres/RR4640452,2 Bedroom Apartment in Broadacres,22000.0,Broadacres,Sandton,Gauteng,Apartment,2.0,2.0,2.0,,99.0,,,,,Available Now,"2 Bedroom Apartment in Broadacres, Step into this beautifully designed apartment and youre immediately welcomed by a sleek, modern blac",27 Mar 2026,2026-03-27T17:31:20.692650+00:00,to-rent,gauteng,johannesburg-metro,sandton,broadacres
privateproperty,RR4640449,https://www.privateproperty.co.za/to-rent/gauteng/johannesburg-metro/johannesburg-central/johannesburg-cbd/450-50-moray-house/197-rahima-moosa/RR4640449,1 Bedroom Apartment in Johannesburg CBD,3700.0,Johannesburg Cbd,Johannesburg Central,Gauteng,Apartment,1.0,1.0,,,30.0,,,,0.0,Available Now,"1 Bedroom Apartment in Johannesburg CBD, 450-50 Moray House, 197 Rahima Moosa, Affordable Family Apartments to Rent in Johannesburg CBD LIMITED OFFER: FLEXI DEPOSIT OPTION AVAILA",27 Mar 2026,2026-03-27T17:31:23.323493+00:00,to-rent,gauteng,johannesburg-metro,johannesburg-central,johannesburg-cbd
privateproperty,RR4331751,https://www.privateproperty.co.za/to-rent/gauteng/johannesburg-metro/bedfordview/bedfordview/RR4331751,2 Bedroom Apartment in Bedfordview,16000.0,Bedfordview,Bedfordview,Gauteng,Apartment,2.0,1.0,2.0,,82.0,,,,1.0,,"2 Bedroom Apartment in Bedfordview, Stunning Furnished - 2-Bed, 1 Bath Apartment for Rent in the Heart of Bedfordview! Discover the pe",27 Mar 2026,2026-03-27T17:31:27.354507+00:00,to-rent,gauteng,johannesburg-metro,bedfordview,bedfordview
privateproperty,RR4640437,https://www.privateproperty.co.za/to-rent/gauteng/johannesburg-metro/sandton/morningside/RR4640437,2 Bedroom Apartment in Morningside,16000.0,Morningside,Sandton,Gauteng,Apartment,2.0,2.0,2.0,,,,,,1.0,Available Now,"2 Bedroom Apartment in Morningside, Situated in a highly sought-after and secure complex in the heart of Morningside, this beautifully f",27 Mar 2026,2026-03-27T17:31:29.924546+00:00,to-rent,gauteng,johannesburg-metro,sandton,morningside
privateproperty,RR4640419,https://www.privateproperty.co.za/to-rent/gauteng/johannesburg-metro/sandton/fourways/RR4640419,2 Bedroom Apartment in Fourways,10500.0,Fourways,Sandton,Gauteng,Apartment,2.0,1.0,1.0,1.0,,,,,,Available Now,"2 Bedroom Apartment in Fourways, Stunning 2 Bedroom Apartment in the heart of Broadacres. Step into your dream home with bright, mode",27 Mar 2026,2026-03-27T17:31:33.567135+00:00,to-rent,gauteng,johannesburg-metro,sandton,fourways
privateproperty,RR4640412,https://www.privateproperty.co.za/to-rent/gauteng/johannesburg-metro/midrand/carlswald-estate/RR4640412,2 Bedroom Apartment in Carlswald Estate,12500.0,Carlswald Estate,Midrand,Gauteng,Apartment,2.0,2.0,,,,,,,1.0,Available Now,"2 Bedroom Apartment in Carlswald Estate, Discover this stylish 2nd floor unit in the sought-after 50 On Lever complex. Offering: 2 fully fur",27 Mar 2026,2026-03-27T17:31:36.217723+00:00,to-rent,gauteng,johannesburg-metro,midrand,carlswald-estate
privateproperty,RR4640409,https://www.privateproperty.co.za/to-rent/gauteng/johannesburg-metro/midrand/waterfall-estate/RR4640409,2 Bedroom Apartment in Waterfall Estate,22000.0,Waterfall Estate,Midrand,Gauteng,Apartment,2.0,2.0,,,,,,,1.0,Available Now,"2 Bedroom Apartment in Waterfall Estate, The Lake House Welcome to your fully furnished luxurious 2-bedroom 2-bathroom lakeside apartment in",27 Mar 2026,2026-03-27T17:31:39.572333+00:00,to-rent,gauteng,johannesburg-metro,midrand,waterfall-estate
privateproperty,RR4640397,https://www.privateproperty.co.za/to-rent/gauteng/johannesburg-metro/sandton/sandton-central/topaz/12-lower-road/RR4640397,2 Bedroom Apartment in Sandton Central,17000.0,Sandton Central,Sandton,Gauteng,Apartment,2.0,2.0,2.0,,,,,,1.0,Available Now,"2 Bedroom Apartment in Sandton Central, Topaz, 12 Lower road, Fully Furnished 2bed 2bath Apartment to Rent Step into this stylish, fully furnished 2 bedroom, 2 ba",27 Mar 2026,2026-03-27T17:31:42.114218+00:00,to-rent,gauteng,johannesburg-metro,sandton,sandton-central
privateproperty,RR4640392,https://www.privateproperty.co.za/to-rent/gauteng/johannesburg-metro/johannesburg-central/new-doornfontein/450-48-frank-hirsch/352-lilian-ngoyi/RR4640392,1 Bedroom Apartment in New Doornfontein,3600.0,New Doornfontein,Johannesburg Central,Gauteng,Apartment,1.0,1.0,,,29.0,,,,,Available Now,"1 Bedroom Apartment in New Doornfontein, 450-48 Frank & Hirsch, 352 Lilian Ngoyi, Convenient Inner-City Apartments Near End Street Mall LIMITED OFFER: FLEXI DEPOSIT OPTION AVAILABLE",27 Mar 2026,2026-03-27T17:31:45.115306+00:00,to-rent,gauteng,johannesburg-metro,johannesburg-central,new-doornfontein
privateproperty,RR4640385,https://www.privateproperty.co.za/to-rent/gauteng/johannesburg-metro/midrand/clayville/RR4640385,2 Bedroom Apartment in Clayville,8950.0,Clayville,Midrand,Gauteng,Apartment,2.0,1.0,1.0,,56.0,,,,,,"2 Bedroom Apartment in Clayville, Refined Living Starts Here at Seattle Creek Looking for modern living in a secure, well-located est",27 Mar 2026,2026-03-27T17:31:48.315493+00:00,to-rent,gauteng,johannesburg-metro,midrand,clayville
privateproperty,RR4640380,https://www.privateproperty.co.za/to-rent/gauteng/johannesburg-metro/midrand/waterfall-estate/the-polofields/RR4640380,2 Bedroom Apartment in The Polofields,19400.0,Waterfall Estate,Midrand,Gauteng,Apartment,2.0,2.0,,,,,,,1.0,Available Now,"2 Bedroom Apartment in The Polofields, Furnished PENTHOUSE Apartment available END DEC. An oasis of luxury nestled in Johannesburgs exclusi",27 Mar 2026,2026-03-27T17:31:50.947725+00:00,to-rent,gauteng,johannesburg-metro,midrand,waterfall-estate
privateproperty,RR4640377,https://www.privateproperty.co.za/to-rent/gauteng/johannesburg-metro/midrand/carlswald-estate/RR4640377,2 Bedroom Apartment in Carlswald Estate,8950.0,Carlswald Estate,Midrand,Gauteng,Apartment,2.0,1.0,1.0,,56.0,,,,,,"2 Bedroom Apartment in Carlswald Estate, Where Convenience and Contemporary Living Align. Seattle Creek Looking for modern living in a secur",27 Mar 2026,2026-03-27T17:31:54.706916+00:00,to-rent,gauteng,johannesburg-metro,midrand,carlswald-estate
privateproperty,RR4640376,https://www.privateproperty.co.za/to-rent/gauteng/johannesburg-metro/johannesburg-south/turffontein/RR4640376,2 Bedroom Apartment in Turffontein,4500.0,Turffontein,Johannesburg South,Gauteng,Apartment,2.0,1.0,,,,,,,,Available Now,"2 Bedroom Apartment in Turffontein, Spacious 2 Bed Apartments available for rental in Turffontein, situated at 146 Hay Street. Safe and",27 Mar 2026,2026-03-27T17:31:57.670782+00:00,to-rent,gauteng,johannesburg-metro,johannesburg-south,turffontein
privateproperty,RR4640375,https://www.privateproperty.co.za/to-rent/gauteng/johannesburg-metro/sandton/fourways/RR4640375,1 Bedroom Apartment in Fourways,7500.0,Fourways,Sandton,Gauteng,Apartment,1.0,1.0,1.0,,45.0,,,,,Available Now,"1 Bedroom Apartment in Fourways, Nice top-floor 1-bedroom apartment available in Ihita Complex, Fourways. Perfect for a single person",27 Mar 2026,2026-03-27T17:32:01.064598+00:00,to-rent,gauteng,johannesburg-metro,sandton,fourways
privateproperty,RR4640373,https://www.privateproperty.co.za/to-rent/gauteng/johannesburg-metro/midrand/kyalami-ah/treesbank-ah/c-hmla20b-helderfontein-meander-lifestyle-apartments/1-celery-drive/RR4640373,4 Bedroom Apartment in Treesbank AH,16500.0,Kyalami Ah,Midrand,Gauteng,Apartment,4.0,2.0,4.0,,132.0,,,,,Available Now,"4 Bedroom Apartment in Treesbank AH, C-HMLA20B Helderfontein Meander Lifestyle Apartments, 1 Celery Drive, FREE Uncapped Internet Access Load-shedding Solutions Solar Backups for lights and internet,",27 Mar 2026,2026-03-27T17:32:05.198960+00:00,to-rent,gauteng,johannesburg-metro,midrand,kyalami-ah
privateproperty,RR4640362,https://www.privateproperty.co.za/to-rent/gauteng/johannesburg-metro/johannesburg-central/marshalltown/450-47-atkinson-house/28-albert/RR4640362,Studio Apartment in Marshalltown,2300.0,Marshalltown,Johannesburg Central,Gauteng,Apartment,0.5,1.0,,,15.0,,,,,Available Now,"Studio Apartment in Marshalltown, 450-47 Atkinson House, 28 Albert, Affordable Studio Apartments to Rent in Marshalltown LIMITED OFFER: FLEXI DEPOSIT OPTION AVAILABLE",27 Mar 2026,2026-03-27T17:32:07.868427+00:00,to-rent,gauteng,johannesburg-metro,johannesburg-central,marshalltown
privateproperty,RR4060657,https://www.privateproperty.co.za/to-rent/gauteng/johannesburg-metro/rosebank-and-parktown/rosebank/104-the-vantage/20-tyrwhitt-avenue/RR4060657,1 Bedroom Apartment in Rosebank,14000.0,Rosebank,Rosebank And Parktown,Gauteng,Apartment,1.0,1.0,1.0,,49.0,49.0,,,1.0,,"1 Bedroom Apartment in Rosebank, 104 The Vantage, 20 Tyrwhitt Avenue, Fully-furnished, chique and sophisticated one bedroom segmented room at The Vantage. Just bring you",27 Mar 2026,2026-03-27T17:32:10.689633+00:00,to-rent,gauteng,johannesburg-metro,rosebank-and-parktown,rosebank
privateproperty,RR4640355,https://www.privateproperty.co.za/to-rent/gauteng/johannesburg-metro/midrand/noordwyk/RR4640355,2 Bedroom Apartment in Noordwyk,10000.0,Noordwyk,Midrand,Gauteng,Apartment,2.0,1.0,,,,,,,,Available Now,"2 Bedroom Apartment in Noordwyk, I have a 2 bedroom flat to rent in Phoenix Regent Estate 2 complex. The complex is tidy, close to Sa",27 Mar 2026,2026-03-27T17:32:13.507153+00:00,to-rent,gauteng,johannesburg-metro,midrand,noordwyk
privateproperty,RR4640353,https://www.privateproperty.co.za/to-rent/gauteng/johannesburg-metro/johannesburg-central/braamfontein/braamfontein-werf/RR4640353,1 Bedroom Apartment in Braamfontein Werf,5650.0,Braamfontein,Johannesburg Central,Gauteng,Apartment,1.0,1.0,,,,,,,,Available Now,"1 Bedroom Apartment in Braamfontein Werf, This newly renovated bachelor apartment is ideally located in the sought-after Braamfontein Werf are",27 Mar 2026,2026-03-27T17:32:16.012322+00:00,to-rent,gauteng,johannesburg-metro,johannesburg-central,braamfontein
privateproperty,RR4640352,https://www.privateproperty.co.za/to-rent/gauteng/johannesburg-metro/midrand/erand-gardens/888nd-erand-court/1-vodacom-boulevard/RR4640352,1 Bedroom Apartment in Erand Gardens,6500.0,Erand Gardens,Midrand,Gauteng,Apartment,1.0,1.0,1.0,,,,,,,,"1 Bedroom Apartment in Erand Gardens, 888ND Erand Court, 1 Vodacom Boulevard, Discover comfortable living in this neat and well-maintained 1-bedroom apartment, perfect for a sing",27 Mar 2026,2026-03-27T17:32:20.130719+00:00,to-rent,gauteng,johannesburg-metro,midrand,erand-gardens
privateproperty,RR4640348,https://www.privateproperty.co.za/to-rent/gauteng/johannesburg-metro/midrand/summerset/888nd-rosa-royale/1-olea-road/RR4640348,2 Bedroom Apartment in Summerset,9500.0,Summerset,Midrand,Gauteng,Apartment,2.0,1.0,1.0,,,,,,,,"2 Bedroom Apartment in Summerset, 888ND Rosa Royale, 1 Olea Road, Step into this stylish and well-maintained top-floor apartment, offering the perfect blend of comfor",27 Mar 2026,2026-03-27T17:32:23.010233+00:00,to-rent,gauteng,johannesburg-metro,midrand,summerset
privateproperty,RR4640347,https://www.privateproperty.co.za/to-rent/gauteng/johannesburg-metro/sandton/bryanston/RR4640347,1 Bedroom Apartment in Bryanston,9200.0,Bryanston,Sandton,Gauteng,Apartment,1.0,1.0,1.0,,,,,,,,"1 Bedroom Apartment in Bryanston, One Bed One Bath Garden Apartment, Located in Beluga, Ormonde Street, Bryanston. Available1 April 20",27 Mar 2026,2026-03-27T17:32:26.991977+00:00,to-rent,gauteng,johannesburg-metro,sandton,bryanston
privateproperty,RR4640345,https://www.privateproperty.co.za/to-rent/gauteng/johannesburg-metro/johannesburg-central/new-doornfontein/450-46-platinum-place/38-van-beek/RR4640345,Studio Apartment in New Doornfontein,2300.0,New Doornfontein,Johannesburg Central,Gauteng,Apartment,0.5,1.0,,,15.0,,,,,Available Now,"Studio Apartment in New Doornfontein, 450-46 Platinum Place, 38 Van Beek, Modern Studio Apartments to Rent Near Maboneng LIMITED OFFER: DEPOSIT WAVER| FLEXI DEPOSIT OPTION A",27 Mar 2026,2026-03-27T17:32:29.789858+00:00,to-rent,gauteng,johannesburg-metro,johannesburg-central,new-doornfontein
privateproperty,RR3660671,https://www.privateproperty.co.za/to-rent/gauteng/johannesburg-metro/midrand/summerset/1611-rosa-royale/17-olea-road/RR3660671,2 Bedroom Apartment in Summerset,9500.0,Summerset,Midrand,Gauteng,Apartment,2.0,1.0,1.0,,81.0,,,,,,"2 Bedroom Apartment in Summerset, 1611 Rosa Royale, 17 Olea Road, Step into this stylish and well-maintained top-floor apartment, offering the perfect blend of comfor",27 Mar 2026,2026-03-27T17:32:32.483099+00:00,to-rent,gauteng,johannesburg-metro,midrand,summerset
privateproperty,RR4640330,https://www.privateproperty.co.za/to-rent/gauteng/johannesburg-metro/sandton/sandown/RR4640330,3 Bedroom Apartment in Sandown,27500.0,Sandown,Sandton,Gauteng,Apartment,3.0,3.0,3.0,,175.0,,,,1.0,,"3 Bedroom Apartment in Sandown, This spacious two-level unit offers three bedrooms and three bathrooms. The layout is thoughtfully d",27 Mar 2026,2026-03-27T17:32:35.197823+00:00,to-rent,gauteng,johannesburg-metro,sandton,sandown
privateproperty,RR4640315,https://www.privateproperty.co.za/to-rent/gauteng/johannesburg-metro/johannesburg-central/braamfontein/RR4640315,1 Bedroom Apartment in Braamfontein,6500.0,Braamfontein,Johannesburg Central,Gauteng,Apartment,1.0,1.0,,,,,,,1.0,Available Now,"1 Bedroom Apartment in Braamfontein, Neat and well-maintained bachelor unit available at Broadway Apartments in the heart of Braamfontein",27 Mar 2026,2026-03-27T17:32:50.787171+00:00,to-rent,gauteng,johannesburg-metro,johannesburg-central,braamfontein
privateproperty,RR4631965,https://www.privateproperty.co.za/to-rent/gauteng/johannesburg-metro/johannesburg-central/yeoville/112-la-plagne/13-hopkins/RR4631965,1 Bedroom Flat in Yeoville,4500.0,Yeoville,Johannesburg Central,Gauteng,Apartment,1.0,1.0,,,49.0,,,,,,"1 Bedroom Flat in Yeoville, 112 La Plagne, 13 Hopkins, One Tiled Bedroom flat with en-suite lounge and kitchen available for rental effective from 01 April",27 Mar 2026,2026-03-27T17:32:54.723171+00:00,to-rent,gauteng,johannesburg-metro,johannesburg-central,yeoville
privateproperty,RR4640312,https://www.privateproperty.co.za/to-rent/gauteng/johannesburg-metro/sandton/linbro-park/RR4640312,1 Bedroom Apartment in Linbro Park,8000.0,Linbro Park,Sandton,Gauteng,Apartment,1.0,1.0,1.0,,,,,,1.0,Available Now,"1 Bedroom Apartment in Linbro Park, Fully furnished option is R10 000.00 per month. Without furniture is R8000.00 per month. Modern one",27 Mar 2026,2026-03-27T17:32:58.750833+00:00,to-rent,gauteng,johannesburg-metro,sandton,linbro-park
privateproperty,RR4640308,https://www.privateproperty.co.za/to-rent/gauteng/johannesburg-metro/johannesburg-central/marshalltown/01-vilakazi-co-living/24-eloff-street/RR4640308,1 Bedroom Apartment in Marshalltown,2550.0,Marshalltown,Johannesburg Central,Gauteng,Apartment,1.0,1.0,,,,,,,,Available Now,"1 Bedroom Apartment in Marshalltown, 1 Vilakazi Co Living, 24 Eloff Street, Affordable Rooms with Shared Kitchen and Bathrooms Welcome to Vilakazi Co-Living Spaces, convenientl",27 Mar 2026,2026-03-27T17:33:01.755654+00:00,to-rent,gauteng,johannesburg-metro,johannesburg-central,marshalltown
privateproperty,RR4640303,https://www.privateproperty.co.za/to-rent/gauteng/johannesburg-metro/johannesburg-south/mulbarton/RR4640303,2 Bedroom Apartment in Mulbarton,11200.0,Mulbarton,Johannesburg South,Gauteng,Apartment,2.0,2.0,2.0,,,,,,,,"2 Bedroom Apartment in Mulbarton, Live the Thaba lifestyle Experience comfortable estate living in this beautifully designed 2-bedroo",27 Mar 2026,2026-03-27T17:33:05.682201+00:00,to-rent,gauteng,johannesburg-metro,johannesburg-south,mulbarton
privateproperty,RR4640295,https://www.privateproperty.co.za/to-rent/gauteng/johannesburg-metro/midrand/kyalami/c-hmla19e-helderfontein-meander-lifestyle-apartments/1-celery-drive/RR4640295,2 Bedroom Apartment in Kyalami,11600.0,Kyalami,Midrand,Gauteng,Apartment,2.0,2.0,4.0,,91.0,,,,,Available Now,"2 Bedroom Apartment in Kyalami, C-HMLA19E Helderfontein Meander Lifestyle Apartments, 1 Celery Drive, FREE Uncapped Internet Access Load-shedding Solutions Solar Backups for lights and internet,",27 Mar 2026,2026-03-27T17:33:09.966287+00:00,to-rent,gauteng,johannesburg-metro,midrand,kyalami
privateproperty,RR4640283,https://www.privateproperty.co.za/to-rent/gauteng/johannesburg-metro/rosebank-and-parktown/rosebank/RR4640283,Studio Apartment in Rosebank,16000.0,Rosebank,Rosebank And Parktown,Gauteng,Apartment,0.05,1.0,1.0,1.0,35.0,,,,1.0,,"Studio Apartment in Rosebank, BE ONE OF THE FIRST TO OCCUPY THIS STUPENDOUS FULLY FURNISHED STUDIO APARTMENT IN THIS NEW DEVELOPEM",27 Mar 2026,2026-03-27T17:33:13.618119+00:00,to-rent,gauteng,johannesburg-metro,rosebank-and-parktown,rosebank
privateproperty,RR4640275,https://www.privateproperty.co.za/to-rent/gauteng/johannesburg-metro/sandton/rivonia/3120-the-link/16-11th-avenue/RR4640275,2 Bedroom Apartment in Rivonia,10700.0,Rivonia,Sandton,Gauteng,Apartment,2.0,2.0,2.0,,,,,,,,"2 Bedroom Apartment in Rivonia, 3120 The Link, 16 11th Avenue, Stunning 2 bedroom 2 bathroom First floor apartment in a secured complex named The Link in Rivonia.",27 Mar 2026,2026-03-27T17:33:16.299651+00:00,to-rent,gauteng,johannesburg-metro,sandton,rivonia
privateproperty,RR4640261,https://www.privateproperty.co.za/to-rent/gauteng/johannesburg-metro/midrand/barbeque-downs/RR4640261,2 Bedroom Apartment in Barbeque Downs,10500.0,Barbeque Downs,Midrand,Gauteng,Apartment,2.0,1.0,2.0,,69.0,,,,,,"2 Bedroom Apartment in Barbeque Downs, Discover Your Perfect Home in Barbeque Downs, Midrand! Welcome to your new sanctuary! Nestled in th",27 Mar 2026,2026-03-27T17:33:20.358430+00:00,to-rent,gauteng,johannesburg-metro,midrand,barbeque-downs
privateproperty,RR4640255,https://www.privateproperty.co.za/to-rent/gauteng/johannesburg-metro/bedfordview/bedfordview/RR4640255,1 Bedroom Apartment in Bedfordview,8500.0,Bedfordview,Bedfordview,Gauteng,Apartment,1.0,1.0,1.0,,37.0,,,,1.0,,"1 Bedroom Apartment in Bedfordview, Welcome to BlackBrick Bedfordview a bold, contemporary development in the heart of Bedfordview, one",27 Mar 2026,2026-03-27T17:33:24.076716+00:00,to-rent,gauteng,johannesburg-metro,bedfordview,bedfordview
privateproperty,RR4640251,https://www.privateproperty.co.za/to-rent/gauteng/johannesburg-metro/sandton/morningside/RR4640251,2 Bedroom Apartment in Morningside,48500.0,Morningside,Sandton,Gauteng,Apartment,1.0,2.5,,,162.0,,,,1.0,,"2 Bedroom Apartment in Morningside, LUXURY 2 BEDROOM FULLY FURNISHED CORNER UNIT Experience elevated living from this stunning corner",27 Mar 2026,2026-03-27T17:33:27.966353+00:00,to-rent,gauteng,johannesburg-metro,sandton,morningside
privateproperty,RR4640239,https://www.privateproperty.co.za/to-rent/gauteng/johannesburg-metro/bedfordview/bedfordview/RR4640239,Studio Apartment in Bedfordview,7500.0,Bedfordview,Bedfordview,Gauteng,Apartment,0.5,1.0,1.0,,36.0,,,,1.0,Available Now,"Studio Apartment in Bedfordview, Welcome to BlackBrick Bedfordview a bold, modern development set in the heart of Bedfordview, one o",27 Mar 2026,2026-03-27T17:33:31.815609+00:00,to-rent,gauteng,johannesburg-metro,bedfordview,bedfordview
privateproperty,RR4640234,https://www.privateproperty.co.za/to-rent/gauteng/johannesburg-metro/bedfordview/bedfordview/RR4640234,Studio Apartment in Bedfordview,7000.0,Bedfordview,Bedfordview,Gauteng,Apartment,0.5,1.0,1.0,,24.0,,,,,Available Now,"Studio Apartment in Bedfordview, Welcome to BlackBrick Bedfordview a bold, modern development set in the heart of Bedfordview, one o",27 Mar 2026,2026-03-27T17:33:35.456521+00:00,to-rent,gauteng,johannesburg-metro,bedfordview,bedfordview
privateproperty,RR4288414,https://www.privateproperty.co.za/to-rent/gauteng/johannesburg-metro/sandton/rivonia/4010-the-link/16-11th-avenue/RR4288414,1 Bedroom Apartment in Rivonia,7500.0,Rivonia,Sandton,Gauteng,Apartment,1.0,1.0,1.0,,44.0,44.0,,,,,"1 Bedroom Apartment in Rivonia, 4010 The Link, 16 11th Avenue, Spacious 1 bedroom 1 bathroom shower in the bath on the ground floor with 1 x Basement parking. Op",27 Mar 2026,2026-03-27T17:33:39.512730+00:00,to-rent,gauteng,johannesburg-metro,sandton,rivonia
privateproperty,RR4640228,https://www.privateproperty.co.za/to-rent/gauteng/johannesburg-metro/midrand/waterfall-estate/RR4640228,3 Bedroom Apartment in Waterfall Estate,32500.0,Waterfall Estate,Midrand,Gauteng,Apartment,3.0,2.0,4.0,,,,,,1.0,,"3 Bedroom Apartment in Waterfall Estate, Be the first Living in this amazing luxury brand new full furnished apartment with air-condition...",27 Mar 2026,2026-03-27T17:33:42.795969+00:00,to-rent,gauteng,johannesburg-metro,midrand,waterfall-estate
privateproperty,RR4640229,https://www.privateproperty.co.za/to-rent/gauteng/johannesburg-metro/sandton/bryanston/22-kilkullen-estate/32-witney-street/RR4640229,2 Bedroom Apartment in Bryanston,12500.0,Bryanston,Sandton,Gauteng,Apartment,2.0,1.0,2.0,,100.0,,,,,,"2 Bedroom Apartment in Bryanston, 22 Kilkullen Estate, 32 Witney street, Elegant 2 bedroom apartment in prime Bryanston location Sophisticated Two-Bedroom Apartment in Brya",27 Mar 2026,2026-03-27T17:33:46.773366+00:00,to-rent,gauteng,johannesburg-metro,sandton,bryanston
privateproperty,RR1302705,https://www.privateproperty.co.za/to-rent/gauteng/johannesburg-metro/sandton/bryanston/RR1302705,1 Bedroom Apartment in Bryanston,8600.0,Bryanston,Sandton,Gauteng,Apartment,1.0,1.0,2.0,,60.6,,,,,,"1 Bedroom Apartment in Bryanston, One bedroom apartment in the heart of Bryanston. The apartment comes with free appliances including",27 Mar 2026,2026-03-27T17:33:49.797931+00:00,to-rent,gauteng,johannesburg-metro,sandton,bryanston
privateproperty,RR4640217,https://www.privateproperty.co.za/to-rent/gauteng/johannesburg-metro/sandton/sunninghill/6-tudor-rose-lodge/5-tana-road/RR4640217,2 Bedroom Apartment in Sunninghill,10000.0,Sunninghill,Sandton,Gauteng,Apartment,2.0,2.0,1.0,,72.0,,,,,,"2 Bedroom Apartment in Sunninghill, 6 Tudor Rose Lodge, 5 Tana Road, 2 bed 2 bath apartment. Very neat 2 bed apartment available in Sunninghill. Open plan kitchen and l",27 Mar 2026,2026-03-27T17:33:52.468886+00:00,to-rent,gauteng,johannesburg-metro,sandton,sunninghill
privateproperty,RR4084514,https://www.privateproperty.co.za/to-rent/gauteng/johannesburg-metro/johannesburg-south/ormonde/booysens/RR4084514,2 Bedroom Apartment in Booysens,3800.0,Ormonde,Johannesburg South,Gauteng,Apartment,2.0,1.0,1.0,,,,,,,Available Now,"2 Bedroom Apartment in Booysens, Spacious 2 bedroom apartment in Booysens. boasts 2 well sized bedrooms with built in cupboards ,ope",27 Mar 2026,2026-03-27T17:33:55.738577+00:00,to-rent,gauteng,johannesburg-metro,johannesburg-south,ormonde
privateproperty,RR4640193,https://www.privateproperty.co.za/to-rent/gauteng/johannesburg-metro/midrand/blue-hills/12-bluelake-estate/2-kilimanjaro-clos/RR4640193,2 Bedroom Apartment in Blue Hills,16999.0,Blue Hills,Midrand,Gauteng,Apartment,2.0,2.0,1.0,,,,,,1.0,Available Now,"2 Bedroom Apartment in Blue Hills, 12 Bluelake estate, 2 Kilimanjaro Clos, Fully furnished 2-bedroom apartment Lake-facing unit with scenic views 2 Bedrooms with beds & built-",27 Mar 2026,2026-03-27T17:33:59.193357+00:00,to-rent,gauteng,johannesburg-metro,midrand,blue-hills
privateproperty,RR4640185,https://www.privateproperty.co.za/to-rent/gauteng/johannesburg-metro/midrand/grand-central/0-92-on-new/92-new-rd/RR4640185,2 Bedroom Apartment in Grand Central,15999.0,Grand Central,Midrand,Gauteng,Apartment,2.0,1.0,,,,,,,1.0,,"2 Bedroom Apartment in Grand Central, 92 on New, 92 New Rd, fully furnished unit 2 Bedrooms with beds & built-in cupboards 1 Full bathroom bath & shower Open-pl",27 Mar 2026,2026-03-27T17:34:02.423396+00:00,to-rent,gauteng,johannesburg-metro,midrand,grand-central
privateproperty,RR4640178,https://www.privateproperty.co.za/to-rent/gauteng/johannesburg-metro/sandton/broadacres/2-soho-junction/4-poplar-ave/RR4640178,2 Bedroom Apartment in Broadacres,9999.0,Broadacres,Sandton,Gauteng,Apartment,2.0,1.0,1.0,,,,,,,Available Now,"2 Bedroom Apartment in Broadacres, 2 SoHo Junction, 4 Poplar Ave, 2 Bedrooms with built-in cupboards 1 Full bathroom bath & shower Open-plan kitchen and lounge Privat",27 Mar 2026,2026-03-27T17:34:06.580067+00:00,to-rent,gauteng,johannesburg-metro,sandton,broadacres
privateproperty,RR4640168,https://www.privateproperty.co.za/to-rent/gauteng/johannesburg-metro/johannesburg-central/braamfontein/RR4640168,1 Bedroom Apartment in Braamfontein,9500.0,Braamfontein,Johannesburg Central,Gauteng,Apartment,1.0,1.0,,,,,,,,Available Now,"1 Bedroom Apartment in Braamfontein, Modern and spacious 1-bedroom apartment with a versatile loft space, ideal for a home office, second",27 Mar 2026,2026-03-27T17:34:09.660673+00:00,to-rent,gauteng,johannesburg-metro,johannesburg-central,braamfontein
privateproperty,RR4640157,https://www.privateproperty.co.za/to-rent/gauteng/johannesburg-metro/midrand/waterfall-estate/RR4640157,3 Bedroom Apartment in Waterfall Estate,24000.0,Waterfall Estate,Midrand,Gauteng,Apartment,3.0,2.0,,,114.0,,,,1.0,Available Now,"3 Bedroom Apartment in Waterfall Estate, Discover an unparalleled living experience in the heart of Waterfall with this stunning First Floor",26 Mar 2026,2026-03-27T17:34:12.866683+00:00,to-rent,gauteng,johannesburg-metro,midrand,waterfall-estate
privateproperty,RR4640144,https://www.privateproperty.co.za/to-rent/gauteng/johannesburg-metro/sandton/edenburg/894-cube/01-de-laray/RR4640144,2 Bedroom Apartment in Edenburg,12500.0,Edenburg,Sandton,Gauteng,Apartment,2.0,2.0,,,88.0,88.0,,,,,"2 Bedroom Apartment in Edenburg, 894 Cube, 1 De laray, Prime Rivonia North Living Awaits You! Discover the perfect blend of modern comfort and unrivalled c",26 Mar 2026,2026-03-27T17:34:15.662199+00:00,to-rent,gauteng,johannesburg-metro,sandton,edenburg
privateproperty,RR4640139,https://www.privateproperty.co.za/to-rent/gauteng/johannesburg-metro/midrand/noordwyk/13-cypress/1660-cypress/RR4640139,1 Bedroom Apartment in Noordwyk,4000.0,Noordwyk,Midrand,Gauteng,Apartment,1.0,1.0,,,20.0,,,,,,"1 Bedroom Apartment in Noordwyk, 13 Cypress, 1660 Cypress, Make Sharing The Thing Of The Past You don''t need to share anymore. You can have your own space w",26 Mar 2026,2026-03-27T17:34:18.259129+00:00,to-rent,gauteng,johannesburg-metro,midrand,noordwyk
privateproperty,RR4640137,https://www.privateproperty.co.za/to-rent/gauteng/johannesburg-metro/sandton/beverley/RR4640137,2 Bedroom Apartment in Beverley,13000.0,Beverley,Sandton,Gauteng,Apartment,2.0,2.0,2.0,2.0,135.0,,,,,,"2 Bedroom Apartment in Beverley, Rent a Stylish 2-Bedroom Apartment with Resort-Style Amenities Experience the perfect blend of mod",26 Mar 2026,2026-03-27T17:34:21.074877+00:00,to-rent,gauteng,johannesburg-metro,sandton,beverley
privateproperty,RR4640116,https://www.privateproperty.co.za/to-rent/gauteng/johannesburg-metro/sandton/bryanston/RR4640116,3 Bedroom Apartment in Bryanston,13500.0,Bryanston,Sandton,Gauteng,Apartment,3.0,2.0,,,105.0,,,,,,"3 Bedroom Apartment in Bryanston, 3 BED 2 BATH MODERN APARTMENT FOR RENT IN BRYANSTON!! As you walk through the door, you are greete",26 Mar 2026,2026-03-27T17:34:24.354033+00:00,to-rent,gauteng,johannesburg-metro,sandton,bryanston
privateproperty,RR4640115,https://www.privateproperty.co.za/to-rent/gauteng/johannesburg-metro/johannesburg-south/ormonde/RR4640115,1 Bedroom Apartment in Ormonde,2900.0,Ormonde,Johannesburg South,Gauteng,Apartment,1.0,1.5,,,,,,,,,"1 Bedroom Apartment in Ormonde, LADIES COMMUNE SAFE, PEACEFUL & WELL-LOCATED Looking for a secure and comfortable space to call ho",26 Mar 2026,2026-03-27T17:34:28.417171+00:00,to-rent,gauteng,johannesburg-metro,johannesburg-south,ormonde
privateproperty,RR4533786,https://www.privateproperty.co.za/to-rent/gauteng/johannesburg-metro/sandton/fourways/RR4533786,1 Bedroom Apartment in Fourways,7200.0,Fourways,Sandton,Gauteng,Apartment,1.0,1.0,1.0,,,,,,,Available Now,"1 Bedroom Apartment in Fourways, Modern 1-Bed Apartment in The William, Fourways Experience upmarket lifestyle living in this stunni",26 Mar 2026,2026-03-27T17:34:33.051727+00:00,to-rent,gauteng,johannesburg-metro,sandton,fourways
privateproperty,RR4640114,https://www.privateproperty.co.za/to-rent/gauteng/johannesburg-metro/midrand/noordwyk/RR4640114,2 Bedroom Apartment in Noordwyk,8500.0,Noordwyk,Midrand,Gauteng,Apartment,2.0,1.0,1.0,,,,,,,,"2 Bedroom Apartment in Noordwyk, This immaculate unit is a second floor apartment located in Phoenix Regent Estate 1. Phoenix Regent",26 Mar 2026,2026-03-27T17:34:36.736316+00:00,to-rent,gauteng,johannesburg-metro,midrand,noordwyk
privateproperty,RR4640072,https://www.privateproperty.co.za/to-rent/gauteng/johannesburg-metro/midrand/waterfall-estate/10-jukskei-heights-ext3/RR4640072,3 Bedroom Apartment in Waterfall Estate,25000.0,Waterfall Estate,Midrand,Gauteng,Apartment,2.0,2.0,2.0,,110.0,,,,1.0,Available Now,"3 Bedroom Apartment in Waterfall Estate, 10 Jukskei Heights Ext3,, Modern 3-Bedroom, 2-Bathroom Fully Furnished First-Floor Apartment with New Furniture at The Polofie",26 Mar 2026,2026-03-27T17:34:40.041339+00:00,to-rent,gauteng,johannesburg-metro,midrand,waterfall-estate
privateproperty,RR4640002,https://www.privateproperty.co.za/to-rent/gauteng/johannesburg-metro/johannesburg-south/forest-hill/RR4640002,3 Bedroom Apartment in Forest Hill,5500.0,Forest Hill,Johannesburg South,Gauteng,Apartment,3.0,1.0,,,,,,,,Available Now,"3 Bedroom Apartment in Forest Hill, Newly renovated 3 Bedroom Apartment situated at 51 Forest Street, Forest Hill. Building is safe, se",26 Mar 2026,2026-03-27T17:34:43.387823+00:00,to-rent,gauteng,johannesburg-metro,johannesburg-south,forest-hill
privateproperty,RR4639981,https://www.privateproperty.co.za/to-rent/gauteng/johannesburg-metro/rosebank-and-parktown/waverley/RR4639981,2 Bedroom Apartment in Waverley,11800.0,Waverley,Rosebank And Parktown,Gauteng,Apartment,2.0,2.0,2.0,,,,,,0.0,Available 1 May 2026,"2 Bedroom Apartment in Waverley, Modern Comfort in Waverley: Your New 2 Bed, 2 Bath unfurnished Haven Awaits you Experience the Perf",26 Mar 2026,2026-03-27T17:34:46.809357+00:00,to-rent,gauteng,johannesburg-metro,rosebank-and-parktown,waverley
privateproperty,RR4639969,https://www.privateproperty.co.za/to-rent/gauteng/johannesburg-metro/sandton/lonehill/RR4639969,1 Bedroom Apartment in Lonehill,7800.0,Lonehill,Sandton,Gauteng,Apartment,1.0,1.0,2.0,,57.0,1.0,,,,,"1 Bedroom Apartment in Lonehill, This unit is a neat one bedroom unit with great privacy Covered balcony looking out onto mature tre",26 Mar 2026,2026-03-27T17:34:51.049875+00:00,to-rent,gauteng,johannesburg-metro,sandton,lonehill
privateproperty,RR4639961,https://www.privateproperty.co.za/to-rent/gauteng/johannesburg-metro/sandton/broadacres/30-cedar-avenue-west/RR4639961,2 Bedroom Apartment in Broadacres,11000.0,Broadacres,Sandton,Gauteng,Apartment,2.0,2.0,1.0,,78.0,,,,,,"2 Bedroom Apartment in Broadacres, 30 Cedar Avenue West, Beautiful 2 Bedroom, 2 Bathroom, 1st Floor Apartment in Secure Complex Plum Realty is proud to offer",26 Mar 2026,2026-03-27T17:34:54.705720+00:00,to-rent,gauteng,johannesburg-metro,sandton,broadacres
privateproperty,RR4639962,https://www.privateproperty.co.za/to-rent/gauteng/johannesburg-metro/sandton/dainfern/RR4639962,1 Bedroom Apartment in Dainfern,7500.0,Dainfern,Sandton,Gauteng,Apartment,1.0,1.0,1.0,,50.0,50.0,,,,,"1 Bedroom Apartment in Dainfern, Middle Floor | Private Balcony | Ultimate Convenience Experience contemporary living in one of Dain",26 Mar 2026,2026-03-27T17:34:58.387886+00:00,to-rent,gauteng,johannesburg-metro,sandton,dainfern
privateproperty,RR4639946,https://www.privateproperty.co.za/to-rent/gauteng/johannesburg-metro/sandton/sandown/124-ss-the-capital-on-the-park/101-katherine-street/RR4639946,2 Bedroom Apartment in Sandown,24000.0,Sandown,Sandton,Gauteng,Apartment,2.0,2.0,2.0,,79.0,,,,1.0,Available Now,"2 Bedroom Apartment in Sandown, 124 SS THE CAPITAL ON THE PARK, 101 Katherine Street, Come and view this stunning 2 bed, 2 bath in Capital on Park Sandown. Situated on the 1st Floor th",26 Mar 2026,2026-03-27T17:35:02.013963+00:00,to-rent,gauteng,johannesburg-metro,sandton,sandown
privateproperty,RR4639943,https://www.privateproperty.co.za/to-rent/gauteng/johannesburg-metro/sandton/hyde-park/RR4639943,2 Bedroom Apartment in Hyde Park,20000.0,Hyde Park,Sandton,Gauteng,Apartment,2.0,2.0,2.0,,77.0,,,,,,"2 Bedroom Apartment in Hyde Park, A distinctive development ideally positioned in the sought-after and affluent suburb of Hyde Park.",26 Mar 2026,2026-03-27T17:35:05.424184+00:00,to-rent,gauteng,johannesburg-metro,sandton,hyde-park
privateproperty,RR4639934,https://www.privateproperty.co.za/to-rent/gauteng/johannesburg-metro/midrand/noordwyk/m437-phoenix-view/14th-road/RR4639934,2 Bedroom Apartment in Noordwyk,8900.0,Noordwyk,Midrand,Gauteng,Apartment,2.0,1.0,2.0,,,,,,,,"2 Bedroom Apartment in Noordwyk, M437 Phoenix View, 14th Road, This well-maintained 2-bedroom apartment is located in the secure and sought-after Phoenix View comp",26 Mar 2026,2026-03-27T17:35:09.029635+00:00,to-rent,gauteng,johannesburg-metro,midrand,noordwyk
privateproperty,RR4639928,https://www.privateproperty.co.za/to-rent/gauteng/johannesburg-metro/sandton/illovo/1229-circa-illovo/21-chaplin-road/RR4639928,1 Bedroom Apartment in Illovo,9275.0,Illovo,Sandton,Gauteng,Apartment,1.0,1.0,1.0,1.0,38.0,,,,,Available Now,"1 Bedroom Apartment in Illovo, 1229 Circa-Illovo, 21 Chaplin Road, Circa Illovo Live Exceptionally in the Heart of Sandton LIMITED-TIME LAUNCH SPECIAL Get Your First",26 Mar 2026,2026-03-27T17:35:25.300388+00:00,to-rent,gauteng,johannesburg-metro,sandton,illovo
privateproperty,RR4639926,https://www.privateproperty.co.za/to-rent/gauteng/johannesburg-metro/johannesburg-central/sandringham/RR4639926,3 Bedroom Apartment in Sandringham,24000.0,Sandringham,Johannesburg Central,Gauteng,Apartment,3.0,2.0,2.0,,123.0,,,,,,"3 Bedroom Apartment in Sandringham, Move-in ready apartment in Brookfield with full back up water and electricity. Open-plan kitchen an",26 Mar 2026,2026-03-27T17:35:28.867830+00:00,to-rent,gauteng,johannesburg-metro,johannesburg-central,sandringham
privateproperty,RR4639907,https://www.privateproperty.co.za/to-rent/gauteng/johannesburg-metro/sandton/linbro-park/RR4639907,3 Bedroom Apartment in Linbro Park,15500.0,Linbro Park,Sandton,Gauteng,Apartment,3.0,2.0,2.0,,,,,,,,"3 Bedroom Apartment in Linbro Park, 3-Bedroom Apartment Available - THE REID ESTATE Modern 3-Bedroom Home in Secure Linbro Park Estate",26 Mar 2026,2026-03-27T17:35:31.604103+00:00,to-rent,gauteng,johannesburg-metro,sandton,linbro-park
privateproperty,RR4639904,https://www.privateproperty.co.za/to-rent/gauteng/johannesburg-metro/rosebank-and-parktown/craighall/RR4639904,1 Bedroom Apartment in Craighall,10000.0,Craighall,Rosebank And Parktown,Gauteng,Apartment,1.0,1.0,1.0,,,,,,,,"1 Bedroom Apartment in Craighall, Modern, Ground Floor 1 bed 1 full bathroom upmarket apartment in sought after residential area. St",26 Mar 2026,2026-03-27T17:35:35.532545+00:00,to-rent,gauteng,johannesburg-metro,rosebank-and-parktown,craighall
privateproperty,RR4639887,https://www.privateproperty.co.za/to-rent/gauteng/johannesburg-metro/sandton/hyde-park/RR4639887,2 Bedroom Apartment in Hyde Park,22000.0,Hyde Park,Sandton,Gauteng,Apartment,2.0,2.0,2.0,,,,,,1.0,Available Now,"2 Bedroom Apartment in Hyde Park, Fully Furnished Executive 2 Bedroom 2 bathroom Apartment Luxurious unit in a Newly Developed comple",26 Mar 2026,2026-03-27T17:35:39.940564+00:00,to-rent,gauteng,johannesburg-metro,sandton,hyde-park
privateproperty,RR4639884,https://www.privateproperty.co.za/to-rent/gauteng/johannesburg-metro/sandton/fourways/RR4639884,Studio Apartment in Fourways,6700.0,Fourways,Sandton,Gauteng,Apartment,0.5,1.0,,,,,,,,Available Now,"Studio Apartment in Fourways, Ground Floor Studio Apartment To Let Sunset Boulevard, Fourways This charming ground floor studio",26 Mar 2026,2026-03-27T17:35:43.757253+00:00,to-rent,gauteng,johannesburg-metro,sandton,fourways
privateproperty,RR4639880,https://www.privateproperty.co.za/to-rent/gauteng/johannesburg-metro/rosebank-and-parktown/rosebank/RR4639880,2 Bedroom Apartment in Rosebank,22000.0,Rosebank,Rosebank And Parktown,Gauteng,Apartment,2.0,2.0,2.0,,,,,,1.0,Available Now,"2 Bedroom Apartment in Rosebank, Fully Furnished Executive 2 Bedroom 2 bathroom Apartment Luxurious unit in a Newly Developed comple",26 Mar 2026,2026-03-27T17:35:46.807847+00:00,to-rent,gauteng,johannesburg-metro,rosebank-and-parktown,rosebank
privateproperty,RR4639878,https://www.privateproperty.co.za/to-rent/gauteng/johannesburg-metro/johannesburg-central/braamfontein/RR4639878,1 Bedroom Apartment in Braamfontein,9000.0,Braamfontein,Johannesburg Central,Gauteng,Apartment,1.0,1.0,,,,,,,,Available Now,"1 Bedroom Apartment in Braamfontein, Modern and spacious 1-bedroom apartment with a versatile loft space, ideal for a home office, second",26 Mar 2026,2026-03-27T17:35:50.219009+00:00,to-rent,gauteng,johannesburg-metro,johannesburg-central,braamfontein
privateproperty,RR4639874,https://www.privateproperty.co.za/to-rent/gauteng/johannesburg-metro/rosebank-and-parktown/rosebank/RR4639874,2 Bedroom Apartment in Rosebank,22500.0,Rosebank,Rosebank And Parktown,Gauteng,Apartment,2.0,2.0,2.0,,,,,,1.0,Available Now,"2 Bedroom Apartment in Rosebank, Fully Furnished Executive 2 Bedroom 2 bathroom Apartment Luxurious unit in a Newly Developed comple",26 Mar 2026,2026-03-27T17:35:53.016587+00:00,to-rent,gauteng,johannesburg-metro,rosebank-and-parktown,rosebank
privateproperty,RR4639868,https://www.privateproperty.co.za/to-rent/gauteng/johannesburg-metro/sandton/hyde-park/RR4639868,2 Bedroom Apartment in Hyde Park,22000.0,Hyde Park,Sandton,Gauteng,Apartment,2.0,2.0,2.0,,,,,,1.0,Available Now,"2 Bedroom Apartment in Hyde Park, Fully Furnished Executive 2 Bedroom 2 bathroom Apartment Luxurious unit in a Newly Developed comple",26 Mar 2026,2026-03-27T17:35:56.141765+00:00,to-rent,gauteng,johannesburg-metro,sandton,hyde-park
privateproperty,RR4639863,https://www.privateproperty.co.za/to-rent/gauteng/johannesburg-metro/sandton/hyde-park/RR4639863,2 Bedroom Apartment in Hyde Park,23000.0,Hyde Park,Sandton,Gauteng,Apartment,2.0,2.0,2.0,,,,,,1.0,Available Now,"2 Bedroom Apartment in Hyde Park, SPACIOUS FULLY FURNISHED APARTMENT TO RENT Situated in a prestige area, within close proximity to H",26 Mar 2026,2026-03-27T17:35:59.178021+00:00,to-rent,gauteng,johannesburg-metro,sandton,hyde-park
privateproperty,RR4639864,https://www.privateproperty.co.za/to-rent/gauteng/johannesburg-metro/midrand/erand-gardens/RR4639864,1 Bedroom Apartment in Erand Gardens,6500.0,Erand Gardens,Midrand,Gauteng,Apartment,1.0,1.0,1.0,1.0,,,,,,,"1 Bedroom Apartment in Erand Gardens, Neat and well-maintained 1-bedroom apartment available in Erand Court. The unit features 1 bedroom,",26 Mar 2026,2026-03-27T17:36:03.333529+00:00,to-rent,gauteng,johannesburg-metro,midrand,erand-gardens
privateproperty,RR4639861,https://www.privateproperty.co.za/to-rent/gauteng/johannesburg-metro/sandton/sandown/500-the-capital-on-park/101-katherine-street/RR4639861,2 Bedroom Apartment in Sandown,30000.0,Sandown,Sandton,Gauteng,Apartment,2.0,2.0,2.0,,75.0,,,,1.0,,"2 Bedroom Apartment in Sandown, 500 The Capital on Park, 101 Katherine Street, A cosmopolitan business and leisure resort, The Capital on the Park is luxury apartment hotel that o",26 Mar 2026,2026-03-27T17:36:06.101091+00:00,to-rent,gauteng,johannesburg-metro,sandton,sandown
privateproperty,RR4639860,https://www.privateproperty.co.za/to-rent/gauteng/johannesburg-metro/rosebank-and-parktown/rosebank/RR4639860,2 Bedroom Apartment in Rosebank,22000.0,Rosebank,Rosebank And Parktown,Gauteng,Apartment,2.0,2.0,2.0,,,,,,1.0,Available Now,"2 Bedroom Apartment in Rosebank, Fully Furnished Executive 2 Bedroom 2 bathroom Apartment Luxurious unit in a Newly Developed comple",26 Mar 2026,2026-03-27T17:36:09.961223+00:00,to-rent,gauteng,johannesburg-metro,rosebank-and-parktown,rosebank
privateproperty,RR4639857,https://www.privateproperty.co.za/to-rent/gauteng/johannesburg-metro/rosebank-and-parktown/rosebank/238-the-tyrwhitt/35-bath-ave/RR4639857,2 Bedroom Apartment in Rosebank,20000.0,Rosebank,Rosebank And Parktown,Gauteng,Apartment,2.0,2.0,2.0,2.0,83.0,,,,,,"2 Bedroom Apartment in Rosebank, 238 The Tyrwhitt, 35 Bath Ave, THE ULTIMATE IN LUXURY LIVING The Tyrwhitt is an Iconic Complex in the Heart of Rosebank.",26 Mar 2026,2026-03-27T17:36:12.719703+00:00,to-rent,gauteng,johannesburg-metro,rosebank-and-parktown,rosebank
privateproperty,RR4639856,https://www.privateproperty.co.za/to-rent/gauteng/johannesburg-metro/rosebank-and-parktown/rosebank/RR4639856,2 Bedroom Apartment in Rosebank,22000.0,Rosebank,Rosebank And Parktown,Gauteng,Apartment,2.0,2.0,2.0,,,,,,1.0,Available Now,"2 Bedroom Apartment in Rosebank, Fully Furnished Executive 2 Bedroom 2 bathroom Apartment Luxurious unit in a Newly Developed comple",26 Mar 2026,2026-03-27T17:36:16.415981+00:00,to-rent,gauteng,johannesburg-metro,rosebank-and-parktown,rosebank
privateproperty,RR4639843,https://www.privateproperty.co.za/to-rent/gauteng/johannesburg-metro/sandton/hyde-park/RR4639843,2 Bedroom Apartment in Hyde Park,22500.0,Hyde Park,Sandton,Gauteng,Apartment,2.0,2.0,2.0,,,,,,1.0,Available Now,"2 Bedroom Apartment in Hyde Park, Fully Furnished Executive 2 Bedroom 2 bathroom Apartment Luxurious unit in a Newly Developed comple",26 Mar 2026,2026-03-27T17:36:19.157942+00:00,to-rent,gauteng,johannesburg-metro,sandton,hyde-park
privateproperty,RR4639838,https://www.privateproperty.co.za/to-rent/gauteng/johannesburg-metro/sandton/hyde-park/RR4639838,2 Bedroom Apartment in Hyde Park,22500.0,Hyde Park,Sandton,Gauteng,Apartment,2.0,2.0,2.0,,,,,,1.0,Available Now,"2 Bedroom Apartment in Hyde Park, Fully Furnished Executive 2 Bedroom 2 bathroom Apartment Luxurious unit in a Newly Developed comple",26 Mar 2026,2026-03-27T17:36:22.122382+00:00,to-rent,gauteng,johannesburg-metro,sandton,hyde-park
privateproperty,RR4639812,https://www.privateproperty.co.za/to-rent/gauteng/johannesburg-metro/sandton/morningside/RR4639812,2 Bedroom Apartment in Morningside,15000.0,Morningside,Sandton,Gauteng,Apartment,2.0,1.0,1.0,,86.0,,,,1.0,Available Now,"2 Bedroom Apartment in Morningside, 2 BEDROOM FURNISHED LOFT APARTMENT IN MORNINGSIDE SANDTON Experience stylish, lock-up-and-go living",26 Mar 2026,2026-03-27T17:36:25.391506+00:00,to-rent,gauteng,johannesburg-metro,sandton,morningside
privateproperty,RR4639787,https://www.privateproperty.co.za/to-rent/gauteng/johannesburg-metro/sandton/hyde-park/RR4639787,2 Bedroom Apartment in Hyde Park,20000.0,Hyde Park,Sandton,Gauteng,Apartment,2.0,2.0,2.0,,97.0,,,,1.0,,"2 Bedroom Apartment in Hyde Park, FULLY FURNISHED EXECUTIVE 2 BEDROOM GARDEN APARTMENT IN HYDE PARK This beautifully appointed, fully",26 Mar 2026,2026-03-27T17:36:28.592408+00:00,to-rent,gauteng,johannesburg-metro,sandton,hyde-park
privateproperty,RR4286347,https://www.privateproperty.co.za/to-rent/gauteng/johannesburg-metro/midrand/carlswald-north-estate/26-hill-of-good-hope-2/29-loopers-street/RR4286347,1 Bedroom Apartment in Carlswald North Estate,7400.0,Carlswald North Estate,Midrand,Gauteng,Apartment,1.0,1.0,1.0,,51.0,,,,,,"1 Bedroom Apartment in Carlswald North Estate, 26 Hill of Good Hope 2, 29 Loopers street, Property has prepaid electricity.",26 Mar 2026,2026-03-27T17:36:31.408128+00:00,to-rent,gauteng,johannesburg-metro,midrand,carlswald-north-estate
privateproperty,RR4639783,https://www.privateproperty.co.za/to-rent/gauteng/johannesburg-metro/johannesburg-south/suideroord/RR4639783,1 Bedroom Apartment in Suideroord,5000.0,Suideroord,Johannesburg South,Gauteng,Apartment,1.0,1.0,1.0,,,,,,,,"1 Bedroom Apartment in Suideroord, Charming 1-Bedroom Apartment in Suideroord This neat and well-maintained apartment offers a comfort",26 Mar 2026,2026-03-27T17:36:35.399610+00:00,to-rent,gauteng,johannesburg-metro,johannesburg-south,suideroord
privateproperty,RR4639760,https://www.privateproperty.co.za/to-rent/gauteng/johannesburg-metro/johannesburg-south/rosettenville/37-verona-street/RR4639760,Bachelor apartment in Rosettenville,2100.0,Rosettenville,Johannesburg South,Gauteng,Apartment,1.0,1.0,,,,,,,,Available Now,"Bachelor apartment in Rosettenville, 37 Verona Street, - Lounge: Cozy living area perfect for relaxation - Bathroom: Fully equipped with modern fixtures -",26 Mar 2026,2026-03-27T17:36:38.900112+00:00,to-rent,gauteng,johannesburg-metro,johannesburg-south,rosettenville
privateproperty,RR4639748,https://www.privateproperty.co.za/to-rent/gauteng/johannesburg-metro/johannesburg-central/johannesburg-cbd/450-45-impilo-place/141-rahima-moosa/RR4639748,1 Bedroom Apartment in Johannesburg CBD,3750.0,Johannesburg Cbd,Johannesburg Central,Gauteng,Apartment,1.0,1.0,,,24.0,,,,,Available Now,"1 Bedroom Apartment in Johannesburg CBD, 450-45 Impilo Place, 141 Rahima Moosa, Stylish Inner-City Apartments Near FNB Bank City LIMITED OFFER: FLEXI DEPOSIT OPTION AVAILABLE | Ts",26 Mar 2026,2026-03-27T17:36:42.342332+00:00,to-rent,gauteng,johannesburg-metro,johannesburg-central,johannesburg-cbd
privateproperty,RR4639743,https://www.privateproperty.co.za/to-rent/gauteng/johannesburg-metro/johannesburg-central/johannesburg-cbd/450-44-springbok-hotel/69-joubert/RR4639743,Studio Apartment in Johannesburg CBD,2400.0,Johannesburg Cbd,Johannesburg Central,Gauteng,Apartment,0.5,1.0,,,13.0,,,,,Available Now,"Studio Apartment in Johannesburg CBD, 450-44 Springbok Hotel, 69 Joubert, Affordable Inner-City Apartments with Easy Transport Access LIMITED OFFER: FLEXI DEPOSIT OPTION AVA",26 Mar 2026,2026-03-27T17:36:46.360925+00:00,to-rent,gauteng,johannesburg-metro,johannesburg-central,johannesburg-cbd
privateproperty,RR4639731,https://www.privateproperty.co.za/to-rent/gauteng/johannesburg-metro/midrand/carlswald/RR4639731,1 Bedroom Apartment in Carlswald,7500.0,Carlswald,Midrand,Gauteng,Apartment,1.0,1.0,1.0,,,,,,,,"1 Bedroom Apartment in Carlswald, Modern 1-Bedroom Ground Floor Apartment to Rent The West End, Midrand Experience stylish, secure",26 Mar 2026,2026-03-27T17:36:48.978629+00:00,to-rent,gauteng,johannesburg-metro,midrand,carlswald
privateproperty,RR4639725,https://www.privateproperty.co.za/to-rent/gauteng/johannesburg-metro/sandton/bryanston/RR4639725,2 Bedroom Apartment in Bryanston,23000.0,Bryanston,Sandton,Gauteng,Apartment,2.0,3.5,2.0,,126.0,,,,,,"2 Bedroom Apartment in Bryanston, Welcome to a beautifully crafted luxury ground-floor apartment featuring exclusive interior design a",26 Mar 2026,2026-03-27T17:36:52.718844+00:00,to-rent,gauteng,johannesburg-metro,sandton,bryanston
privateproperty,RR4639724,https://www.privateproperty.co.za/to-rent/gauteng/johannesburg-metro/sandton/morningside/RR4639724,1 Bedroom Apartment in Morningside,9250.0,Morningside,Sandton,Gauteng,Apartment,1.0,1.0,1.0,,,,,,,Available 1 May 2026,"1 Bedroom Apartment in Morningside, Bedroom 1 Bathroom Apartment To Rent Spacious unit located in a upmarket and secure complex. In the",26 Mar 2026,2026-03-27T17:36:55.419559+00:00,to-rent,gauteng,johannesburg-metro,sandton,morningside
privateproperty,RR4639715,https://www.privateproperty.co.za/to-rent/gauteng/johannesburg-metro/midrand/kyalami/RR4639715,3 Bedroom Apartment in Kyalami,16000.0,Kyalami,Midrand,Gauteng,Apartment,3.0,20.0,2.0,,131.0,,,,,Available Now,"3 Bedroom Apartment in Kyalami, Contemporary 3-Bedroom Apartment in Secure Lifestyle Estate Kyalami Positioned in the heart of Kya",26 Mar 2026,2026-03-27T17:36:59.713629+00:00,to-rent,gauteng,johannesburg-metro,midrand,kyalami
privateproperty,RR4639697,https://www.privateproperty.co.za/to-rent/gauteng/johannesburg-metro/north-riding-to-lanseria/jackal-creek-northriding/jackal-creek-golf-estate/RR4639697,1 Bedroom Apartment in Jackal Creek Golf Estate,7000.0,Jackal Creek Northriding,North Riding To Lanseria,Gauteng,Apartment,1.0,1.0,2.0,,51.0,,,,,Available Now,"1 Bedroom Apartment in Jackal Creek Golf Estate, AVAILABLE IMMEDIATELY Augusta First Floor Apartment This spacious first-floor apartment offers mod",26 Mar 2026,2026-03-27T17:37:02.599940+00:00,to-rent,gauteng,johannesburg-metro,north-riding-to-lanseria,jackal-creek-northriding
privateproperty,RR2894869,https://www.privateproperty.co.za/to-rent/gauteng/johannesburg-metro/sandton/buccleuch/29-parkville-place-eco-estate/65-parkville-road/RR2894869,1 Bedroom Apartment in Buccleuch,6400.0,Buccleuch,Sandton,Gauteng,Apartment,1.0,1.0,1.0,1.0,48.0,2.0,,,,,"1 Bedroom Apartment in Buccleuch, 29 Parkville Place eco estate, 65 Parkville road, STUNNING 1 BED 1 BATH This stunning modern 1 bedroom unit is in a lovely quiet complex that is in cl",26 Mar 2026,2026-03-27T17:37:05.250661+00:00,to-rent,gauteng,johannesburg-metro,sandton,buccleuch
privateproperty,RR4639683,https://www.privateproperty.co.za/to-rent/gauteng/johannesburg-metro/sandton/sandhurst/RR4639683,2 Bedroom Apartment in Sandhurst,18500.0,Sandhurst,Sandton,Gauteng,Apartment,2.0,1.0,2.0,,,,,,1.0,Available Now,"2 Bedroom Apartment in Sandhurst, Located along the prestigious sought-after suburb of Sandhurst, this beautifully appointed two-bedr",26 Mar 2026,2026-03-27T17:37:09.009074+00:00,to-rent,gauteng,johannesburg-metro,sandton,sandhurst
privateproperty,RR4639662,https://www.privateproperty.co.za/to-rent/gauteng/johannesburg-metro/northcliff/roosevelt-park/franklin-roosevelt-park/8-olive-schreiner/11-olive-schreiner-street/RR4639662,2 Bedroom Apartment in Franklin Roosevelt Park,8198.0,Roosevelt Park,Northcliff,Gauteng,Apartment,2.0,2.0,3.0,,,,,,,,"2 Bedroom Apartment in Franklin Roosevelt Park, 8 Olive Schreiner, 11 Olive Schreiner Street, This fully tiled, 2-bedroom, 2-bathroom apartment on the first floor offers a spacious and comfortab",26 Mar 2026,2026-03-27T17:37:12.091283+00:00,to-rent,gauteng,johannesburg-metro,northcliff,roosevelt-park
privateproperty,RR4639644,https://www.privateproperty.co.za/to-rent/gauteng/johannesburg-metro/sandton/morningside/RR4639644,3 Bedroom Apartment in Morningside,39000.0,Morningside,Sandton,Gauteng,Apartment,3.0,2.5,2.0,2.0,,,,,1.0,,"3 Bedroom Apartment in Morningside, Luxury Furnished Three-Bedroom Apartment | 22 West Road South, Sandton with Staff Quarters Step in",26 Mar 2026,2026-03-27T17:37:14.820107+00:00,to-rent,gauteng,johannesburg-metro,sandton,morningside
privateproperty,RR4639642,https://www.privateproperty.co.za/to-rent/gauteng/johannesburg-metro/midrand/noordwyk/RR4639642,3 Bedroom Apartment in Noordwyk,20000.0,Noordwyk,Midrand,Gauteng,Apartment,3.0,2.0,2.0,,,,,,1.0,Available Now,"3 Bedroom Apartment in Noordwyk, Discover modern living at Franklin on 8th, Noordwyk. This spacious ground floor apartment offers 3 b",26 Mar 2026,2026-03-27T17:37:18.177231+00:00,to-rent,gauteng,johannesburg-metro,midrand,noordwyk
privateproperty,RR4639622,https://www.privateproperty.co.za/to-rent/gauteng/johannesburg-metro/midrand/waterfall-estate/RR4639622,1 Bedroom Apartment in Waterfall Estate,8500.0,Waterfall Estate,Midrand,Gauteng,Apartment,1.0,1.0,1.0,,37.0,,,,0.0,Available Now,"1 Bedroom Apartment in Waterfall Estate, This modern 1 bedroom, 1 bathroom first floor apartment is located in the highly sought-after Munyak",26 Mar 2026,2026-03-27T17:37:21.446463+00:00,to-rent,gauteng,johannesburg-metro,midrand,waterfall-estate
privateproperty,RR4639617,https://www.privateproperty.co.za/to-rent/gauteng/johannesburg-metro/johannesburg-central/johannesburg-cbd/1604-shell-house/51-plein-street/RR4639617,Studio Apartment in Johannesburg CBD,3700.0,Johannesburg Cbd,Johannesburg Central,Gauteng,Apartment,0.5,1.0,,,33.0,,,,,Available Now,"Studio Apartment in Johannesburg CBD, 1604 Shell House, 51 Plein Street, We having a big special. NO DEPOSIT FOR THE MONTH OF APRIL and 50 OFF FIRST MONTHS RENT. SPECIAL OF",26 Mar 2026,2026-03-27T17:37:25.147375+00:00,to-rent,gauteng,johannesburg-metro,johannesburg-central,johannesburg-cbd
privateproperty,RR4639578,https://www.privateproperty.co.za/to-rent/gauteng/johannesburg-metro/rosebank-and-parktown/waverley/RR4639578,3 Bedroom Apartment in Waverley,16000.0,Waverley,Rosebank And Parktown,Gauteng,Apartment,3.0,2.0,2.0,,92.0,,,,,Available Now,"3 Bedroom Apartment in Waverley, The Gold Standard of Reliability: Luxury 3-Bedroom Living in Waverley Experience the perfect balance",26 Mar 2026,2026-03-27T17:37:27.750354+00:00,to-rent,gauteng,johannesburg-metro,rosebank-and-parktown,waverley
privateproperty,RR4016373,https://www.privateproperty.co.za/to-rent/gauteng/johannesburg-metro/soweto/pimville/klipspruit/RR4016373,2 Bedroom Apartment in Klipspruit,6500.0,Pimville,Soweto,Gauteng,Apartment,2.0,1.0,1.0,,,,,,,,"2 Bedroom Apartment in Klipspruit, Step into comfortable and secure living with this modern 2-bedroom apartment for rent in the sought-",26 Mar 2026,2026-03-27T17:37:31.863821+00:00,to-rent,gauteng,johannesburg-metro,soweto,pimville
privateproperty,RR4560077,https://www.privateproperty.co.za/to-rent/gauteng/johannesburg-metro/midrand/noordwyk/73-riverwalk/2-boxwood-st-street/RR4560077,1 Bedroom Apartment in Noordwyk,4500.0,Noordwyk,Midrand,Gauteng,Apartment,1.0,1.0,1.0,,,,,,1.0,,"1 Bedroom Apartment in Noordwyk, 73 Riverwalk, 2 Boxwood St Street, Private Room in Shared Apartment to rent Water and Electricity Included Rent: R 4,500.00 per mont",26 Mar 2026,2026-03-27T17:37:35.113654+00:00,to-rent,gauteng,johannesburg-metro,midrand,noordwyk
